FID,fclass,name,X,Y
0,golf_course,Peshawar Golf Club,71.561833836399998,34.018302614699998
1,park,Fatima Jinnah Park,73.022208248300004,33.701485905600002
2,graveyard,اسلام آباد قبرستان,73.065770545800007,33.686030802600001
3,golf_course,ڈی ایچ اے گالف کلب,67.098194224899999,24.772835395400001
4,picnic_site,Khanpur Dam,72.942858892399997,33.810548782700003
5,park,Rawalpindi Race Course,73.034688230800000,33.604847380599999
6,park,Liaquat Bagh,73.063459452600000,33.606251808800003
7,park, ,73.094570901400004,33.581852027499998
8,golf_course,Rawalpindi Golf Course,73.078699309900003,33.575204434299998
9,park,CDA Public Park,73.034274529900003,33.685724587199999
10,park, ,73.018206448000001,33.690114218200002
11,sports_centre,Hockey Ground,73.033376274700004,33.695198182699997
12,school,Fed Govt Primary School #32,73.035072047200003,33.696022013399997
13,park,Community Park,73.036183898999994,33.696956533799998
14,school, ,73.031410333899998,33.684803256599999
15,police,Shalimar Police Station,72.999931759500001,33.693913813400002
16,hospital,Pakistan Institute for Medical Sciences (PIMS),73.052152672700004,33.702361734900002
17,park,Children's Park,73.077632303399994,33.735123932699999
18,school,Fed Govt Junior Model School #68,73.039117272699997,33.691744306099999
19,school,F.G. Secondary School No. 14,73.029516837399996,33.682547545500000
20,golf_course,Karachi Golf Club,67.104616612100003,24.886655241400000
21,playground, ,73.034452952899997,33.714558810500002
22,college,OPF Girls College,73.037586592500006,33.714799124499997
23,college,Islamabad Model College for Boys F-8/4,73.041844067599996,33.708352033099999
24,park, ,73.083312895299997,33.590090017900003
25,park, ,73.006255493899999,33.687688552700003
26,park,Chota Park,73.017348079200005,33.684864254600001
27,park, ,73.017637543500001,33.684482352700002
28,park, ,73.042296093499999,33.725053213899997
29,park, ,73.048645648199994,33.716685796500002
30,park, ,73.046261911299993,33.723807708999999
31,park,Deer Enclosure,73.047852084799999,33.716095272899999
32,college,Federal Government College for Girls,73.051270029899996,33.717908239200000
33,playground,Rugby Ground,73.006682338199994,33.684905203400000
34,school, ,73.006965238899994,33.690158583399999
35,school,Islamabad Model College for Boys,73.059135053299997,33.727783802200001
36,school, ,73.005035430299998,33.685944839699999
37,playground,Hockey Ground,73.004450624300006,33.685624233600002
38,playground, ,73.053021561700007,33.715873673600001
39,school, ,73.072840710099996,33.730354441300001
40,school,F.G. Primary School,73.042958742799996,33.687098483699998
41,park,G-9/4 Park and Playground,73.040956663200006,33.686793891699999
42,school,Islamabad Model High School For Girls,73.040304037200002,33.688449260900001
43,college,FG Boys Model School G-9/4,73.037797760700002,33.687927452899999
44,sports_centre,Liaquat Gymnasium,73.094637474199999,33.703281193700001
45,pitch, ,73.098329524400000,33.702353245899999
46,pitch, ,73.096949124299996,33.702514097300003
47,stadium,Jinnah Stadium,73.092849721199997,33.700408650000000
48,sports_centre, ,73.095671374099993,33.701287139100003
49,playground, ,73.096981299999996,33.701231399999998
50,school,Jamia Afridia,73.051098660600005,33.731168230700000
51,hospital,Noori Hospotsal,73.054667977400001,33.699999656700001
52,school,FG Girls Model School G-9/3,73.035442805100004,33.692836855400003
53,park,Rose Garden Park,73.085745964899999,33.587489699999999
54,park, ,73.090534158400004,33.586577523199999
55,park, ,73.088571933099999,33.588658534399997
56,sports_centre,Islamabad Club,73.105825916699999,33.705345621100001
57,golf_course,Islamabad Golf Club,73.105097488400006,33.701071413500003
58,pitch,Shalimar Cricket Ground,73.074505193500002,33.739249772900003
59,park,Bara Park,73.019704678300002,33.686246979800003
60,playground, ,73.075096724800005,33.674364726500002
61,park, ,73.077730646299997,33.670883959999998
62,park, ,73.074787422499995,33.670286765900002
63,playground, ,73.073896113000004,33.671091306699999
64,park,Jinnah Park,73.073749491900003,33.584744532099997
65,park,Sarwar Park,73.058829186200001,33.589456970100002
66,park,Shah Balut Park,73.047138202400006,33.595887286299998
67,park,Park,73.037327096499993,33.688869265199997
68,school, ,73.062172561699995,33.608841372699999
69,school, ,73.077081324700004,33.605097661000002
70,school,Viqaar Un Nisa Women College,73.073657263200005,33.601777464900003
71,college, ,73.068975411300002,33.601826567899998
72,hospital,Benazir Bhutto Hospital,73.071715227200002,33.627607187700001
73,stadium,CDA Cricket Stadium,73.031354078199996,33.681023895599999
74,park, ,73.081795598100001,33.665779451399999
75,park, ,73.076474253800001,33.665066568400000
76,park, ,73.076346450000003,33.661586049999997
77,park, ,73.078406400000006,33.662650450000001
78,park, ,73.074217735500000,33.664227688700002
79,park, ,73.066513713600003,33.663124441900003
80,park, ,73.068899478999995,33.662571289100001
81,hospital,Shifa International Hospital,73.066574898400006,33.675934541200000
82,school,The City School,73.064458823799995,33.678503073500003
83,school, ,73.065950047900003,33.681965283499999
84,park, ,73.010441243499997,33.673065170900003
85,park,Children Park,73.013620265000000,33.670764854200002
86,school, ,73.014443057799994,33.671640336599999
87,park, ,73.012133729400006,33.672369256300001
88,park, ,73.012818631800002,33.674533945900002
89,park, ,72.994464414700005,33.669625984000000
90,park, ,72.992784234699997,33.673524839899997
91,park,Multipurpose Public Park,73.020989951800004,33.680206104500002
92,park,kids Park,73.022241191600003,33.679738754600002
93,park,Square Park,73.023544623099994,33.679041730999998
94,park, ,73.025418679100000,33.676312488000001
95,college,Islamabad Model College for Boys,73.021876511299993,33.675947099299997
96,park,Park,73.019656901800005,33.683195067000000
97,school,Islamabad model school for boys G-10/3,73.019112030000002,33.687190094300000
98,school, ,73.015383053999997,33.685294447399997
99,park, ,73.063739468600005,33.584980473599998
100,park,Allama Iqbal Park,73.076769389000006,33.648568672700002
101,stadium,Rawalpindi Cricket Stadium,73.076050512300000,33.651503149100002
102,park,Roomi Park,73.043109542600007,33.599208941999997
103,park, ,73.080232686800002,33.604334773300003
104,graveyard,Jadeed Qabristan,73.072358472000005,33.609155812899999
105,park, ,73.069642993200006,33.614678756899998
106,graveyard,Shah De Tahlian,73.066054366399996,33.610749435700001
107,park, ,73.067643813199993,33.640071145000000
108,college, ,73.065180516799998,33.641952318700000
109,hospital,Holy Family Hospital,73.057077651200004,33.640560002800001
110,park,Argentina Park,73.083887089000001,33.719626335199997
111,park, ,73.015789201600001,33.689015982500003
112,school,Sadiq Public School,71.656238212199995,29.376420171600000
113,park,Gulzar-e-Sadiq,71.666313888700003,29.391296557499999
114,pitch,Bahawalpur Stadium,71.684362591300001,29.404063389200001
115,school, ,73.030721063800002,33.646923130499999
116,playground, ,73.032945658200006,33.646821987700001
117,park, ,73.034598549199998,33.647206167299998
118,playground, ,73.031693290500002,33.649551495499999
119,school, ,73.032606302999994,33.648315504000003
120,school, ,73.033167219500001,33.649115565099997
121,park, ,73.031144638699999,33.651824300500003
122,park, ,73.029393575200004,33.651590042300001
123,pitch, ,73.042818941799993,33.645419447700000
124,school, ,73.043211412900007,33.644901300000001
125,school, ,73.045210826399995,33.646646016900000
126,school, ,73.047262335499994,33.646381005800002
127,park, ,73.071823950099997,33.676188569899999
128,school, ,73.079594658299996,33.709807886400000
129,playground, ,73.083717977700005,33.712215099500000
130,school,Federal Government Girls Model School,73.085275469699994,33.712763084999999
131,school, ,73.082955917400000,33.707292909499998
132,playground,Embassy Ground,73.099382994300001,33.713482995800000
133,hotel,Islamabad Hotel,73.084336054000005,33.716042175799998
134,school,FG Boys Model School,73.095212609000001,33.715432158799999
135,school, ,73.089684524800006,33.713725882100000
136,school,F.G Model School No. 36 G-9/2,73.024520808000005,33.688980751300001
137,college,FG Girls College No. 9 G-9/2,73.027794435000004,33.688516264000000
138,school,Islamabad Model School for Girls,73.045657645000006,33.695718782699998
139,school,FG Junior Model School,73.046665024700005,33.692701933899997
140,playground, ,73.048323516400004,33.691235907299998
141,library,National Library,73.101634403299997,33.726776503499998
142,town_hall,Federal Board of Revenue,73.095892216999999,33.727265432700001
143,hospital,Al Ihsan Hospital,73.061229501300005,33.599012795599997
144,stadium,KRL Cricket Ground,73.105659130500001,33.618913583800001
145,school,National Training Center for Special Persons,73.030787745900000,33.692771790999998
146,playground, ,73.026214262899998,33.687418863200001
147,school, ,73.044891852899994,33.700029325300001
148,park, ,73.044237095800000,33.700967593800002
149,park, ,72.997008500999996,33.675831057000003
150,park, ,72.992687459300001,33.666525391900002
151,playground,Public Park,72.999089499999997,33.663696600000002
152,park,CDA G-11/2 Park,72.987793561700002,33.670912638600001
153,hotel,Pearl Continental Hotel,73.056133426800002,33.588610792600001
154,school, ,73.075368119000004,33.663096915399997
155,school,Islamabad Model College for Boys,73.067448499700006,33.666068678000002
156,playground, ,73.074575898500001,33.662689482899999
157,hospital,DHQ Hospital,73.053134771900005,33.612744421899997
158,hospital,Armed Forces Institute of Cardiology,73.044874354499996,33.597172250000000
159,graveyard,Harley Street Cemetery (Gora Kabrastan),73.049876895400004,33.577261232399998
160,school,FG Girls Higher Secondary School,73.057090973699999,33.696141886699998
161,school,FG Boys Model School,73.058060769099995,33.693591661299997
162,school,FG Junior Model School,73.054214283400000,33.696030178900003
163,school,FG Girls Model Middle School,73.059318575299997,33.694436381599999
164,school,Islamabad Model School,73.059165971900001,33.697662108700001
165,post_office,General Post Office (GPO),73.084709766800003,33.717954426900000
166,police,Aabpara Police Station,73.084329555799997,33.717650314600000
167,bank,National Bank of Pakistan,73.085155860499995,33.717207371400001
168,university,Center for Advanced Studies in Engineering,73.096758237100005,33.719317402300000
169,school,Islamabad College for Boys,73.087471742800005,33.721272751000001
170,post_office,Rawalpindi GPO,73.051294958400007,33.594725388800001
171,courthouse,Supreme Court of Pakistan,73.098455178699993,33.727815818899998
172,hotel,Islamabad Marriott Hotel,73.087116648899993,33.732712048700002
173,park, ,73.027266056599998,33.723799210499998
174,college,FG College for Women,73.018833630700001,33.679645880800003
175,park, ,73.017279301900004,33.682600208899999
176,school,FG Junior Model School # 43,73.023966184000002,33.677464491800002
177,school,FG Girls Model School,73.064078341799998,33.704475498800001
178,park, ,73.065736209999997,33.708977294800000
179,park,Quaid-e-Azam Park,73.060400367699998,33.646380868100003
180,park,F-Block Park,73.060389502800007,33.644431143399999
181,college, ,73.073047816200003,33.671507581599997
182,park, ,73.072128676800006,33.633027143100001
183,park, ,73.070548748799993,33.630605250800002
184,park, ,73.060728096500000,33.630676770800001
185,school, ,73.070178499299999,33.682460024400001
186,school, ,73.071238358800002,33.681557740999999
187,park, ,74.390377483199998,31.550213670400002
188,graveyard, ,74.406657320999997,31.555348216599999
189,picnic_site,Kahan Bala Dam,72.963442702300000,33.932020959699997
190,school, ,73.053886567199996,33.714721001800001
191,park,Talib Chaman Park,67.050224464099998,24.958401497899999
192,park, ,67.098098927999999,24.936519295699998
193,playground,Hakeem Muhammad Saeed Play Ground,67.084998701700002,24.908118726700000
194,pitch,Noor Ali Trust Grounds,67.012582443699998,24.812103518899999
195,park,Umer Sharif Park,67.013669614799994,24.815226813599999
196,pitch,Army Hockey Stadium,73.053171547999995,33.590349031300001
197,pitch,Pindi Cricket Club,73.051907773300002,33.591397315300000
198,hospital,Combined Military Hospital,73.049576981700000,33.580262644900003
199,graveyard,Qadeemi Kabaristan,73.070299632300006,33.611149901499999
200,graveyard,Dhok Khabba Kabaristan,73.077766309200001,33.612565543999999
201,park,Fateh Bagh,67.045839862299999,24.926614281300001
202,sports_centre,Custom Sports Complex,67.082187743199995,24.930697971499999
203,park,Talem-E-Bagh,67.071720161200005,24.928591052200002
204,park, ,67.081933102999997,24.928583803500000
205,park,Umm-e-Huzaifa Park,67.061500115300007,24.955317237900001
206,park,Globe Park,67.077118437999999,24.949529031099999
207,park,Ladies Park,67.076570982600003,24.941364213300002
208,park, ,67.074158859700006,24.942068118800002
209,monument,Tomb of Jahangir,74.301712104600000,31.622548869100001
210,park,Tomb of Jahangir,74.301712104600000,31.622548869100001
211,attraction,Tomb of Jahangir,74.301712104600000,31.622548869100001
212,park, ,74.294081904799995,31.620891776200001
213,attraction, ,74.294081904799995,31.620891776200001
214,park,Sir Syed Park,67.067689829399995,24.936994355000000
215,park,Afican Safari,67.066937194600001,24.941284367800002
216,park,Tariq Mohiuddin Shaheed Park,67.076529387500003,24.926995593899999
217,park, ,67.077068873399995,24.929537836600002
218,park,Bara Dari,67.079954400000005,24.929699605300002
219,park, ,67.075613988399994,24.932091108400002
220,park, ,67.074532798600004,24.931193383600000
221,park, ,67.077665007799993,24.925304161000000
222,park, ,67.070932299999996,24.922499649999999
223,park, ,67.077159199999997,24.923674500000001
224,park,Azizabad Park,67.065379058399998,24.918113885299999
225,park,Jinnah Ground - FB Area,67.065441528999997,24.920721008499999
226,park,Morr Park,67.067596150000000,24.918626450000001
227,pitch, ,67.078322103999994,24.892002374499999
228,park, ,67.106652157400006,24.914361985100001
229,park,Zamzama Park,67.038429947300003,24.814867468500001
230,pitch,NBP Cricket Ground,67.031793610799994,24.811400213799999
231,hospital,Agha Khan University Hospital,67.074432407100005,24.892643718500000
232,hospital,Liaquat National Hospital,67.067975025600006,24.891613009099999
233,museum,PIA Planetarium,67.077526387099994,24.903088359000002
234,graveyard,PECHS Qabrastan,67.055054441300001,24.866757506900001
235,park,Hill Park,67.071060240500003,24.868927748800001
236,park,Jheel Park,67.063213291400004,24.870657229399999
237,park,سفاری باغ,67.112507833899997,24.920318103000000
238,park,Pakistan Maritime Museum,67.090278010099993,24.886256149600001
239,park, ,67.023335963999997,24.849531167500000
240,hospital,Yahya Welfare Complex,72.928482597599995,33.995207643599997
241,supermarket, ,72.927374305200004,33.992827443099998
242,pitch, ,72.931178691200003,33.994010741200000
243,school, ,72.927580229800000,33.993830295899997
244,pitch, ,72.921041169000006,33.969945347699998
245,picnic_site,Bhuttri Dam,73.039004892899996,33.944052104800001
246,school,Govt. Model Middle School,72.930395334200000,33.996842079200000
247,college,Degree College For Men,72.901087872100007,33.987359441300001
248,playground, ,72.857133515399994,33.931996707000003
249,supermarket,Sadar Bazar,72.932459967200003,33.994049662199998
250,school, ,72.930879158699994,34.000620838200000
251,supermarket,Silkway Plaza,72.938180471899997,33.994855372400004
252,park,Zafar Park,72.931188890100003,33.995223119899997
253,supermarket, ,72.930981445300006,33.992653919399999
254,supermarket, ,72.931574521000002,33.992152700900000
255,supermarket,Sadar Bazar,72.932812235900002,33.993947505900003
256,supermarket, ,72.928201877999996,33.994748069899998
257,hospital,Sadi Hospital,72.926876205300005,33.994744534299997
258,supermarket, ,72.930501546100004,33.999090904600003
259,park, ,72.930715452200005,34.001235736500000
260,school,G.H.School No.2,72.940497421499998,33.998426819099997
261,school,Telecom Boys's Public School,72.928930242800007,33.975636524899997
262,school,Katu Khawteen Centre,72.914654882899995,33.988607957799999
263,school,Jinnah Hall Public School,72.916144733300001,33.989198045700000
264,park, ,72.934207748800006,33.994604555199999
265,pitch,Railway Station,72.928755842399994,33.985599492600002
266,cinema,Blue Moon Cinema,72.929725700000006,33.987997049999997
267,supermarket, ,72.941529201899996,33.994528192899999
268,supermarket, ,72.927735654100005,33.992913756599997
269,supermarket, ,72.927112993899996,33.992810720599998
270,ruins,Khandak (Forte),72.940508738199995,34.001618547400000
271,hospital,Civil Hospital Haripur,72.932422447799993,33.995099422899997
272,supermarket, ,72.937266319900004,33.994026486499997
273,supermarket, ,72.926722943599998,33.995498939800001
274,hospital,Noor Surgical Hospital,72.929046025299996,33.994993796800003
275,park, ,73.071275661900003,31.423785336300000
276,bank,State Bank of Pakistan,73.089393318099994,31.418684612400000
277,school,Govt. Pilot Girl's School,72.935227402899997,33.995316120100000
278,supermarket, ,72.946188453000005,33.995171976000002
279,supermarket, ,72.981508360399999,33.986089677999999
280,supermarket, ,72.942352475099995,33.994096399699998
281,supermarket, ,72.927028525300003,33.995390813999997
282,public_building, ,72.922158475900005,33.994164060199999
283,school,G.H.S. No.1,72.933555129499993,33.993837374599998
284,supermarket, ,72.944032077499998,33.995060392200003
285,supermarket, ,72.945103918900003,33.994806887199999
286,supermarket, ,72.938292880600002,33.994374415099998
287,supermarket,Tahmoor Building,72.939513463500006,33.995043248899997
288,supermarket, ,72.935604227900001,33.995957480500003
289,supermarket, ,72.793413747399995,33.915215506199999
290,supermarket, ,72.792820543900007,33.914867882499998
291,picnic_site,Mang Lake,72.918963634999997,33.907416226400002
292,park,Nishat Park,74.386022390400001,31.495305650799999
293,pitch, ,74.336752238100004,31.511248510300000
294,stadium,Punjab Stadium,74.331951268200001,31.510787835599999
295,graveyard,Gora Qabristan,71.529565378699999,34.007662353699999
296,park, ,71.482591197600001,30.203739036399998
297,park, ,71.473162134700004,30.226115959900000
298,park, ,71.476343863099999,30.228371378900000
299,stadium, ,71.474060319499998,30.197668532100000
300,pitch, ,71.452846908599994,30.192520051300001
301,school, ,73.038169848199999,33.641119858000003
302,pitch, ,73.040463903200006,33.642931782700003
303,playground, ,73.034645965899998,33.640829833300003
304,school, ,73.035046467900003,33.640337379800002
305,college, ,73.092522903800003,33.643439563000001
306,park, ,74.257405788300005,31.408714850900001
307,park, ,74.255702311799993,31.406666438900000
308,park, ,74.258704033000001,31.403780705999999
309,park, ,74.252884553499996,31.408822735699999
310,playground, ,74.258358288599993,31.413227246100000
311,pitch, ,74.259968666099994,31.416315525300000
312,park, ,71.472882204100003,30.221537052999999
313,park,Jinnah Park,71.510195265299998,30.188780703500001
314,university, ,67.264641335099995,24.856917673900000
315,graveyard,Gora Qabristan (European Cemetery),67.049992941400006,24.855677328999999
316,stadium,Zamzama Hockey Stadium DHA,67.050050289300003,24.813498963800001
317,park,Aunty Park,67.027623556699993,24.819732277600000
318,park,Bagh-e-Rustam,67.025555204200003,24.815486280199998
319,park,Ameer Khusro Park,67.030854177699993,24.813272164499999
320,park, ,71.481779264699995,30.197575934300001
321,sports_centre, ,73.073947784900000,33.728365069200002
322,playground,11 Star Cricket Ground,73.035517776000006,33.698303774800003
323,playground, ,73.019493939699998,33.689848664899998
324,park, ,71.474953348300005,30.211114807900000
325,university,Bahauddin Zakariya University,71.506100047199993,30.266740781599999
326,pitch, ,71.524770478899995,30.170761427100000
327,public_building, ,71.506269988900002,30.256411021100000
328,public_building, ,71.504684430899999,30.256679760699999
329,public_building, ,71.502924941299995,30.256602920799999
330,public_building, ,71.503278299800002,30.257022545500000
331,attraction,Wagah Border,74.572275618099994,31.604682021599999
332,stadium,Abdul Sattar Edhi Stadium,67.038249387299999,24.850400904800001
333,pitch, ,67.038155165000006,24.850351347299998
334,pitch, ,67.038161372999994,24.850382061700000
335,pitch, ,67.018107109599995,24.892892907299998
336,pitch,Gabol Park,67.005499079000003,24.872916570099999
337,park, ,67.003491971100004,24.865836742900001
338,pitch,Police Field Hockey and Football Ground,67.021311163299998,24.869620465800001
339,pitch, ,67.011756223700004,24.870820680900000
340,pitch, ,67.025714426199997,24.876425637400001
341,pitch, ,67.027763543999995,24.877792270200001
342,pitch,YMCA Hockey Ground,67.024856782800001,24.852874649299999
343,swimming_pool, ,67.021175349999993,24.851845350000001
344,stadium, ,66.988280932699993,24.858543885400000
345,pitch, ,66.988351056100001,24.858564023900001
346,stadium, ,66.991615459100004,24.850837199200001
347,stadium,Soccer,66.991437736999998,24.850876522200000
348,pitch, ,67.039469104199995,24.848135328900000
349,park,Jinnah Park,67.205228930399997,24.944469615399999
350,embassy,Russian Consulate,67.029193048300002,24.807195315900000
351,park,Shamim Bhai Park,67.057115585199995,25.001130024199998
352,university,Library Building,74.408548018199994,31.470249986500001
353,pitch,Cricket Ground,74.412157157199999,31.468493159200001
354,pitch,Football Field,74.413405629699994,31.467999003399999
355,pitch,Rugby Field,74.414317320099997,31.467842238799999
356,pitch,Tennis Court,74.411285847100004,31.469637367099999
357,pitch,Volleyball Court,74.411221425600004,31.470013432399998
358,hostel,Male Hostel 6,74.412006033200001,31.471089594300000
359,hostel,Male Hostel 2,74.412924961000002,31.470343482800001
360,hostel,Male Hostel 3,74.412032826599997,31.470452605500000
361,sports_centre,Syed Maratib Ali Shah Sports Complex,74.410786275600003,31.469281429700001
362,hostel,Male Hostel 1,74.412410560900000,31.470016648600001
363,hostel,Male Hostel 5,74.411682374899996,31.470882290900001
364,hostel,Male Hostel 4,74.412541320599999,31.470776851299998
365,university,Rausing Executive Development Centre,74.410094507799997,31.470032620500000
366,university,School of Sciences and Engineering,74.411254776000007,31.471976761800001
367,university,Academic Block,74.409416092599997,31.470805774100000
368,hostel,Female Hostels 1,74.407567063900004,31.470028559500001
369,university,Suleman Dawood School of Business,74.409782807400006,31.468836857100001
370,hostel,Female Hostels 2,74.407965107999999,31.469577936800000
371,hostel,Female Hostels 3,74.408007019699994,31.469957587800000
372,university, ,74.410717351599999,31.469913782300001
373,pitch, ,67.033210398300000,24.920196864800001
374,park, ,67.026727257900006,24.886867127399999
375,park,Admin Lawn,68.759669435600003,27.492378347100001
376,school, ,68.873712303000005,27.693591930099998
377,fire_station, ,68.872991650000003,27.692820699999999
378,pitch,Younus Stadium,72.045509564200003,34.200411400800000
379,police,Sukkur High Court,68.849804800000001,27.694947249999998
380,park, ,73.083275604099995,31.436647777000001
381,park, ,73.088428074800007,31.430742439599999
382,park, ,73.086727182000004,31.440817417800002
383,stadium,Iqbal Stadium,73.085770763100001,31.433773336900000
384,golf_course,Faisalabad Golf Course,73.084570917999997,31.435165952100000
385,park,Jinnah Garden,73.085361857999999,31.426955915400001
386,pitch,Bhooranwali Cricket Ground,73.083584390400006,31.428085895100001
387,attraction,Chenab Club,73.088757861500000,31.424563910000000
388,theme_park,Fun Land,73.086882870400004,31.432653255900000
389,theme_park,Sindbad,73.087161053200006,31.434371979700000
390,graveyard, ,73.088837833900001,31.439257885100002
391,stadium, ,72.773741451000006,33.755826040199999
392,pitch,PMC Cricket Pitch,73.085790182200000,31.453441187599999
393,park, ,73.082630499999993,31.453259450000001
394,park, ,73.043203000000005,31.444391299999999
395,pitch, ,73.015876031999994,31.436265701699998
396,college,Cadet College Hasan Abdal,72.676640140299995,33.819261455600000
397,park,Kaleem Shaleed Park,73.033703574800001,31.433718323899999
398,park,Chudary Rehmat Park,73.045008943499994,31.433875610200001
399,park, ,73.047863750000005,31.436630350000001
400,park, ,73.050280450000002,31.438939800000000
401,park, ,73.183661150000006,31.570775149999999
402,park, ,73.069211052300005,31.420167766599999
403,park, ,73.066224928699995,31.419939204999999
404,park, ,73.066197599999995,31.422473149999998
405,park, ,73.066572790600006,31.418336860899998
406,park, ,73.061223948399999,31.421031971500000
407,park, ,73.061764112299997,31.423865290500000
408,park, ,73.060864988199995,31.422603745499998
409,park, ,73.057937577299995,31.423407831500000
410,park, ,73.057278049999994,31.424033200000000
411,park, ,73.055481514299998,31.429790298400000
412,park, ,73.057762663899993,31.430269539899999
413,graveyard, ,73.058609023200006,31.432181759599999
414,university,University of Agriculture Faisalabad,73.069534067199996,31.435163478100002
415,park, ,73.054130056700004,31.437495256300000
416,park, ,73.085893896700000,31.456931485700000
417,pitch, ,73.086132800000001,31.457153850000001
418,park, ,73.055777899999995,31.431766000000000
419,pitch, ,73.062533280500006,31.432340877900000
420,park, ,73.047838460899996,31.433351730500000
421,police,C Section Police,68.879326066499999,27.702408794400000
422,park,Company Park,72.041857620900004,34.197407649799999
423,college, ,72.036619448899998,34.190878257500003
424,pitch, ,72.038426138999995,34.190451144199997
425,graveyard,Said Jalal e Bukhari Graveyard,72.054711400200006,34.198069727200000
426,hostel, ,68.844217119800007,27.701405751700001
427,hostel,Hostel,68.844204712700005,27.701548759200001
428,graveyard, ,73.130690687900000,31.402276840399999
429,park,Tanki Wala Ground,73.070454228900005,31.386818295699999
430,park,Dukkan Park,73.069666361100005,31.383607492300001
431,park, ,73.072867057899998,31.398240209899999
432,park,Samanabad Park,73.068930960399996,31.391648173499998
433,park,Koya Wali Ground,73.066329695199997,31.390018534700001
434,school,High School,73.067885899999993,31.386011750000002
435,graveyard, ,73.064393723400002,31.387497483499999
436,park,Pepsi Park,73.071330616099999,31.378396434599999
437,park, ,73.063485720399996,31.388296947000001
438,college,Govt. College of Technology,73.060036676500005,31.390908235100000
439,graveyard, ,73.057342039800005,31.388976506700001
440,graveyard,Jhang Road Graveyard,73.055717068600003,31.408132319800000
441,graveyard,GCD GROUND,68.355334178299998,25.380321477900001
442,park, ,68.295150821999997,25.442760602600000
443,park, ,68.289957772400001,25.437031134000001
444,park, ,73.066794640799998,31.414585261799999
445,park, ,73.060766878699994,31.418124690100001
446,park, ,73.059895763699998,31.416142896299998
447,park, ,73.058396333700003,31.420401498699999
448,park, ,73.059250354000000,31.419304310600001
449,park, ,73.060376741599995,31.420138943000001
450,park,Dhobi Ghat,73.071936993099996,31.417652263899999
451,pitch, ,68.359757693500001,25.396996496000000
452,pitch, ,68.355300799999995,25.391072999999999
453,playground,sachal ground,68.303931679900003,25.365212164599999
454,college,Govt Girls College,68.313217639100003,25.368110159899999
455,college,Government Degree College for Women,71.460602069700002,30.204809824200002
456,prison,Multan District Jail,71.439193733400003,30.206292031600000
457,park, ,68.267713263800005,25.352318608499999
458,college,govt degri college kotri,68.289110716200000,25.359258225600001
459,monument,Fawara Chowk,71.671647369100000,29.390928967499999
460,attraction, ,71.862088904900006,34.158419416000001
461,track, ,68.940106857000004,27.672852690300001
462,stadium,Tamas Khan Football Pitch,71.576394793600002,34.019148300300003
463,park, ,71.582697315399997,34.028715246799997
464,park,SHAHI BAGH / شاہی باغ,71.575677562799996,34.020152542600002
465,hospital,Hatatabad Medical Complex,71.449793102100003,33.992337393800000
466,park,Kashmir Park,73.097300928999999,31.395919765399999
467,school,La Salle High School,73.105280726900006,31.407332039800000
468,park, ,73.106117410099998,31.406492605899999
469,park,AL Fateh Ground,73.105524338699993,31.410166264000001
470,park,D Ground,73.110727038899995,31.407184613199998
471,park, ,73.106906158599998,31.407438230299999
472,park, ,73.108899310900000,31.413100719900001
473,park,Small D-Ground,73.106266752500005,31.414767258500000
474,park, ,73.108653149999995,31.402050299999999
475,park, ,73.101427464899999,31.407751839900001
476,stadium,Qayyum Stadium,71.535113304700005,33.992438516000000
477,lighthouse,Colaba Lighthouse,72.799734604999998,18.879152090800002
478,park,Mehmodabad Park,67.075916980000002,24.857032356800001
479,park,Al Murtaza Family Park,67.060291213100001,24.857172915400000
480,school,Public School Sukkur,68.843941421699995,27.702857146800000
481,pitch,Football Ground,68.842389733700003,27.702713605400000
482,graveyard,New Pind GraveYard,68.852851234599996,27.706555825500001
483,park,Mehmood Ghaznavi Park,67.082051473099995,24.904029289899999
484,park, ,67.088128737500000,24.902873496300000
485,park,Johar Park,67.084578494900001,24.876057609899998
486,hospital,American Hospital,68.356530026000001,25.372734759299998
487,hospital, ,68.343356472099998,25.366890750700001
488,park,New Ghulam Ali Mirani Park,68.341825407900004,25.384346041499999
489,stadium,Niaz Stadium,68.338151445799994,25.382409410899999
490,museum,Sindh Museum,68.337773234200000,25.384999756799999
491,zoo, ,68.340450664100004,25.383553068499999
492,community_centre,Al-Rehan Marriage Garden,68.356860983700003,25.374232856100001
493,community_centre,Gulfishan Wedding Hall,68.357400939100003,25.374203932800000
494,community_centre,Al Noor Weeding Hall,68.357673199199994,25.374209151399999
495,park,Askari Park,68.355722478199993,25.407368248299999
496,public_building,filter plant,68.336513407799998,25.435090136600000
497,public_building,Mehran Arts Council,68.358830601400001,25.374186711200000
498,school,Govt. school unit no. 7,68.357716662499996,25.373337459300000
499,pitch,Mehboob ground unit no.5,68.343724037599998,25.362293570599999
500,school,Govt. comprehensive girls high school,68.344784034200003,25.363213752200000
501,hospital,Hospital,68.352570150000005,25.368568849999999
502,school, ,68.349912905400004,25.368202626300000
503,park,Nursery Park,68.350821900000000,25.368908500000000
504,college,Shah Latif Girls College,68.352221780700006,25.369311597300001
505,park,aaisha park,68.359769653300006,25.367601574799998
506,mall,market,68.359888156799997,25.367866369100000
507,college, ,68.351719316300006,25.369869664799999
508,stadium,Stadium unit 6,68.349481127600001,25.363350658700000
509,park,Scout Ground,68.356284635099996,25.365110430600001
510,community_centre, ,68.350592574199993,25.374531401500001
511,hospital,Taluka Kotri Hospital,68.307589863199993,25.366896431400001
512,school,Govt. boys high school,68.313997005700003,25.365994558000001
513,park, ,68.314074202399993,25.365166119200001
514,school,Sindhi Primary School,68.317121186700007,25.362769101200001
515,playground,malik ground,68.316345841000000,25.364765381500000
516,college,kotri college,68.277791206200007,25.358508069900001
517,college,teacher training centre,68.280209364900003,25.359224082699999
518,park, ,68.348994220600005,25.383064187399999
519,park,Defence Park,68.351694502200004,25.384393162500000
520,park, ,68.345076460900003,25.382585872000000
521,school,County School/Girls College,68.346859949999995,25.382389249999999
522,playground,WAPDA ground,68.336594749499994,25.383615651300001
523,hospital,Cantonment Gen Hospital,68.362921270900003,25.392211658000001
524,police,Cantt Police Station,68.363809786299996,25.392636331900000
525,college, ,68.366044211000002,25.388535033299998
526,courthouse,Family Court,68.365470067600000,25.386128370700000
527,park, ,68.371596120700005,25.385632852400001
528,park, ,68.366201133299995,25.389724200000000
529,school,GOVT. HIGH SCHOOL,68.366217088200003,25.387954951600001
530,school,STRONG BASE HIGH SCHOOL,68.365440304399996,25.388097785500001
531,hospital, ,68.361791506499998,25.385061283399999
532,public_building,Alpine Plaza,68.360613753699994,25.383499025399999
533,hospital,govt dispensary,68.362768553899997,25.367950304299999
534,school,APWA Girls High School,68.361979031499999,25.367045900899999
535,school,govt girls degree college,68.362235334100006,25.367757883399999
536,track, ,68.361607578800005,25.366330549800001
537,public_building,Irrigation Colony,68.374733533500006,25.413023017499999
538,hostel,LUMHS Jamshoro Nursing Girls Hostile,68.269706644899998,25.430311337900001
539,hospital,Civil Hospital Lumhs Jamshoro,68.270920282099993,25.432828834799999
540,park, ,68.271525570600005,25.434349703399999
541,track,ground,68.274403699000004,25.433268887899999
542,school,razia ansari girls school,68.266916108800004,25.430476576400000
543,college,govt girls college,68.266743665700005,25.429500532599999
544,school,govt boys school LUMPS,68.263841633400006,25.429617893600000
545,park,Mustafa Ground,68.362136649999997,25.363357616100000
546,police, ,68.343941240000007,25.376476314800001
547,park, ,68.363543800000002,25.330806050000000
548,park, ,68.367461229699998,25.331933913499999
549,stadium, ,68.360991508900000,25.315205194299999
550,park,city park,68.404186720900000,25.424351118899999
551,prison,Hyderabad Central Jail,68.367748224500005,25.411101190899998
552,park, ,68.355494283300004,25.372419948099999
553,park,unit 12 chungi naka,68.368174938400003,25.371853802099999
554,park, ,68.343461844100005,25.375782040200001
555,park, ,68.360817930300001,25.371331833100001
556,college,Sindh College,68.376013795299997,25.391828130099999
557,college,Muslim College,68.367702803000000,25.398822634500000
558,school,Noor Muhammad High school,68.367769877200004,25.399423496000001
559,school,Piggot,68.368086316700001,25.397237515400001
560,school,Mirza Qalich Baig High School,68.389908462199998,25.394389052400001
561,park,mehran ground,68.396236393999999,25.400069486800000
562,playground,playground,68.390771159200000,25.403733120300000
563,water_tower,HDA water works,68.362705178400006,25.412086089399999
564,memorial,Mian Ghulam Nabi Kalhoro tomb,68.363916286899993,25.410876172799998
565,hospital,Civil Hospital Hyderabad,68.367301215799998,25.401120858999999
566,police, ,68.368524882499997,25.391148890899998
567,school,himiatul islam school,68.366347119300002,25.394063644500001
568,college, ,68.366066538900000,25.394436882499999
569,school,st. marry high school,68.366932743600003,25.393822702400001
570,school,himiatul islam school,68.366422507300001,25.395231060499999
571,college, ,68.367477729800001,25.393385468700000
572,mall,cloth market,68.375953613199997,25.393096669999998
573,park, ,68.359551333300004,25.311819600000000
574,school,Govt. girls high school,68.311330693700000,25.365763305000002
575,playground,Goodluck Ground,68.332639447399998,25.366754893700001
576,monument,Lahore Fort,74.314711705199997,31.588193188200002
577,attraction,Lahore Fort,74.314711705199997,31.588193188200002
578,park,M . A.  jINAH PARK,71.571061380499998,34.015356049600001
579,college,Girl's College,71.499593989600001,34.000627430000002
580,park, ,71.491061724800005,33.993913871399997
581,embassy,Consulate of Iran,71.492109999700006,33.994644960999999
582,hospital,Johar Khatoon,71.497794589099996,33.991928511899999
583,graveyard, ,71.506764372299997,33.991494566599997
584,park,Defence olony park,71.535217721199999,34.011217020899998
585,college,Army Public School and Degree College,71.535694880400001,34.013891489099997
586,pitch, ,71.539291973999994,34.021334637099997
587,park,Garrison Park,71.545347808700001,34.019719620200000
588,park,N-4 Park,71.449240187699999,33.995598569700000
589,park,Tatara Park,71.444149319499999,33.981372071800003
590,park,Bagh-e-Naran,71.444523095600005,33.977570583700000
591,school,University Public School,71.473798367800001,33.996887952800002
592,hospital,CMH Family Wing,71.538624473499993,34.002544334299998
593,public_building,PTV,71.529139298299995,33.988835581200000
594,hostel,Nursing Hostel,71.483837997899997,33.996151073500002
595,college,The Professional's Academy of Commerce,71.490544332599995,33.992379345499998
596,mall,Avon Super Store,71.494601512100004,33.998847124000001
597,mall,Al Haajj Towers,71.497617668700002,34.000515714400002
598,public_building,Income Tax Office,71.495375167500001,33.999076802099999
599,pharmacy, ,71.488425538100003,33.996215179200000
600,pharmacy, ,71.488466513399999,33.996984179400002
601,hospital,Combined Military Hospital Hyderabad,68.361008174099993,25.399874286599999
602,hospital,THQ hospital,72.987525430999995,32.716233399799997
603,school,Govt High School for Boys,72.986982569999995,32.717963791899997
604,mall,Commercial Market,73.070725625199998,33.637731995899998
605,park, ,73.068698702899994,33.631325758899997
606,park, ,73.064374993399994,33.632191645299997
607,park, ,73.071690597400007,33.635807396099999
608,park, ,73.064144860400006,33.631002915200000
609,park, ,73.068022598599995,33.628134218200003
610,park, ,73.068832970599999,33.630186705900002
611,park, ,73.080175270300003,33.592947260800003
612,park, ,73.095171710499997,33.601285209300002
613,mall,Computer Market,73.053029297500004,33.594690066399998
614,mall,Computer Market,73.053914241000001,33.595384263100001
615,park, ,73.109677462199997,33.566317780399999
616,hostel,Army Mess,73.056314448799995,33.590365684100000
617,hostel,Army Mess,73.060770747800007,33.587402444399999
618,college,FG College for Women,73.057247562800001,33.598468526700003
619,college,F.G. Sir Syed College,73.061313478599999,33.588545313600001
620,university,Fatima Jinnah Women University,73.064148202499993,33.587741123000001
621,college, ,73.106226626400002,33.562527882099999
622,public_building, ,73.082559566399993,33.608390347499999
623,playground, ,66.943850223699997,24.875680939199999
624,track,Sports Track,66.942924300499996,24.875059007600001
625,hospital, ,66.945338828100006,24.880648442700000
626,school,Base Montessori,66.941291085900005,24.874740865200000
627,college,Fizaia College,66.941770691700000,24.878556841599998
628,park, ,66.943949347100002,24.874629322800001
629,hospital,Medical School,66.953076662399994,24.887991941799999
630,playground,Children Park,66.954847703799999,24.886970183500001
631,pitch,Army Athletics Ground,73.054194906099994,33.589460852999999
632,library,Central Libaray MUET,68.261771253600003,25.407861058000002
633,camp_site,Camp No 1,66.949167648000000,24.879020835300000
634,camp_site,Camp No 6,66.955316174100005,24.886246151200002
635,park,Airman Park,66.955515743500001,24.881480579100000
636,camp_site,Camp No 7,66.958657735000003,24.885114521900000
637,camp_site,Camp No 4,66.952057814400007,24.884258120999998
638,golf_course,Masroor Par 3 Golf Course,66.946059334899999,24.873680126699998
639,pitch, ,71.479964488299998,30.221422540900001
640,graveyard, ,71.435723171000006,30.205662280300000
641,graveyard, ,71.456242292499994,30.192060036800001
642,graveyard, ,71.457622515899999,30.190805561499999
643,prison, ,71.478120897300002,30.159814568700000
644,college,ARID,72.321632958400002,32.291624195799997
645,supermarket,Golden Market,73.072136600500002,33.713728921600001
646,school,Department of Visual Studies,67.116721321900002,24.937364614300002
647,sports_centre,Gymnasium,67.118136128399996,24.937770350400001
648,park,Mcdonald Park,67.035413227800007,24.798252389599998
649,theme_park,Chunky Monkey,67.044530665099998,24.789077127500001
650,graveyard,Khokrapar Grave Yard,67.202401758999997,24.899547877900002
651,college, ,70.921510666299994,29.390935311300002
652,college, ,70.922082898599996,29.388983220499998
653,hospital,Jinnah Medical College Hospital,67.120324761000006,24.858061478700002
654,pitch, ,67.120850099999998,24.858270550000000
655,pitch, ,67.120535519499995,24.857910411500001
656,hospital, ,74.350081653499998,31.455330040800000
657,hospital, ,74.315024735500003,31.572361356799998
658,university,King Edward Medical University,74.313927860500002,31.570542321000001
659,hospital, ,74.280147045600003,31.479480333900000
660,hospital, ,74.379847542500002,31.575268892200000
661,hospital, ,74.333626615800000,31.539115808999998
662,hospital,Patel Hospital,67.097150505000002,24.935334614700000
663,park,DG Office Plantation,68.350139868699998,25.383073693200000
664,park, ,68.349965145699997,25.383275577799999
665,park, ,68.349014397999994,25.382412681200002
666,park, ,68.349534967200000,25.383237693100000
667,park, ,68.349472333600005,25.382481381000002
668,park, ,68.357546462200006,25.368311483300001
669,park, ,68.404050368300005,25.427223075800001
670,police,Shehzad Town Police Station,73.160508830900000,33.648976059600002
671,school, ,68.364891098200005,25.367699477399999
672,school,"Islamabad Model School for Girls, Panjgran",73.189134682700001,33.645654714700001
673,university,SAARC Human Resource Center,73.147358293300002,33.673092738400001
674,school,"Islamabad Model School For Boys, Chak Shehzad",73.142566500100003,33.678444924399997
675,park,Lake View Park,73.121479011199995,33.692509359200002
676,park,Ankara Park,73.112009327799996,33.693480570699997
677,arts_centre,Rawalpindi Arts Council,73.079004114800000,33.650106846500002
678,supermarket,Dubai Plaza,73.077154638600007,33.641283896300003
679,supermarket,Malik Abad Shoping Center,73.075499541300005,33.640384551300002
680,hospital,Bilal Hospital,73.078895005299998,33.633842045599998
681,public_building,Ali Trust,73.121613366899993,33.632478060499999
682,school,"F.G Girls Sec School, Tarlai",73.156447969100000,33.641383300800001
683,public_building,PTCL Exchange,73.156165598300007,33.641879491799997
684,public_building,Union Council Kirpa Office,73.182483589499995,33.646006903299998
685,school,Boys Middle School,73.184207133300006,33.646800566700001
686,school,FG Boys Schoold,68.362153993700005,25.393113720900001
687,park, ,68.361579521099998,25.394349457499999
688,college,Hayat Girls College,68.361403370900007,25.395040534300001
689,college,Federal College,68.361856181899995,25.393635518800000
690,college,Sultana Foundation,73.203526665799998,33.644322744599997
691,school,Sultana Foundation Boys School,73.201146198399996,33.647994227300003
692,school,"FG Boys Secondary School, Jhang Sayedan",73.206032802500005,33.644565614400001
693,school,Alflah Public School,73.188290435400006,33.644283532899998
694,college,Pakistan Institute Of Science and Technology,73.258779721500005,33.657169381800003
695,school,"FG Boys Higher Sec School, Nilore",73.273173710500004,33.657385130300000
696,university,Pakistan Institute of Engineering and Applied Sciences (PIEAS),73.267008212999997,33.653539168700000
697,school,FG Junior Model School,73.185366472300004,33.639810834999999
698,pharmacy,Ali Medical Store,73.199522180000002,33.642791046799999
699,school,Federal Government Primary Model School,73.068890445400001,33.700727357100000
700,sports_centre,Tennis PlayGround,73.093553036900005,33.695609014600002
701,school,Federal Government Girls Secondary School # 7,73.070704259999999,33.701679350100001
702,park, ,73.156456420300003,33.652473127699999
703,park, ,73.157267817600001,33.651986803900002
704,university,COMSATS Institute of Information Technology,73.155949018599998,33.649847518999998
705,university,National Agricultre Research Centre,73.139826717600002,33.677104671899997
706,college,Grafton College,73.159407959099994,33.649313289399998
707,mall,Farooq Plaza,73.174787500999997,33.645479140299997
708,mall,Janjua Plaza,73.174008558799997,33.645474335800003
709,mall,Naeem Tufail Plaza,73.174800605200005,33.644936030200000
710,school,Girls Primery School,73.178268906300005,33.644078984600000
711,supermarket,City Supermarket,73.102256664600006,33.628259926200002
712,mall,Taj Mahal Plaza,73.077546835600003,33.642244995500000
713,university,Virtual University Campus-VURWP01,73.074917129100001,33.640025449100001
714,swimming_pool, ,67.388409741000004,25.017993522299999
715,swimming_pool, ,67.388226121700001,25.016756346899999
716,park, ,67.387780775799996,25.018023757000002
717,swimming_pool, ,67.388642738000001,25.016960179500000
718,university,Federal Urdu University,73.071170763599994,33.698490200199998
719,public_building, ,73.071263423100007,33.703728374699999
720,hotel,Al-Umer,73.071826809699999,33.703572982899999
721,public_building, ,73.072008199999999,33.703997500000000
722,police,Police Station Special Branch,73.069395701299996,33.703878956600001
723,pitch,CDA Police Cricket Ground,73.070317594100004,33.703267324099997
724,pitch,CDA Football Ground,73.075755954399995,33.705742768199997
725,university,IIDC,73.079650989000001,33.705078416200003
726,park,PAF Golf Course,73.010230343499998,33.719009775700002
727,university,PCNA ( Pakistan Council of National Arts,73.091124910999994,33.730402934499999
728,hostel,Liaquat Hostel,72.957833449999995,33.619739350000003
729,hostel,Iqbal Hostel,72.957746078000000,33.620019516399999
730,hostel,Girls Hostel,72.958663750200003,33.620616832800003
731,college,Electrical Engineering Department,72.957870088500002,33.623280892099999
732,library,EME Library,72.960674583699998,33.623838500100000
733,pitch, ,72.962586984300003,33.624335929600001
734,playground, ,66.967704334100006,24.932650803000001
735,park,defence park,73.099267349900003,33.538411868099999
736,hospital,irnum,71.485284598899995,33.998496491799997
737,hostel,Hostel 3,71.479734959799998,34.004098783200000
738,hostel,Nishtar Hostel,71.479707201699995,34.004572961199997
739,university,Islamia College University peshawar,71.475987257100002,33.999761136399997
740,university,"Takbeer Block, Islamia College University",71.476770744500001,34.000902361700000
741,graveyard,Christian Graveyard,74.374631410299997,31.485738217900000
742,beauty_shop,Melee,74.376760570100004,31.485669132000002
743,hospital, ,74.271802238199996,31.448441490000000
744,hospital, ,74.271681579900005,31.448600947300001
745,restaurant,Kashi Resturant,74.379608378399993,31.488566965899999
746,convenience,Bread & Butter,74.378092162599998,31.487653570399999
747,school,Color's Up Montessori School,74.377394150000001,31.486155950000001
748,school,Mount Pleasant High School,74.378351664700006,31.487061919100000
749,park, ,67.105359588200002,24.915532639999999
750,fountain, ,74.270936782199996,31.449250205799999
751,viewpoint,Farid Gate,71.683272498400001,29.395739530600000
752,pitch, ,73.125232370700004,33.712771037400003
753,hotel,hotel capital view,73.070267116200000,33.654828135599999
754,stadium, ,73.746529307700001,33.143698911400001
755,archaeological,Fort Derawar,71.334255771200006,28.768002888200002
756,attraction,Fort Derawar,71.334255771200006,28.768002888200002
757,pitch,National Hockey Stadium,74.335153355100005,31.510945771500001
758,pitch, ,74.333463248300006,31.513400537700001
759,pitch, ,74.332036599999995,31.510778649999999
760,stadium,Gaddafi Stadium,74.333473804199997,31.513373121000001
761,stadium,National Hockey Stadium,74.335162504899998,31.510934228800000
762,archaeological,Tombs,71.052488241399999,29.240570659900001
763,park, ,74.337557161800007,31.487601400300001
764,park,Model Town Park,74.326242146100000,31.484620295999999
765,pitch,Okara Cricket Stadium,73.421372559399998,30.796335147899999
766,graveyard,Cemetry,70.514101179600004,31.136897731200001
767,graveyard,Cemetry,70.509676731699997,31.127856463200001
768,university,Girls School/college,70.502148530200003,31.136660806199998
769,university,Aam Khas Bagh,71.481173450200004,30.196000127600001
770,hotel,Abida Hall,71.439822716699993,30.203663939500000
771,university,Aligarh Model School,71.473715014000007,30.220603669900001
772,university,Allama Iqbal Open University,71.512813729000001,30.192480864400000
773,stadium,Ayoub Satdium,71.434191133100001,30.191512130400000
774,university,Boys High School,71.526617242300006,30.197820174400000
775,hospital,Combined Military Hospital (CMH),71.437436546100002,30.192919184499999
776,mall,Cantt Market,71.439658526299993,30.188539245499999
777,graveyard,Cemetry,71.487281123000002,30.208292226699999
778,graveyard,Chungi No 14 Graveyard,71.487766823100003,30.183244375600001
779,university,College Of Physician and Surgeon,71.443176636999993,30.206792105000002
780,university,Company Bagh,71.422242514700002,30.182354333100001
781,university,Comperehensive School,71.478556191400003,30.218755393199999
782,university,Convent High School,71.433663546099993,30.179365150700001
783,university,Educators College for Girls,71.470410034200000,30.215756666699999
784,university,FG Boys High School,71.438068435999995,30.189761648899999
785,university,FG Boys High School,71.423734099399994,30.179358631300001
786,university,FG Boys School,71.433173335600003,30.182504837800000
787,university,FG Degree College,71.436308253600004,30.181517688800000
788,university,FG Girls High School,71.433076625799998,30.184094484999999
789,university,Girls High School,71.487322101499998,30.186025124200000
790,university,Girls High School,71.511068203899995,30.200991966800000
791,university,Girls Public School,71.512254836699995,30.249622798699999
792,university,Govt Alamdar Hussain College,71.476462020800000,30.197681719999999
793,university,Govt College Multan,71.478453709899995,30.221758318999999
794,university,Govt Education College,71.476471900000007,30.219315746600000
795,university,Govt Home Economics College,71.516610381800007,30.201813796700002
796,university,Govt Iqbal Secondary School,71.510110928700001,30.196185118599999
797,university,Govt Millat Boys High School,71.511985443300006,30.201006217200000
798,university,Govt Rafah e aam School,71.459096405099999,30.198202836600000
799,university,Govt Vocational Institute,71.491200692199996,30.165243083499998
800,graveyard,GraveYard,71.484377926099995,30.202531520299999
801,graveyard,Haji Baghdadi,71.480361942200005,30.202570207800001
802,university,Jinnah School,71.472363380199994,30.219485603599999
803,graveyard,Kaber Shaheed,71.434524464999996,30.163940024700000
804,police,Kotwali Police Station,71.469471224100005,30.200502656299999
805,school,La Salle,71.470485842700000,30.210650021599999
806,university,MC Middle School,71.472499720299993,30.182374936399999
807,park,Madni Park,71.514811879999996,30.203231036399998
808,graveyard,Manzoor Abad Graveyaard,71.492623622400004,30.189295092500000
809,university,Millat School,71.504770851299995,30.204214173099999
810,university,Model High School,71.475687215500002,30.217619478400000
811,mall,Muhammad Arcade,71.468162594999995,30.209604220799999
812,university,Multan College Of Commerce,71.476059181200000,30.171566366600000
813,hospital,Multan Institute of Cardiology,71.450398773200007,30.192000422800000
814,school,Multan Public School,71.520503954700004,30.250212526900000
815,university,Nishat School,71.462660302100005,30.228320800700001
816,graveyard,Nishter Graveyard,71.448159969599999,30.201495001500000
817,hospital,Nishter Hospital,71.444269473800006,30.202442677400001
818,university,Nishter Medical College,71.441559696400006,30.203055410099999
819,hostel,Nursing Hostel,71.443776996400004,30.200504450200000
820,university,Nursing School,71.442279811199995,30.200826518200000
821,school,Nusrat Ul Islam School,71.440820366099999,30.188437385600000
822,graveyard,Peer Ummar Graveyard,71.478339206399994,30.176073534499999
823,graveyard,Peeran Ghaib,71.534111723999999,30.203902022899999
824,graveyard,Piran Sahib Graveyard,71.453264160299995,30.214898414099999
825,university,Police Training Center,71.448108170200001,30.215863418500000
826,university,Punjab College Gulgasht,71.473234108100002,30.218764301600000
827,university,Punjab College Of Commerce,71.488302864100007,30.209527574100001
828,graveyard,Qasim pur garaveyard,71.497061858099997,30.160808401299999
829,hospital,Railway Hospital,71.441932252800001,30.181349353700000
830,university,Science College,71.482542054999996,30.222646322100001
831,bank,Standard Chartered Bank,71.446519150000000,30.192096849999999
832,graveyard,Sultan Akbar Graveyard,71.438713459499994,30.217196352500000
833,graveyard,Suraj Miani,71.439097607999997,30.222080973800001
834,university,The City School,71.470203607000002,30.215430059700001
835,university,Villiat Hussain College,71.485003374700000,30.199379572400002
836,school,Worker Model School,71.460141143900003,30.217187023299999
837,graveyard,Zahid Shah Graveyard,71.443360721199994,30.216528225899999
838,restaurant,Zanzibar Restaurant,71.445491126999997,30.192650290300001
839,park, ,71.411934977399994,30.176832094100000
840,police, ,71.473767680799995,30.199067181499998
841,graveyard, ,71.486913277900001,30.199248796799999
842,graveyard,Graveyard,71.494132373900001,30.184313596199999
843,graveyard, ,71.463943349999994,30.178579075599998
844,university, ,71.435034462000004,30.179871001399999
845,university, ,71.493852870500007,30.161189944600000
846,university, ,71.502763721999997,30.190909245699999
847,university, ,71.482068812500003,30.234384008199999
848,school, ,71.472381920800004,30.213204903400001
849,university, ,71.475491409200004,30.221891223600000
850,school, ,71.469368293800002,30.211739473400002
851,university,NCBA&E Wapda Town Campus,71.536034364299994,30.241031002900002
852,university, ,71.512985866899996,30.203462839200000
853,school, ,71.516686469199996,30.204431657499999
854,college, ,71.489806648300004,30.176789571299999
855,university, ,71.475225119699999,30.221309395799999
856,university, ,71.472511375799996,30.214093282200000
857,university, ,71.483680369200002,30.211390480900000
858,university, ,71.459994497500006,30.193902092199998
859,university, ,71.491053709699997,30.261142726999999
860,university, ,71.407711647200003,30.180191121800000
861,university, ,71.475023185300003,30.224992643299998
862,university, ,71.501753572599995,30.186482541600000
863,university, ,71.448200075499997,30.177017640700001
864,university, ,71.456856735700001,30.194840112600001
865,university, ,71.492487139299996,30.207260501299999
866,university, ,71.506555484900005,30.205159800699999
867,university, ,71.458378806400006,30.194945664900001
868,university, ,71.452346000600002,30.209610134799998
869,university, ,71.511655544299998,30.210771466200001
870,college,Sheikh Zayed Islamic Center,67.130351223199995,24.935123341499999
871,pitch,Scoccer,67.116871416400002,24.931530631800001
872,pitch, ,67.117412799999997,24.935394150000000
873,pitch, ,67.119139766200007,24.936032337499999
874,pitch, ,67.118234140200002,24.936805446099999
875,pitch, ,67.118090061000004,24.936839258900001
876,stadium, ,67.116953484400000,24.935524131499999
877,pitch, ,67.116114843999995,24.932851143299999
878,university,The Islamia University of Bahawalpur,71.690933239900005,29.398199401100001
879,university,Abbasia School,71.660718284599994,29.396060487600000
880,university,Army Public School,71.679820802400002,29.370596844100000
881,park,City Park,71.661689815700001,29.394308061899999
882,university,Dominican Convent School,71.663570149300000,29.389948200999999
883,sports_centre,Dring Stadium,71.684251989100005,29.404228842199998
884,attraction,Dubai Mahal,71.665174210399996,29.385021993199999
885,university,FG Boys High Sschool,71.675764300799997,29.389383412099999
886,university,FG inter College,71.670263502699996,29.382672665800001
887,park,Fareed Park for Women,71.664090000000002,29.395866333299999
888,park,Fatimah Jinnah Park,71.711833082400005,29.388532608399998
889,college,Govt College of Technology,71.712356485200004,29.385136085700001
890,university,Govt Degeree College for Women,71.665638850099995,29.383385141500000
891,university,Govt FG Boys School,71.678466303899995,29.376099155700000
892,university,Govt FG Girls School,71.677138714700007,29.375493384999999
893,university,Govt High School,71.669601621900000,29.405160539000001
894,university,Govt Sadic Egertent College,71.688383995199999,29.396319638700000
895,university,Govt Vocational Training for Woman,71.685908161599997,29.393783336500000
896,park,Gulzar Sadiq,71.665761357400001,29.390759772399999
897,stadium,Iqbal Sports Club,71.675166487100000,29.383298846700001
898,university,Punjab College,71.659257863999997,29.394082699500000
899,university,Quaid Azam Medical College,71.677508305600000,29.388701927100001
900,university, ,71.662459333300006,29.395537666700001
901,park, ,66.995171884499996,24.843056649099999
902,swimming_pool, ,66.995051128499995,24.843318905699999
903,pitch, ,67.002716149999998,24.840991050000000
904,pitch, ,67.002966348300006,24.840911031600001
905,park, ,67.004371500000005,24.842949699999998
906,pitch, ,67.009507757999998,24.841071722199999
907,swimming_pool, ,66.998561311499998,24.841487704399999
908,swimming_pool, ,67.000098399999999,24.841063299999998
909,university,Boys High School No1,70.634795378299998,30.050156428499999
910,graveyard,Cemetry,70.642342493599998,30.062374097500001
911,prison,Centeral Jail,70.631988367199995,30.046799830800001
912,park,Company Bagh,70.641930836499995,30.056085163300001
913,university,Divisional Public College,70.626189686399997,30.043525339999999
914,university,Divisional Public School,70.628278796499998,30.041591236199999
915,university,Girls High School No1,70.633329450000005,30.050233800000001
916,college,Govt Degree College  Boys,70.634491137599994,30.038037433700001
917,pitch,Hockey,70.641919162899995,30.057666323100001
918,school,Jr Model Girls School,70.632844382100004,30.041895517600000
919,university, ,70.643130553399999,30.027974846799999
920,park, ,67.004641649999996,24.839364549999999
921,park, ,67.002232756200002,24.840355619800000
922,park, ,67.000383471299997,24.841766680399999
923,park, ,67.006124205299997,24.842330696699999
924,park, ,67.004105022900006,24.840352480000000
925,park, ,67.003058850000002,24.841842199999999
926,park, ,67.002464099999997,24.841943650000001
927,park, ,67.002251999999999,24.841335000000001
928,graveyard, ,71.833931251699994,32.361026952099998
929,graveyard,Bairy wala Kabrustaan,71.923690658300004,30.287838238300001
930,graveyard, ,68.840470579200002,27.711766196300001
931,graveyard, ,68.634072896899994,27.966830743399999
932,graveyard, ,68.885012672599998,27.704711638199999
933,graveyard, ,68.643016137499998,27.965119346700000
934,graveyard, ,68.645380921899999,27.964687064800000
935,graveyard, ,68.848863596499996,27.704797894799999
936,graveyard, ,68.849356259299995,27.710404205100001
937,graveyard, ,71.793045924099999,33.499356216999999
938,university,University Institute of Management Sciences,73.079167749600003,33.650952935200003
939,graveyard, ,68.860774324499999,27.692608513300002
940,college,Military College of Signals,73.063246073700000,33.578199747200003
941,water_well, ,73.091357540999994,33.648364720099998
942,school,Divisional Public Model School,73.084400078599998,33.650254147100000
943,hostel,Iqbal Hall Old Hostel PMAS UAAR,73.074653487600003,33.648133756000000
944,graveyard, ,74.180140979200004,32.150813495500003
945,attraction,Hiran Minar,73.955053886900004,31.742765955599999
946,monument,Hiran Minar,73.955053886900004,31.742765955599999
947,water_well, ,73.093525747800001,33.647476557300003
948,drinking_water,Water Filtration Plant,73.085031354400002,33.651145484899999
949,graveyard, ,73.033139672499999,33.608806453600003
950,graveyard, ,72.673606133500002,32.092309777899999
951,park, ,72.674048368000001,32.089347098700003
952,golf_course,IBEX,72.647592665100007,32.092973550700002
953,playground, ,73.094786783100005,33.647967255700003
954,sports_centre,Rawalpindi Sports Complex,73.077653331700006,33.650354545500001
955,drinking_water, ,73.087934874100000,33.645612247199999
956,college, ,73.084394712600002,33.643787833799998
957,university,Pir Mehr Ali Shah Arid Agriculture University,73.082386659600004,33.647265808500002
958,school, ,73.080164987499998,33.643876734800003
959,hostel,Jinnah Hall,73.086172484599999,33.648183430700001
960,water_tower, ,73.081552369500002,33.650995889800001
961,pitch, ,74.308331400000000,31.572911349999998
962,college,Govt Ayesha Degree College for Women,74.303573593199999,31.601320561500000
963,kindergarten, ,73.078377671499993,33.642985330700000
964,college,Raees-ul-Ahrar College of Commerce,73.078680957100005,33.641888022200000
965,kindergarten, ,73.080578562499994,33.640675473400002
966,school, ,73.081831476399998,33.640706008499997
967,water_works, ,73.093558438700001,33.642444661699997
968,police, ,73.094599405099999,33.641952496199998
969,college, ,73.079692673400004,33.639900082700002
970,college, ,73.079643682200000,33.640226466400001
971,kindergarten,Daffodils Montessori,73.076860571400005,33.636259723300000
972,kindergarten, ,73.076587294399999,33.635602127900000
973,college,Imperial International School & College,73.079264535500002,33.635039656700002
974,school,Anglo Arabic Public School,73.078402846499998,33.635468972900000
975,school,New Siddique Public School,73.077508316700005,33.638660900300003
976,school, ,73.081815615699995,33.635297796400003
977,school, ,73.082150705199993,33.635757775800002
978,school, ,73.080293259000001,33.637255813400003
979,pitch, ,63.076548400000000,26.006740149999999
980,pitch, ,74.483762174399999,31.584648473900000
981,pitch, ,74.487108573300006,31.580558507300001
982,pitch,Balouch Mujahid Soccer Stadium - Korangi,67.138400273200006,24.791598910000001
983,park,Sibi Public Parc,67.882634843899993,29.549170253900002
984,pitch,Kunj Ground,73.216715600000001,34.144014249999998
985,pitch, ,73.222320727600007,34.150142612700002
986,pitch, ,73.219765234700006,34.151786677600001
987,pitch, ,73.228369900000004,34.159892450000001
988,graveyard, ,66.998626133800002,30.167075396400001
989,convenience,Pasbaan Market,73.078900838799996,33.585237472599999
990,pitch, ,67.008952750000006,24.861580249999999
991,pitch, ,66.983517336099993,24.869390199500000
992,park,Delhi Park,66.980249929099998,24.871815777399998
993,park, ,73.027381856900007,33.689901661800000
994,park,Childrens Park,73.030171733000003,33.694045661799997
995,pitch, ,63.033936970900001,25.992519814600001
996,pitch, ,64.403780869499997,28.887376763599999
997,pitch, ,64.428932753799998,28.893656089899999
998,university,ASAB,72.987740499899999,33.646325382400001
999,park,U-Block Park,74.407977431500001,31.474468325600000
1000,playground,cricket ground,72.739792824600002,33.778003857000002
1001,hostel,Rumi hostels,72.985923260400000,33.643041026799999
1002,swimming_pool, ,72.763210363599995,33.770282467000001
1003,public_building,SCME Canteen,72.993560205300000,33.649386276700000
1004,public_building,Student Center and Concordia 1,72.990158489500004,33.646441097599997
1005,hotel,P.O.F hotel,72.736864713200006,33.780103123200000
1006,school,Govt. Primary School,74.208064679200007,32.129549959499997
1007,playground,Play Ground,74.208483750200003,32.129495132499997
1008,hospital,Hospital,74.207883186499998,32.129453747399999
1009,school, ,74.208883375499994,32.129488575800004
1010,hotel, ,74.207856850100001,32.130030593599997
1011,hospital,The Bilal's Clinic,74.205323415500004,32.130062698700002
1012,park, ,74.204641722000005,32.130060145900003
1013,bakery, ,74.204326703299998,32.129102493500000
1014,bakery, ,74.204120559399996,32.129500022000002
1015,butcher, ,74.203892976999995,32.130106654999999
1016,hostel,Attar 1,72.989241575700007,33.640020862900002
1017,hostel,Ghazali 1,72.987853904600001,33.640263983200001
1018,hostel,Ghazali 2,72.987536110999997,33.640707546100003
1019,hostel,Attar 1,72.988778884100000,33.639633306599997
1020,bicycle_shop,Bike work shop,72.986308490499994,33.640786535099998
1021,hostel,Razi 1,72.986836271599998,33.639734141399998
1022,university,NICE,72.985140279399999,33.640692762699999
1023,hostel,Razi 2,72.986439657999995,33.640031638000004
1024,university,NIT,72.984542019599999,33.640388599500000
1025,playground,Nice Cricket Ground,72.985683659399996,33.641324381200000
1026,pitch, ,66.582145756599999,29.022519184200000
1027,cafe,Concordia 2 (C2),72.988129407900004,33.643068112900004
1028,pitch, ,66.303550637399994,26.232735585499999
1029,shelter, ,72.987460282399994,33.644390662600003
1030,playground,Basket Ball Court,72.992463654700003,33.644322644100001
1031,hostel,Fatima Hostel Area,72.992049931400004,33.645577286100000
1032,hostel,Fatima 2,72.992327929200002,33.645525977299997
1033,hostel,Fatima 1,72.991737056299996,33.645732861799999
1034,park,NBS Lawn,72.991897727400001,33.644844604500001
1035,hostel,Zainab Hostel,72.993967973799997,33.645534250899999
1036,hostel,Ayesha Hostel,72.994398950199994,33.645037571700001
1037,hostel,Fatima Hostels Area,72.994161732999999,33.645316142299997
1038,zoo,Zoo,72.988022394500007,33.648062822100002
1039,park,IGIS Lawn,72.986965218099996,33.645672632900002
1040,playground, ,72.989993740000003,33.645438661000000
1041,shelter, ,72.987776848699994,33.645011236300000
1042,park, ,72.988040160099999,33.645219707300001
1043,park, ,72.988108743699996,33.644868827899998
1044,park, ,72.988316827700004,33.644749946700003
1045,park, ,72.987925888700005,33.645063391400001
1046,park, ,72.988500885500002,33.644672966199998
1047,park, ,72.988615084499997,33.644859539000002
1048,playground,Basketball Court,72.986557344299996,33.639292435999998
1049,playground,Futsal Ground,72.992544440900005,33.648055616500002
1050,hospital,MI Room,72.997905349700005,33.644128650200003
1051,water_tower,OHD,72.988055557899997,33.635767000900003
1052,university,SMME workshop,72.990723135799996,33.636187704800001
1053,sports_centre, ,73.021376457700001,33.721835073400001
1054,university,National Defence University,73.022252790400003,33.722092491399998
1055,shelter, ,73.021245830799998,33.722118246900003
1056,school,I.M.C.B,73.038361418799994,33.644062545499999
1057,school, ,73.037125836399994,33.642235312700002
1058,playground, ,73.037228522899994,33.640662109899999
1059,playground, ,73.041102483200007,33.643678549699999
1060,park, ,67.187602128999998,24.904717444300001
1061,pitch, ,67.184930850000001,24.905207950000001
1062,park, ,67.188068182400002,24.894557354500002
1063,university,"FAST- National University of Computer and Emerging Sciences, Islamabad",73.016436501699999,33.656465866200001
1064,park, ,73.749772133899995,33.146462978899997
1065,park,Park,73.734340360199994,33.151471922900001
1066,park,Bhutto Park,73.704252451700000,33.153626649099998
1067,park, ,73.847266437700000,33.035026286499999
1068,park,Sunset Park,73.606681649500004,33.120986020300002
1069,park,Park,73.724523845299998,33.152492112799997
1070,park,Park,73.810126724499995,33.041253220800002
1071,park,C4 Cricket Club,73.757864566500004,33.151093639599999
1072,college,Government Degree College,73.747672042900007,33.150182192000003
1073,park,Shaheen Park Sector C3,73.758861915200001,33.148315351100003
1074,hotel,New Cape Grace Guest House,73.069999261500001,33.721802045300002
1075,hostel,Allama Iqbal Hostel,73.090518890400006,33.703818461099999
1076,stadium,Go Karting,73.131971774600004,33.719690801100000
1077,public_building,Paint Balling,73.130630136700006,33.718379274299998
1078,supermarket,Shopping Centre,73.750904859900004,33.150775382200003
1079,pitch, ,66.604127302699993,27.809151134400000
1080,pitch, ,73.901440375899995,32.802757903900002
1081,park,Nishtar Park,67.033292277900003,24.874749224700000
1082,park, ,67.024792129299996,24.882665139099998
1083,graveyard, ,72.341549598900002,33.753570369899997
1084,graveyard, ,72.343243764999997,33.750759692000003
1085,wastewater_plant, ,72.653387351500001,34.068853612600002
1086,graveyard, ,72.655956451899996,34.021961316499997
1087,graveyard, ,72.658334822399993,34.023083743199997
1088,graveyard, ,72.657081835200003,34.022638304300003
1089,graveyard, ,72.656209842699994,34.021946583999998
1090,graveyard, ,72.656258714800003,34.022582838100000
1091,graveyard, ,73.041190791600002,33.609122939000002
1092,graveyard, ,73.032500185600000,33.622077430399997
1093,graveyard, ,73.031671120200002,33.621080698400000
1094,ruins, ,68.897264559000007,27.675246877300001
1095,archaeological,World Heritage Site of Makli Hills Monument,67.900329434599996,24.764056981100001
1096,attraction,World Heritage Site of Makli Hills Monument,67.900329434599996,24.764056981100001
1097,park, ,67.066143280099993,24.872341320400000
1098,park, ,67.058896952599994,24.845661382100001
1099,park, ,67.080874078799994,24.846068408800001
1100,park, ,67.033500727000003,24.821556104399999
1101,park,Neighbourhood Park,67.029555762499996,24.808611300500001
1102,park, ,67.021418851799993,24.828457058400002
1103,park, ,67.024723194700002,24.828088423899999
1104,park,Bakhtawar Park,67.026820081099999,24.825750753800001
1105,graveyard, ,67.078966558700003,24.853055975800000
1106,park, ,67.056306402700002,24.868687562000002
1107,graveyard,Azeempura Graveyard,67.161349933400004,24.875181896000001
1108,park, ,67.131488405100001,24.858234691500002
1109,park,Bukhari Park,67.076769038199998,24.805981264100001
1110,graveyard, ,67.056112868499994,24.818307004400001
1111,park,Walton Community Park,74.356465000000000,31.485735433300000
1112,graveyard, ,67.022299698899999,24.899723443599999
1113,park, ,67.023149292599996,24.895857732200000
1114,pitch, ,67.022858082900001,24.895157541100001
1115,pitch, ,67.023854799999995,24.894710950000000
1116,park, ,67.029064271500005,24.909968474100001
1117,park,Park Wonders Ground,67.026284849299998,24.922837658599999
1118,graveyard, ,67.022436124300000,24.927554083099999
1119,park,Mudassir Park,67.088679554799995,24.882560946900000
1120,pitch, ,67.079990676500003,24.892296078499999
1121,pitch, ,67.080593550000003,24.892162450000001
1122,pitch, ,67.080419789399997,24.892201957800001
1123,pitch, ,67.080170499999994,24.892258450000000
1124,playground, ,67.087778246699997,24.883200172599999
1125,park, ,67.090568334699995,24.878730176800001
1126,pitch, ,67.202669735399994,24.897806339799999
1127,pitch, ,67.207709258799994,24.899211913300000
1128,graveyard,Haji Dilbod Qubristan,67.203332113299993,24.884548357900002
1129,park, ,67.187095139700006,24.882685372299999
1130,pitch, ,67.068049342199998,24.892962921999999
1131,park,Chandni Chowk Park,67.064419272999999,24.890813530599999
1132,pitch, ,67.064546923600005,24.890216721800002
1133,college,PAF Air War College,67.114014971200007,24.888901357500000
1134,park, ,67.109382625799995,24.882893156200002
1135,pitch, ,67.112112350000004,24.885373449999999
1136,pitch, ,67.112272346300003,24.885386072799999
1137,park, ,67.109256072600004,24.895115758799999
1138,pitch, ,67.098522569300002,24.887457205499999
1139,pitch, ,67.118819549999998,24.879302549999998
1140,park, ,67.125897167299996,24.881836172200000
1141,park, ,67.129302760100003,24.883041428199999
1142,park,Nishat Park,67.066488266700006,24.799838200000000
1143,pitch, ,67.090869940299996,24.778952971399999
1144,park,Afza Park,67.053284881600007,24.991079619499999
1145,park,Family Park,67.060181439000004,24.987121972299999
1146,park, ,67.058433881300004,24.982006420000001
1147,pitch, ,67.060289192699997,24.983909048099999
1148,park, ,67.065233738399996,24.956755905600001
1149,park, ,67.057445360499997,24.961080117700000
1150,park, ,67.058707900000002,24.963433833300002
1151,park,Bi Amma Park,67.065001622599993,24.968986213899999
1152,park,Javaid Shaheed Park,67.067009940000005,24.961695253900000
1153,park, ,67.054755021700004,24.969938492600001
1154,pitch, ,67.061937589699994,24.970602882900000
1155,pitch, ,67.081361581099998,24.969916645200001
1156,pitch, ,67.081974208700004,24.966183916999999
1157,graveyard, ,67.094663554999997,24.976725010700001
1158,pitch, ,67.079454867600006,25.002293360600000
1159,pitch, ,67.082188506700007,25.002514031699999
1160,park, ,67.099311295800007,24.946232716200001
1161,park,Sardar Ali Sabri Park,67.097634057600004,24.939464186399999
1162,park, ,67.098249623000001,24.941072277500002
1163,school,Boys School,73.121044506900006,32.771224361500003
1164,school,Girls School,73.121861455000001,32.770698060800001
1165,school, ,73.097002075700004,32.778848635400003
1166,playground,Alfalah Block 16 Ground,67.081700240499998,24.936409665999999
1167,pitch,16 Start Football Ground,67.083077069400005,24.939820909200002
1168,park,Bagh-e-Mustafa,67.066441315600002,24.926935533200002
1169,park, ,67.144216526400001,24.822084793999998
1170,park, ,67.135432575500005,24.822254480700000
1171,graveyard,Chak 23 A.S.B Cemetery (Kabrastan),72.923257968900003,32.034286350400002
1172,park,CDGK Park,67.133183384299997,24.908754067099999
1173,pitch, ,67.114844571899994,24.913724570599999
1174,park, ,67.116157780899997,24.912266245200001
1175,pitch, ,67.129857004800002,24.929344797300001
1176,pitch,Alfalah Cricket Ground,67.050290650700006,24.936547716900002
1177,pitch, ,67.144937708399993,24.913046583800000
1178,park, ,67.130748785899996,24.911161771400000
1179,park, ,67.130053158699994,24.914830246099999
1180,graveyard, ,67.138641389000000,24.909150151399999
1181,park, ,67.151525435899998,24.936966532400000
1182,park, ,67.147216528100003,24.908082822000001
1183,stadium, ,67.148688617100007,24.909361760800000
1184,park, ,67.186209833600003,24.953772542100001
1185,pitch, ,67.188050605499996,24.962098471499999
1186,graveyard,Kabrastaan Chak 2/1-L,73.634665372499995,30.849761449700001
1187,park,Sher Khan Stadium,71.550233798700006,34.016394738000002
1188,school,St. Mary's School,71.543087660400005,34.014527630400003
1189,stadium,Qayyum Stadium,71.535158719300000,33.994379991599999
1190,hospital,Fauji Foundation Hospital,71.531779883100000,34.000832985700001
1191,school,FG Boys Public School,71.531645846499998,34.003030111400001
1192,college,FG Degree College For Boys,71.531917355199994,34.002142277399997
1193,school,FG Girls Public School,71.529791669600002,34.003626498899997
1194,park,Khalid bin Waleed Bagh,71.541578516399994,34.004598914699997
1195,bank,The World Bank Pakistan,73.096807476199999,33.720684099600000
1196,embassy,Embassy of Spain,73.105026199999998,33.722730400000003
1197,embassy,British High Commission,73.111425093799994,33.724225537099997
1198,embassy,High Commission of India,73.108908304600007,33.723128782499998
1199,embassy,Embassy of Switzerland,73.103131855100003,33.721238944600003
1200,embassy,Embassy of Turkey,73.107730680900005,33.724171507800001
1201,embassy,Embassy of Iran,73.109715486300004,33.725248872500003
1202,embassy,Embassy of Japan,73.104165273500001,33.720550836000001
1203,embassy,Embassy of France,73.106052751099995,33.717053257800004
1204,bank,Standard Chartered,73.106241638300006,33.721256433999997
1205,embassy,Embassy of Egypt,73.105570775399997,33.719670410399999
1206,bank,State Bank Of Pakistan,73.094777395600005,33.722123367599998
1207,town_hall,Federal Shariat Court,73.096949709699999,33.725605567599999
1208,park, ,73.041490946600007,33.724645542200001
1209,park, ,73.023845246299999,33.712032954999998
1210,park, ,73.028708903099997,33.714584023599997
1211,park, ,73.039826105900005,33.720457351800000
1212,park, ,73.033518546699995,33.717129904399997
1213,park,Madina Park,73.032137410700003,33.713733675999997
1214,school,CB Junior School No. 1,72.731291077099996,33.778339302299997
1215,park,Officers Colony Central Park,72.734215535999994,33.779527913499997
1216,college,P.O.F Science Degree College,72.727412702899997,33.773117624699999
1217,pitch, ,74.886858989800004,36.480309245299999
1218,graveyard,Khilji graveyard,66.992136680100003,30.187176222200002
1219,graveyard, ,66.982968453400005,30.185045907700001
1220,graveyard, ,66.953357865100003,30.180358490500002
1221,pitch, ,66.974416649999995,30.184117550000000
1222,sports_centre, ,66.974390597999999,30.184062405300001
1223,pitch, ,66.974147495500006,30.183530978600000
1224,graveyard, ,66.952245776300003,30.196036523000000
1225,stadium,Ayub Football Stadium,66.998130942100005,30.204022298000002
1226,pitch, ,66.998131950000001,30.204044050000000
1227,pitch, ,66.996530649999997,30.202375600000000
1228,pitch, ,66.995875450000000,30.202718000000001
1229,hotel,Serena Hotel,73.101994235299998,33.715377367499997
1230,hospital,Rural Health Centre Chattar Plain,73.121271229100003,34.610921625300001
1231,school, ,73.119033349600002,34.612039026200002
1232,stadium,Ayub National Stadium,66.998166643700003,30.201723303500000
1233,pitch, ,66.998190139800002,30.201661832300001
1234,pitch, ,66.998951800000000,30.195467799999999
1235,park, ,67.066834888900004,24.922770529899999
1236,pitch, ,67.072025856799996,24.916223834400000
1237,pitch, ,67.065712523800002,24.913108709700001
1238,park, ,73.154063300000004,33.567169399999997
1239,park, ,73.159150048300006,33.559918860600000
1240,park, ,73.062593621000005,33.565381649300001
1241,pitch,Askari-13,73.062387616400002,33.565484571900001
1242,park, ,73.067807491699995,33.544734991200002
1243,pitch, ,73.067863175799999,33.544669661699999
1244,playground,Sketing arena,73.064601342600000,33.565793812000003
1245,guesthouse,Silverstar Guest House,68.844843822200005,27.707378774599999
1246,hospital,Bhatti Child Care Hospital,68.845250729399993,27.707678034299999
1247,graveyard,Chak 36 NB Graveyard,72.726387765100000,32.123709488999999
1248,town_hall,Dera Balochan,72.731277190200004,32.125760536100003
1249,police,Patrolling Police Check Post,72.729888133299994,32.111238766500001
1250,hospital,Cheema Heart Centre,72.681792037199997,32.080269828200002
1251,restaurant,Queen's,72.678342025299997,32.065413628300000
1252,mall,Dreamland Shopping Mall,72.684225618699998,32.061659576799997
1253,university,University of Sargodha,72.683747406199998,32.074094602899997
1254,mall,Trust Plaza,72.667928745099999,32.081378496299997
1255,college,Talim ul Islam College,72.920439216899993,31.752260204700001
1256,school,Taleem ul Islam High School,72.917394138700004,31.752624681000000
1257,college,Fazaia Intermediate College Nur Khan,73.084490301800002,33.608900335000001
1258,hospital,Rawalpindi Institute of Cardiology,73.080668347100001,33.615601997799999
1259,school,KIPS,73.062311374800004,33.642871815500001
1260,hospital, ,73.095122217699995,33.551899020699999
1261,college,Fazaia Intermediate College Jinnah Camp,73.101077659100000,33.629454483099998
1262,pitch, ,73.094244090900006,33.553992555400001
1263,park, ,73.067212063300005,33.540600624500001
1264,park, ,73.070029237900002,33.538018336299999
1265,pitch, ,73.054541799999996,33.587693450000003
1266,park, ,73.047097648299996,33.592151675700002
1267,park, ,73.047238066700004,33.591597766699998
1268,swimming_pool,PC,73.056381423900007,33.588229345800002
1269,swimming_pool, ,73.038476119899997,33.591129670000001
1270,pitch, ,73.039361560700002,33.591478680700000
1271,park, ,73.038967304899998,33.590534177099997
1272,park, ,73.042289181200005,33.592993717299997
1273,park, ,73.041696893600005,33.592781683399998
1274,hospital, ,73.034001183599997,33.619450167399997
1275,university,Riphah International University,72.972476058200002,33.616720060500000
1276,college,Fauji Foundation Boys College,73.070490786099995,33.559912150099997
1277,college, ,73.069869028799999,33.558819231900003
1278,hospital,Attock Hospital (Ptv) Limited,73.080730940600006,33.554213401500000
1279,playground, ,73.079748548900000,33.554649024500002
1280,mall,Giga Mall Islamabad,73.158111551600001,33.521247374100000
1281,police,ADIALA JAIL,73.040282192999996,33.487643683899996
1282,park, ,72.920180686300000,31.748935113500000
1283,park, ,72.924116476199998,31.748207329900001
1284,park, ,72.918267103700003,31.748609059100001
1285,playground,Horse racing ground,72.918709430299998,31.750752075400001
1286,pitch, ,72.919638985000006,31.751056077099999
1287,pitch, ,72.918579300000005,31.751220400000001
1288,park, ,72.918604503200001,31.752532352900001
1289,park, ,72.908980737500002,31.755031202100000
1290,park, ,72.906579789899993,31.756634517799998
1291,guesthouse,Darul Ziafat,72.910784352700006,31.758538900700000
1292,park, ,72.913967913999997,31.762008843099999
1293,park, ,72.912945189400006,31.761116332699999
1294,playground, ,72.914616992899994,31.759498304499999
1295,park,502 Park,73.065180574899998,33.566736589900003
1296,college,502 Model College,73.063787203900006,33.570999328500001
1297,stadium,Bashir Ahmed,73.063650170900004,33.571986965400001
1298,pitch, ,73.064340000000001,33.571931100000000
1299,college,St. Mary's College,73.058832644700004,33.566420293500002
1300,college,APS,73.059424941499998,33.577798091399998
1301,school,FG Model School,73.037105207600007,33.592707164300002
1302,college,Army Medical College,73.034664435099998,33.589997071600003
1303,water_tower, ,73.060683200000000,33.578444300000001
1304,hotel,Blue Lagoon,73.054859345200001,33.588316401800000
1305,bank,State Bank of Pakistan,73.059387794599999,33.587790643500000
1306,school,Army Public School for Girls,73.063040358199999,33.582971389400001
1307,attraction,PINDI RACE CLUB,72.867046693099994,33.403410461199996
1308,hospital, ,74.308883898500000,31.509053972499999
1309,hospital,Military Hospital,73.044017319899993,33.595973269500000
1310,bank,Askari bank,73.028893874100007,33.602502547699999
1311,hospital,Hassan Clinic,73.029049280500004,33.603478864700001
1312,hospital,Valley Clinic,73.024249846399996,33.604061344700000
1313,hospital,Maryam Mamorial Hospital,73.024530286300006,33.603966346500002
1314,cinema, ,73.046873763199997,33.595175221799998
1315,cinema, ,73.046526702300000,33.595627777200001
1316,park, ,73.046296407400007,33.596434663600000
1317,bank,HBL,73.078385609099996,33.555135857700002
1318,supermarket,ARL Fair price shop,73.078049828000005,33.554276643900003
1319,hotel,Shalimar,73.058387950300002,33.587992919300000
1320,school, ,73.056257487400003,33.587802336099998
1321,hospital,Nusrat Hospital,73.024653935700002,33.603864818500000
1322,hospital,Azmat Rashid,73.024031242500001,33.604087848100001
1323,park, ,73.057140180800005,33.566774554699997
1324,park, ,73.056724050000000,33.566910700000001
1325,playground, ,73.059125526100004,33.564742798600001
1326,playground, ,73.059701780400005,33.568017425400001
1327,playground, ,73.078896854199996,33.554974247300002
1328,park,ARL Park,73.076840103400002,33.546651180500000
1329,hospital,Al Syed Hospital Kidney Center,73.087962715299994,33.559270662499998
1330,hospital,Basharat Hospital,73.089463507999994,33.558703689700003
1331,hospital,Amjad Medical Center,72.995879241799997,33.614579037799999
1332,college,Govt College for Women Peshawar Road,72.999360582899996,33.612009925999999
1333,pitch, ,73.079287645199997,33.585738865499998
1334,pitch, ,73.080357983799999,33.589861642999999
1335,park, ,73.078534031499998,33.585014334999997
1336,school,FG Liaqat College for boys,73.001989354499997,33.611134545100001
1337,school, ,73.059839571200001,33.573283932800003
1338,school,FG Technical  High School Tariqabad,73.055983413999996,33.578457465400000
1339,school,FG Girls High School,73.055886355900000,33.580112717900001
1340,school,Presentation Convent High School,73.056492676800005,33.584177161000000
1341,school,St Catherine'sConvenent and Orphanage,73.056349153699998,33.583177754499999
1342,university,NUST,73.055202916900001,33.583327015300000
1343,shoe_shop, ,73.568818149999998,31.907660100000001
1344,park, ,73.066862119899994,33.569040573300001
1345,park, ,73.066657033300004,33.568697399999998
1346,park, ,73.046638208499999,33.580131135800002
1347,park, ,73.046416567199998,33.579791170699998
1348,park, ,73.047093861299999,33.579774511099998
1349,park, ,73.047859910100001,33.579837715399997
1350,park, ,73.045835139499999,33.580960270299997
1351,pitch,GC Oval,74.306881207100005,31.572778866899998
1352,college,TI College MSc Section,72.917891364499994,31.743096079499999
1353,university,Fatima Jinnah Medical University,74.319825439699997,31.555046401100000
1354,hospital,Sir Ganga Ram Hospital,74.321784990599994,31.554271305899999
1355,playground,KEMU Hostel Ground,74.318645398300006,31.568960511600000
1356,university,KEMU Men's Hostels,74.319046687799997,31.567951320700001
1357,stadium,Jalalabad Stadium,73.478088819099995,34.353465792999998
1358,monument,Alexanders Monument,73.408652547700001,32.664835418700001
1359,park, ,74.254412564099994,31.502042553100001
1360,park, ,74.253723078500002,31.502044994700000
1361,car_dealership,Toyota Rawal Moters,73.107235238399994,33.541734292500003
1362,water_works,Water storage tank,74.413328253700001,31.533825550000000
1363,pitch, ,74.413296500000001,31.533305649999999
1364,pitch, ,74.413265965500003,31.532943732200000
1365,park,Sector C Park,74.414148650000001,31.533385899999999
1366,playground,Sector B,74.413056450300004,31.536973195300000
1367,park,Sector B Park,74.413879848799994,31.537206425899999
1368,school,Baeconhouse,74.420800725099994,31.537658265299999
1369,park,Sector A Park,74.420147660100000,31.537355002700000
1370,playground, ,74.420385057499999,31.532834574199999
1371,park,Sector D Park,74.419971647400004,31.533130120399999
1372,park,Lahore Airport Park,74.418758273899996,31.520524267799999
1373,park, ,74.418891642600002,31.527652991200000
1374,park, ,74.413867424299994,31.524503266699998
1375,park, ,74.413775624300001,31.516649000000001
1376,park, ,74.424763857000002,31.497788121300001
1377,park, ,74.426445123500002,31.498589755699999
1378,playground,Playland Rawalpindi,73.090149891600007,33.561464501300001
1379,graveyard,Tari Khel Irregation Scheme,71.540035330799995,32.686427383199998
1380,park, ,74.416212241599993,31.509520564399999
1381,graveyard,Cantt GPO,74.382566979200007,31.528485806999999
1382,hotel,Serina Hotel,74.422463803200003,31.541112495200000
1383,pitch,Govt. Post Graduate Degree College For Boys Bhimber (AK),74.059549272900000,32.954627457999997
1384,park,Theme Park DHA Phase 8,74.434170504999997,31.522766393500000
1385,park, ,74.444967320200007,31.519090225399999
1386,park, ,72.785134684499994,33.319734317100000
1387,park, ,72.786060818899998,33.319192211199997
1388,park, ,72.783023690799993,33.320970733300001
1389,park, ,72.782083810000003,33.321508344900003
1390,golf_course,Defence Raya Golf Club,74.471634704899998,31.469636966200000
1391,park, ,74.394226616400005,31.551271072799999
1392,park, ,74.395029666699998,31.547649700000001
1393,park, ,74.397188033500001,31.547495336200001
1394,park, ,74.393054500000005,31.548432533300002
1395,park, ,74.395621573400007,31.545011676000001
1396,park, ,74.395274312400005,31.544486834499999
1397,park, ,74.394166724399994,31.544800087900001
1398,park, ,74.391792600000002,31.546603933299998
1399,park, ,74.392462972100006,31.548486076000000
1400,park, ,74.390865209099999,31.547958902100000
1401,park, ,74.382295950000000,31.589317900000001
1402,park, ,74.380895499999994,31.589082399999999
1403,park, ,74.381163837000003,31.587898271800000
1404,park, ,74.382577049999995,31.588134950000001
1405,park, ,74.383003060600004,31.587234327000001
1406,park, ,74.381199350000003,31.586930299999999
1407,park, ,74.381592325599996,31.586043607299999
1408,park, ,74.383055478200006,31.586293043500000
1409,park, ,74.383319221600004,31.585086406999999
1410,park, ,74.381894799999998,31.584830950000001
1411,park, ,74.384318721599996,31.585872109000000
1412,playground, ,73.084391937600003,33.565557338200001
1413,park,Ayub National Park,73.083554938299997,33.567982786300000
1414,attraction,Minar-e-Pakistan,74.309484800000007,31.592510833300000
1415,monument,Minar-e-Pakistan,74.309484800000007,31.592510833300000
1416,park,Iqbal Park,74.312256620900001,31.592191512500001
1417,attraction,Iqbal Park,74.312256620900001,31.592191512500001
1418,park, ,74.434438189500000,31.459459490499999
1419,park, ,74.433717391599998,31.460351446899999
1420,golf_course,Garrison Country & Golf Club,74.396018487399999,31.538865755600000
1421,park,Divine Garden Park,74.415006901599995,31.502820946100002
1422,park,Children Park,74.411159345800002,31.503081687700000
1423,park,Green Circle,74.411929982700002,31.502238063600000
1424,park,Park,74.411877155300004,31.502049613699999
1425,park,Grean Area,74.411982660400000,31.501796012100002
1426,park,Children Park,74.413152353000001,31.500813678699998
1427,park,I.G Park,74.416343714099995,31.500888783400001
1428,park,D.G Nursery,74.418355215399998,31.501843272700000
1429,park,Green Belt,74.417587487999995,31.502272005100000
1430,park,Green Area,74.418055084900004,31.502653624299999
1431,park,Green Belt,74.418741411300005,31.502260793800001
1432,park, ,74.410039237899994,31.497319096900000
1433,restaurant, ,72.717100545500003,32.768317435699998
1434,restaurant, ,72.885476245199996,32.452917298400003
1435,park, ,72.886190847400002,32.453692092899999
1436,convenience, ,72.887075150000001,32.455201750000001
1437,convenience, ,72.886922400000003,32.453815499999997
1438,restaurant, ,72.888508638499999,32.456052747000001
1439,park, ,72.887829342600000,32.455329258500001
1440,park, ,73.112619975000001,31.968092350799999
1441,park, ,73.114562762000006,31.971422870500000
1442,park,Simla Hill,74.335840248599993,31.562322665300002
1443,stadium,Zahoor Elahi Stadium,74.081954618300003,32.585703104399997
1444,pitch, ,74.393296237599998,31.527990518199999
1445,pitch, ,74.393452544400006,31.528345377400001
1446,pitch, ,74.392877885199994,31.528060084000000
1447,park, ,74.393198322200007,31.528382346400001
1448,park, ,74.429456755600000,31.554873730400001
1449,college,Swedish Pakistani Institute of Technology,74.052650782699999,32.591171638200002
1450,park, ,74.428517761300000,31.553648405899999
1451,park, ,74.428032032100006,31.546831296600001
1452,park, ,72.975227966700004,33.659836610500001
1453,park, ,73.568171493899996,31.907355822600000
1454,park, ,73.569302642300002,31.909274358299999
1455,zoo,Jungle Kingdom,73.084957733799996,33.565624028999999
1456,sports_centre, ,74.329572400000004,31.513081849999999
1457,sports_centre, ,74.330157277400005,31.512962408400000
1458,stadium,Sheikhupura Cricket Stadium,73.975363488300005,31.707922121599999
1459,pitch, ,73.974352049999993,31.707083300000001
1460,playground, ,73.975068315499996,31.707982813499999
1461,park, ,73.067897874500005,30.298712847899999
1462,park, ,73.069053148999998,30.287686176600001
1463,school,Govt Girls High School,73.067557478900000,30.287499714399999
1464,park, ,72.727520939000001,33.792033277900003
1465,hospital,Noori,72.720720165900005,33.793077843100001
1466,swimming_pool, ,72.902194859100007,31.760941971800001
1467,hospital,Elahi Baksh,72.721639992899995,33.792438140999998
1468,hospital,Uppal,72.724435302100005,33.790510026699998
1469,bank,bank islami,72.725199958800005,33.789878506500003
1470,bank,alied bank,72.725740346699993,33.789618879599999
1471,park, ,72.719329836599996,33.793292736799998
1472,school, ,72.721183861300005,33.784158128199998
1473,supermarket, ,72.723707168199994,33.784394527499998
1474,supermarket, ,72.724949498100003,33.784202256299999
1475,supermarket, ,72.724525950000000,33.783732250000000
1476,supermarket, ,72.724181724000005,33.784807770400000
1477,supermarket, ,72.723861149900003,33.783854687000002
1478,park, ,72.724258665099995,33.784171765000004
1479,supermarket, ,72.722421011400002,33.781990554899998
1480,supermarket, ,72.722362152299993,33.782714677800001
1481,park, ,73.043433563600004,33.597755559200003
1482,park, ,72.748826559999998,33.798614376300002
1483,park, ,72.749555186099997,33.802596828200002
1484,park, ,74.430716453599999,31.552618296199999
1485,restaurant,Rawaj Benquet Hall,72.997305489100000,33.614496196799998
1486,park, ,73.036922839900001,33.600037632800003
1487,park, ,73.084434866699993,33.605841966699998
1488,park, ,73.079607546500000,33.594739716900001
1489,park, ,72.917333890500004,31.758146180099999
1490,park, ,72.912181770000004,31.758154623199999
1491,playground, ,72.914168572899996,31.752997424000000
1492,playground, ,72.915555757700005,31.752777699999999
1493,playground, ,72.917069053899993,31.753127850399999
1494,park, ,72.916631439200003,31.752129372799999
1495,playground, ,72.919803346799995,31.751952279099999
1496,park, ,72.921064955800006,31.751802919799999
1497,park, ,72.919789013200003,31.752677653999999
1498,park, ,72.921475902099999,31.747150892699999
1499,shelter, ,72.706924916899993,33.745455781700002
1500,shelter, ,72.702479122599996,33.742149917600003
1501,school, ,72.720496833799999,33.785568318199999
1502,supermarket,plaza,72.720098961000005,33.782111510900002
1503,supermarket,izat alishah,72.722968459599997,33.783624919799998
1504,school,APS,73.067776373900003,33.577148526099997
1505,park, ,73.067673931200005,33.577006421999997
1506,park, ,74.350519539299995,31.565562191800002
1507,stadium,Railway Stadium,74.350632566499996,31.565603876200001
1508,park, ,74.335349010900003,31.576316292500000
1509,swimming_pool, ,74.327309451199994,31.559472807300001
1510,park, ,74.327836524199995,31.558793437399999
1511,track,Race track,74.391840391499997,31.528433496500000
1512,pitch, ,74.391826714000004,31.528408742800000
1513,park, ,74.344599525000007,31.509987518399999
1514,supermarket, ,74.053677533300004,32.588562099999997
1515,supermarket, ,74.053627861300001,32.588031443100000
1516,supermarket, ,74.053137870800001,32.588275910699998
1517,supermarket, ,74.054040702600005,32.587011605400001
1518,pitch, ,73.081163146500003,33.556020083500002
1519,swimming_pool, ,74.338480799999999,31.552282150000000
1520,park, ,67.035955756600003,24.909285624199999
1521,restaurant, ,73.078422874400005,33.569349871900002
1522,guesthouse, ,73.079799304999995,33.567186587300000
1523,school,? School,73.027513444500002,33.614686708599997
1524,hospital, ,73.026738893499996,33.615300284900002
1525,park, ,73.026601286800002,33.615077689400003
1526,school, ,72.731738582500000,33.785441824800003
1527,comms_tower,UFone,72.696126500000005,32.761090150000001
1528,comms_tower, ,72.696457100000003,32.760710400000001
1529,school,saint paul,72.732087293999996,33.790592751100000
1530,supermarket, ,72.746501763500007,33.796721636100003
1531,park, ,72.763965702500002,33.767789092100003
1532,park, ,72.765723863999995,33.765785304500000
1533,college, ,72.760700633799999,33.769691412999997
1534,supermarket,Aslam market,72.767481794000005,33.765248166299997
1535,park, ,72.747723199999996,33.797288466700003
1536,park, ,72.747759866699994,33.797515833299997
1537,school,Govt High School,72.748496843400005,33.796943074500000
1538,school,POF model School,72.749417208599994,33.794525374700001
1539,school,F.G High School,72.752393602699996,33.773407358900002
1540,college,Edwards College Peshwar,71.551304769699996,34.006334559800003
1541,park, ,71.551721842500001,34.021714834000001
1542,pitch, ,71.545744655199996,34.006542429100001
1543,park, ,72.728465120999999,33.856818261400001
1544,park, ,74.423909186600000,31.539445269500000
1545,park, ,74.425039604299997,31.537750722199998
1546,park, ,74.424910233399999,31.538864357800001
1547,park, ,74.425388405500001,31.540313808899999
1548,park, ,74.428130396300006,31.539565050000000
1549,park, ,74.427096013799996,31.540625576800000
1550,park, ,74.425755618599993,31.541227653600000
1551,park, ,74.425336371599997,31.541950379300001
1552,park, ,74.426384020900002,31.542540237699999
1553,park, ,74.425716392799998,31.542721023999999
1554,park, ,74.424382663900005,31.540087993099998
1555,park, ,74.426971426600005,31.537687595700000
1556,park, ,74.426715641000001,31.538330500299999
1557,school,Govt.Girl School,74.433308808099994,31.561233851099999
1558,school,Govt. Boys School,74.433210862999999,31.562376815299999
1559,school,Zahid Model High School,74.433133055499994,31.562251444400001
1560,school,Allamgir School,74.434156794399996,31.558079852500001
1561,restaurant,Akbar Restaurant,74.091788032200000,32.479926484400004
1562,park, ,73.095002846000000,33.551439048900001
1563,park, ,73.095012667700004,33.550926931900001
1564,park, ,73.095081166300005,33.550562061299999
1565,park, ,73.094977278900004,33.552381050400001
1566,park, ,73.094711225500006,33.552642091700001
1567,park, ,73.095193367999997,33.554200324000000
1568,park, ,73.094674081899996,33.555499050700000
1569,park, ,73.093981704599997,33.555895542999998
1570,hospital,Quaid-e-Azam International Hospital,72.973022517199993,33.625081364300001
1571,university,Ghulam Ishaq Khan Institute Of Science and Technology,72.645944637200003,34.074438473699999
1572,sports_centre,Sports Complex,72.639611293499996,34.067894832199997
1573,pitch, ,72.642674419100004,34.068163244799997
1574,pitch, ,72.640552537600001,34.067986273000002
1575,playground, ,72.641679910799994,34.068310077000000
1576,supermarket,itwar bazar,72.744564087300006,33.767304411200001
1577,playground, ,71.560750623100006,34.012269055899999
1578,school, ,71.533051797300004,34.012280178899999
1579,pitch, ,71.555654784900000,34.013697699200002
1580,monument,Tomb of Noor Jahan,74.294757872299996,31.620918015099999
1581,monument,Tomb of Jahangir,74.303248667899993,31.622570391600000
1582,park,Jalalabad Garden,73.476596582799999,34.360472929499998
1583,pitch, ,73.469909644300003,34.359226546300000
1584,university,University of Jammu and Kashmir,73.469841517700004,34.374001912799997
1585,university, ,74.075577262400003,32.571790095099999
1586,park, ,74.075899960000001,32.561272233200000
1587,supermarket, ,74.077651462700004,32.563878064400001
1588,school,Govt. Pirmary School,74.425709291499999,31.560640478800000
1589,park,Wah garden,72.701574715099994,33.800994065799998
1590,restaurant,WAH CONTINANTAL,72.712612286500004,33.798384725900000
1591,department_store, ,72.707048823700006,33.800921426599999
1592,restaurant,GREEN LAGON,72.711868892499993,33.797426330400000
1593,department_store,toZ Shopping Mall,72.707336601300000,33.800708501000003
1594,department_store,WAH MEGA MART,72.718735297400002,33.794404029200003
1595,university, ,72.787978794899999,33.747028458800003
1596,university, ,72.788911650000003,33.746295050000001
1597,park, ,72.797771896399993,33.739387533699997
1598,university, ,72.790829625100002,33.741651594899999
1599,university, ,72.786546921799996,33.744229941900002
1600,university, ,72.788891630899997,33.743066638999998
1601,college, ,72.784020776700004,33.745733554300003
1602,supermarket, ,72.770670878800004,33.762361238200000
1603,park, ,72.754460708500005,33.765930205600000
1604,school,Quaid-e-Azam School,73.007863315400002,33.610901033799998
1605,park, ,73.020236726899995,33.609019205099997
1606,school, ,73.078624714699998,33.554313492600002
1607,hospital,Hearts International,73.059444328400005,33.589536219300001
1608,hotel,De-Mall,73.057906441900002,33.587653102099999
1609,pitch, ,73.110088250000004,33.575142800000002
1610,stadium,APSACS BHIMBER (AK),74.071958106899999,32.974274640600001
1611,monument,Burewala chowk,72.681553262500003,30.159250083400000
1612,pitch, ,73.015345295499998,33.606646085000001
1613,school,Beacon House Senior branch Boys and girls,73.015321127999997,33.606561237900003
1614,school,Beacon House Primary Branch,73.017301187399994,33.606116631600003
1615,park,Bagh-e-Rizwan,73.028494794200000,33.601383111399997
1616,park, ,73.035088432500004,33.590324550299997
1617,park, ,73.032881630999995,33.589080506599998
1618,park, ,73.037434289600000,33.591557377699999
1619,park, ,73.036957656400006,33.591278123000002
1620,car_dealership,Modern Motors (Suzuki),73.018842060099999,33.606717714299997
1621,car_dealership, ,73.019587962100005,33.605554287200000
1622,park, ,73.019653222000002,33.605760443100003
1623,graveyard,Orangi Town Sec 11,66.980751747799999,24.956235650200000
1624,park, ,67.051855533299999,24.962794966699999
1625,graveyard, ,67.031453156900000,24.949118818199999
1626,pitch, ,67.003309455899995,24.947436355200001
1627,pitch, ,66.996364377000006,24.940740478799999
1628,park, ,66.997035640899995,24.940384955500001
1629,park,Khawateen Family Park,67.000287212399996,24.948333952199999
1630,graveyard, ,66.972483185100003,24.916227424199999
1631,pitch, ,66.968713203600004,24.921802240300000
1632,graveyard, ,66.978590847000007,24.921158677899999
1633,pitch, ,66.966421024599995,24.908830568500001
1634,pitch, ,66.966777024699994,24.912427432900000
1635,university,University of Gujrat,74.162632454900006,32.637588139800002
1636,school,Jinnah Public School and College,74.162031580600001,32.641030675800003
1637,park, ,67.023834686300006,24.945834961799999
1638,hostel, ,74.166754088000005,32.647796128899998
1639,park, ,67.014160923299997,24.938086585800001
1640,park, ,67.000498990599993,24.921337651599998
1641,pitch, ,66.997889383599997,24.921687824399999
1642,park, ,66.998206178199993,24.920359640299999
1643,pitch, ,66.968658492599999,24.928829319799998
1644,park, ,74.429601152000004,31.562323899900001
1645,park, ,74.433988224900006,31.562074066499999
1646,park, ,74.408080089899997,31.540931213099999
1647,park, ,74.412667230599993,31.540781003399999
1648,park,Tabinda Kanwal Park,67.001772446999993,24.953330329100002
1649,pitch, ,66.990790647599994,24.925838691500001
1650,pitch, ,66.989201885000000,24.928278147800000
1651,pitch, ,66.998014713299995,24.935510890400000
1652,graveyard, ,66.989611976700004,24.933616010600002
1653,park, ,66.994267573299993,24.938310881600000
1654,park,Bagh-e-Afza,66.957462554499998,24.936449502500000
1655,pitch, ,66.963990585299996,24.933600624899999
1656,park, ,73.020472394799995,33.605958849899999
1657,park, ,73.020173936199996,33.606334158000003
1658,attraction,Darbar Barilla Sharif,74.393021894399993,32.744415770200000
1659,park, ,73.080037547700002,33.559491947500000
1660,park, ,73.080213293000000,33.559920771000002
1661,park, ,73.079613950899997,33.556238448899997
1662,park, ,73.064612833300004,33.561033266700001
1663,park,Shadman Market Park,74.329798921899993,31.539066018800000
1664,school, ,73.068155348199994,33.577436173700001
1665,park, ,73.081089789999993,33.554091260600003
1666,park, ,73.081475373900005,33.554510852999996
1667,graveyard, ,66.980434770700001,24.945344055100001
1668,pitch, ,66.979032011100003,24.945702329400000
1669,graveyard, ,66.971606103900001,24.941660697200000
1670,graveyard, ,66.968491491199998,24.945012650399999
1671,park,Askari 7 Park,73.062920480700001,33.561339909700003
1672,graveyard, ,66.980793102000007,24.941080741499999
1673,park, ,73.069879675600006,33.547861065100001
1674,college,Punjab College,72.975715713400007,33.623115336300003
1675,graveyard, ,67.032924639100003,24.975165914200002
1676,hospital, ,73.009144453499999,33.609908128100003
1677,college, ,73.009551279999997,33.610270822700002
1678,park, ,73.027932620700000,33.598994454200003
1679,park, ,73.054495532700003,33.596047423500004
1680,pitch, ,67.022476585999996,24.949288880299999
1681,park,Askari Park,67.063026538900004,24.894760465699999
1682,pitch, ,67.058782437100007,24.892909769999999
1683,police, ,72.755943621900002,33.770511263600000
1684,supermarket,csd,72.755148837999997,33.767495919200002
1685,school, ,72.760924268899998,33.764325452900003
1686,park, ,67.084775821999997,24.914490128400001
1687,park, ,67.082593320100003,24.913676912000000
1688,pitch, ,67.058342258400003,24.901689647300000
1689,school, ,72.767571924199999,33.762632524399997
1690,park, ,72.727143778300004,33.783303124800000
1691,bank, ,74.181020631500004,32.731429875200000
1692,park, ,73.063661678499997,33.559566150300000
1693,park, ,73.062277708300002,33.559439785899997
1694,park, ,73.060871072799998,33.560006764999997
1695,mall,Rafay,73.014491906800004,33.607002837499998
1696,park, ,73.073199646399999,33.584956871099997
1697,park, ,73.072396400000002,33.584991400000000
1698,park, ,73.073993846199997,33.584924142500000
1699,park, ,73.071594700000006,33.585028600000001
1700,park, ,73.071536050000006,33.584216650000002
1701,park, ,73.072338210200002,33.584181174500003
1702,park, ,73.080673956300004,33.598098954000001
1703,park, ,73.081718589800005,33.598502818599997
1704,park, ,73.082935687599999,33.598745110899998
1705,park, ,73.079733347399994,33.596824341000001
1706,water_tower, ,73.078267449300000,33.589157784100003
1707,pitch, ,73.078472472599998,33.589587384900000
1708,playground, ,72.762012089699994,33.772933960600000
1709,hospital,POF hospital,72.784751615199994,33.750920201000000
1710,bank,NBP,73.046265267799996,33.596640349099999
1711,police, ,73.049806834699993,33.599306942399998
1712,park, ,66.993924474600007,24.921461205500002
1713,hotel,Pearl Continental,73.469783950899995,34.348874887100003
1714,hostel, ,73.140720799999997,33.747185649999999
1715,hostel, ,73.141346710899995,33.746823124899997
1716,hostel, ,73.140762699999996,33.746479399999998
1717,hostel, ,73.140216499999994,33.746005699999998
1718,hotel,Rest House,73.341516710899995,33.720113593900003
1719,graveyard,Liaquatabad Qubristan,67.040128355299998,24.895772590100002
1720,hotel,Pearl Continental Hotel Bhurban,73.459668564400005,33.955625180799998
1721,park, ,74.326945103000000,31.585612049800002
1722,guesthouse,Public Works,73.818123679899998,33.810272223799998
1723,guesthouse,Tourists,73.813552396000006,33.810683694799998
1724,school, ,73.079153719399997,33.553722636200000
1725,school, ,72.725815862000005,33.780926450099997
1726,restaurant,Jacaranda Family Club,73.163391164999993,33.534242955400003
1727,gift_shop, ,73.165225400799997,33.534005443100000
1728,sports_centre,Moosa Stadium,67.025941427999996,30.209907315300001
1729,pitch, ,67.026502456000003,30.208900782499999
1730,track, ,67.025286864500004,30.210458331400002
1731,pitch, ,67.025299601800000,30.210455844199998
1732,college,P.O.F Science Degree College,72.727698472200004,33.773338553599999
1733,tower, ,68.465258736099997,28.283787589700001
1734,ruins, ,66.173899388999999,27.453112983200000
1735,bank,mezan,72.727201554800004,33.788489221500001
1736,college, ,72.727782866699997,33.788739566700002
1737,school, ,72.729864340700004,33.789705645100000
1738,college, ,72.727385063100002,33.788823149899997
1739,school, ,72.726940266699998,33.789058633300002
1740,college,F.S. college,72.721290699999997,33.788568300000001
1741,police,Women police station,73.075034072899996,33.587092208100003
1742,graveyard, ,66.968183833200001,30.162703456300001
1743,graveyard, ,66.969427642699998,30.164140652400000
1744,pitch, ,68.901010870199997,26.984351798300001
1745,sports_centre,G11/3 Sports Centre,72.997177266099996,33.671277776899998
1746,hotel,Pearl Continental Hotel,62.328765485900000,25.103450061600000
1747,graveyard, ,66.995742786099996,24.974343467499999
1748,pitch, ,66.972421891400003,24.967701059300001
1749,park,Mishaim Kazmi Park,67.058745270000003,24.997579217199998
1750,graveyard, ,67.050547885900002,24.995561975600001
1751,comms_tower, ,65.523708150000004,27.050884000000000
1752,college,Science college,74.064363083200007,32.575022777999997
1753,school,Danish Public School,72.495369205299994,29.681356537399999
1754,college,Degree College for Boys,72.513384223299994,29.686502922100001
1755,college,Government Degree College for Women,72.555811135599996,29.697013284099999
1756,hospital,THQ Hospital,72.555352373299996,29.694383045799999
1757,water_tower, ,66.998002806599999,30.200666203800001
1758,hospital,District Headquarter Hospital,73.254352504400003,30.007522372400000
1759,school,Colony High School,73.260692621800004,30.007585733799999
1760,stadium, ,73.268425523199994,30.005586158100002
1761,hospital,Tehsil Hospital,73.142096298799999,29.611388380499999
1762,school,HIGH SCHOOL,74.086886384099998,32.607469500699999
1763,restaurant,Sufina Marriage Hall,74.079529712099998,32.610943804400002
1764,college,Degree College,72.843255745700006,29.540332147000001
1765,college,Swedish college,72.720509000500002,33.770783437100000
1766,supermarket,CSD,72.730769717499996,33.784968098199997
1767,school,Shabbir Public School,72.750142134300006,33.803383230800002
1768,restaurant,noor,73.898278465000004,32.768195594300003
1769,pitch,Lyari Football Ground,66.991956569600006,24.871149870699998
1770,park,Moulvi Usman Park,66.995868456099998,24.868854308100001
1771,college,Post Graduate College,73.775215783799993,33.987835709899997
1772,bank,BAL,72.730031971000002,33.837960446899999
1773,restaurant,McDonald's,74.265166823599998,31.735142020100000
1774,playground,degree college playground kotli,73.903769965300000,33.515028161300002
1775,restaurant,Food Street,73.084990318699994,33.717443499200002
1776,supermarket,U Mart,73.900453049999996,32.765615750000002
1777,restaurant,TDCP,73.901265816999995,32.764414741099998
1778,park,Panjan kasana child park,73.901769143199999,32.763434227399998
1779,graveyard, ,66.950170103299996,24.933343205900002
1780,school,MB Girls high school,73.959944025900000,32.698203499199998
1781,monument,Tomb,71.453062520299994,33.613619182800001
1782,pitch,Foot Ball Stadium,71.461915405799999,33.617366892800000
1783,stadium,Cricket Stadium,71.460344781000003,33.616084703699997
1784,pitch,Hokey Field,71.460679310200007,33.617573779099999
1785,hospital,Al Shifa Eye hospital,71.472964033200000,33.616125234800002
1786,hospital,KDA Gov. Hospital,71.471987576900005,33.614387712700001
1787,golf_course,Naval Golf Club,66.927124519399996,24.935003216199998
1788,park,Race Course Park,74.336419668600001,31.543736194200001
1789,park,Gulshen-e-Iqbal,74.552905952600000,32.474035857399997
1790,park,Baag-E-Saman Family Park,67.075422609000000,24.946395440600000
1791,school,Ibrahim Ali Bhai School,67.078713110400003,24.945847258899999
1792,playground,14-Masomeen Ground,67.080112035799999,24.944694656900001
1793,public_building,Haryalliz Marriage Lawn,67.079376173000000,24.945368077000001
1794,park, ,73.446866159500004,30.812654072699999
1795,school,31 chak school,72.877253242899997,31.492544023800001
1796,park,T-Ground,67.078492258500006,24.928521466399999
1797,water_tower, ,71.470933684299993,33.670033467600000
1798,school,G. Primery School,74.045770348399998,32.644473090900000
1799,graveyard, ,66.981956769299998,30.198609555600001
1800,graveyard, ,66.980346163400000,30.199020144300000
1801,wastewater_plant, ,66.978265948399994,30.194729015699998
1802,wayside_shrine,Shrine of Hafiz Hayat,74.161283446599995,32.638491350499997
1803,university,University of ...,71.752836093599996,29.375708941500001
1804,fountain, ,71.664946979199996,29.394607560800001
1805,monument,Saraiki Chowk,71.664949044500005,29.394608602400002
1806,college,Gujrat Law College,74.103003875599995,32.585420508200002
1807,restaurant,marriage hall,74.094340521099994,32.580899963800000
1808,restaurant,marriage hall,74.093995608300006,32.580818169799997
1809,school, ,74.047852745900002,32.593885839499997
1810,pitch, ,74.309169600000004,35.923889899999999
1811,school, ,74.067938102599996,32.566153234500000
1812,college,UOG railway road College,74.066943357499994,32.566058515899996
1813,guesthouse,rest_house,73.203117905499994,35.357340932100001
1814,water_mill, ,73.168260250000003,35.297828199999998
1815,restaurant,resturant,73.178990549999995,35.241213899999998
1816,park, ,74.202077034699997,32.165210926999997
1817,park, ,74.202632689100000,32.155213142199997
1818,stadium,Jinnah Stadium,74.191125971800005,32.163532782899999
1819,town_hall,Lahore International Expo Centre,74.260185410800005,31.464710763799999
1820,restaurant,Akhter Hotel,73.394196575799995,33.150425115700003
1821,park, ,74.279458255799995,31.476070214899998
1822,hospital,Nafees Hospital ISRA University,73.205345910500000,33.654903899099999
1823,school, ,74.282412530599998,32.833808203600000
1824,college,College For Men H-9,73.055096829799993,33.670402132000000
1825,university,"NAZIR LIBRARY, NUML",73.050698146700000,33.667117576700001
1826,park,Park,74.287389632100002,31.523569432700000
1827,water_tower, ,71.379716136100001,33.999506056100003
1828,prison,Mandi Bahaudin Jail,73.485382913600006,32.582282618599997
1829,hospital,Benazir Bhotto Shaheed Hospital,75.534175890399993,35.322571943500002
1830,university,Cadet College Skardu,75.511153766999996,35.350051648300003
1831,pitch,Pasni Soccer Ground,63.471631594800002,25.262444789700002
1832,park,Pasni Cricket Grount Ward  no 6,63.471044967399997,25.257737490899999
1833,university,Pasni College,63.398185009800002,25.268588327600000
1834,hospital,Kumila Hospital,73.218940351000001,35.262875516000001
1835,park, ,67.023173096799994,24.832945253700000
1836,park, ,73.057121991599999,33.607314807300000
1837,school,SLS,73.067978405999995,33.591656299500002
1838,school,Govt. Girls Secondary School Bucha,73.256128154999999,33.348816438599997
1839,school,Govt. Boys Primary School Bucha,73.247280385500005,33.344775813600002
1840,school,Govt. Boys School,73.237546359000007,33.352696226600003
1841,school,Govt. Boys High School,73.239020182900006,33.366865168700002
1842,school,Govt. Primary School,73.239203111999998,33.366672280499998
1843,hospital,Govt. Hospital,73.238643408399994,33.366641815700000
1844,police,Mandra Police Station,73.239149591000000,33.368045202799998
1845,bank,UBL,73.240217909699993,33.363468101800002
1846,stadium,Sawar Hussain Stadium,73.288187988100006,33.279436999700003
1847,college,Sarwar Shaheed (N.H) Govt. Degree College,73.293258432200005,33.270951218000000
1848,hospital,RHC Mandra,73.244691602200007,33.356396657799998
1849,restaurant,Galaxy,73.246213167500002,33.347355825199998
1850,restaurant,Al Noor Restuarant,73.246115348000004,33.347929728200000
1851,school, ,73.244866291400001,33.354098236500000
1852,restaurant,Altaf Family Restaurant,73.242488719999997,33.356771372300003
1853,restaurant, ,73.243276119000001,33.357688243799998
1854,supermarket,Leather Point,73.240535093099993,33.362660945800002
1855,hospital,Rural Hospital,73.200084271099996,33.349440325700002
1856,bank,National Bank of Pakistan,73.229269210499993,33.322445757099999
1857,school,Govt. Girls Primary School Saura,73.272501935799994,33.348538524299997
1858,car_wash,Car Wash,73.243873530299993,33.355440325399996
1859,post_office,Post Office Mandra,73.238658414499994,33.366958361700000
1860,school,Falcon House School,73.235455214500007,33.363826019900003
1861,restaurant,Mirza Jamal,73.238762344799994,33.344673246399999
1862,restaurant,Bawali Hotel,73.258120625700002,33.313924357700003
1863,hospital,Tehsil Headquarter Hospital,73.308671107099997,33.253600647100001
1864,hospital,LRBT Eye Hospital,73.234530000500001,33.379632842500001
1865,college,Faiz-ul-islam Institute of Technology,73.228147009599994,33.391311002700000
1866,police,Rawat Plice Station,73.227889312499997,33.440643265500000
1867,school,Govt. Girls Higher Secondary School,73.264097569800001,33.466023323000002
1868,school,Govt. Boys Primary School,73.264565633999993,33.460524942399999
1869,school,Govt. Girls Primary School,73.262986159999997,33.460265023600002
1870,post_office,Sagri Post Office,73.263991992300006,33.461970837400003
1871,school,Millat Junior School,73.263612788299994,33.462280572799997
1872,school,Pak Pilot Model School,73.264225825099999,33.463622650300003
1873,restaurant,Royal Village,73.228843853599997,33.438164658200002
1874,park, ,73.081309122899995,33.590999860099998
1875,restaurant,Potohar Hotel,73.306734083999999,33.254979764200002
1876,hospital,Mubarak Hospital,73.313535400299997,33.260616848900000
1877,hospital,Primary Health Center,73.351014866699998,33.285987400000003
1878,hospital, ,73.389401927600005,33.299363667500003
1879,park, ,73.184095490900006,33.518710700200003
1880,school,gms,73.252427453099997,31.652912756999999
1881,school, ,73.957112450699995,32.710216623299999
1882,restaurant, ,73.917700312199997,32.745632030800003
1883,hotel, ,73.453571723500005,33.074652169399997
1884,police,Police Station Gujar Khan,73.303941965400000,33.255872493200002
1885,college,Technical Training Center,73.303469815000000,33.260124386800001
1886,school,Muslim High School,73.299457021099997,33.259610535000000
1887,school,Govt. Islamia High School,73.302400367499999,33.262636034200000
1888,doctors,"Ejaz Hafiz Rana, Children Hospital",73.305057916199999,33.257975502999997
1889,park,Family Park,73.306864304499996,33.256609600399997
1890,doctors,Rahim Hospital,73.305944714899994,33.258265986500000
1891,post_office,Post Office Gujar Khan,73.307343233400005,33.254235769499999
1892,school,Govt. High School,73.310553125900000,33.189705717899997
1893,hospital,Govt. Hospital,73.277176596800004,33.202390808700002
1894,park, ,73.373047026300000,31.712929543300000
1895,pitch, ,73.377922662399996,31.711206009400001
1896,car_wash,Khan Service Station,73.110358355700001,33.582262909100002
1897,restaurant, ,73.897357404299996,32.769286682599997
1898,doctors,Al Murtaza Meternity Hospital,73.244147830000003,33.354869385800001
1899,comms_tower, ,73.110002785999995,33.582331802699997
1900,park, ,72.736822577400005,33.769448011000001
1901,school, ,72.744615621400001,33.773635065299999
1902,sports_centre, ,72.774347738800003,33.755318073100000
1903,park, ,72.775530463899997,33.752188589399999
1904,school, ,72.776017776399996,33.754032572699998
1905,restaurant, ,72.802490732500004,33.734329934700000
1906,school, ,72.777907491899995,33.750255424099997
1907,school, ,72.766280756200004,33.755382121499999
1908,police,Police Station Kallar Syedan,73.381311401700003,33.421927913200001
1909,bank,Habib Bank Limited,72.984811582899994,33.643256733999998
1910,park, ,72.990337451700000,33.667735606199997
1911,park, ,72.992538154800002,33.672649045199996
1912,school,Wasif Ali Shaheed Model School For Boys,72.990072997200002,33.672245455499997
1913,park,Children Park,72.990889741000004,33.672731155800001
1914,school, ,72.993868681600006,33.663496004199999
1915,playground, ,72.995156535600003,33.664169651500004
1916,playground, ,72.992460351299997,33.665110867400003
1917,park, ,72.993454038500005,33.670474227800000
1918,car_wash, ,72.609332684199998,33.819894690900000
1919,restaurant,KHATAK TRUCK HOTAL,72.609169404900001,33.819891229000000
1920,hospital,NIH,73.138676104699996,33.686915613700002
1921,school,Girls school,73.088606145699998,30.294032265700000
1922,school,Boys School,73.093350342099995,30.295688420899999
1923,park, ,73.059410233300000,33.588815466699998
1924,park, ,72.969601967299994,33.625731515900000
1925,school,Boys High School,73.077422019300002,34.618304535000000
1926,college,Government Degree College Battagram,73.055535770099993,34.651397957800000
1927,stadium, ,73.773382240999993,34.393382221800003
1928,college,Govt college for women kharian,73.865275448099993,32.811863874600000
1929,restaurant, ,73.896720837399997,32.769962221599997
1930,restaurant,Bismillah Truck Hotal,73.899525005399994,32.768567175500003
1931,school,Allied School Thikrian Campus,73.937653185499997,32.720151859300003
1932,park,Gulzaar e Quaid Park,73.129072413900005,33.598959295699999
1933,park,Park,73.130955290800003,33.596607577699999
1934,park,Shalimar Children Park,73.129904433299998,33.589216866699999
1935,hospital,THQ Hospital Shahkot,73.486800601900001,31.577799150099999
1936,sports_centre, ,73.486807178199996,31.575267178800001
1937,school, ,73.488018354900007,31.576098528300001
1938,college,Govt. Degree College Shahkot,73.490291674999995,31.577603228099999
1939,park, ,72.729615733299994,33.837721333300003
1940,park, ,72.679925244399996,33.820889964999999
1941,park, ,72.680300735000003,33.821043176499998
1942,park, ,72.679831180799994,33.821152333400001
1943,park, ,72.680107131200003,33.821168692000001
1944,restaurant, ,72.686967984199995,33.815694254299999
1945,restaurant, ,72.686767998700006,33.815892719300003
1946,restaurant, ,72.686625722499997,33.816009986899999
1947,restaurant, ,72.686556666399994,33.816094940900001
1948,restaurant, ,72.686441969200004,33.816116454700001
1949,restaurant, ,72.686292492600003,33.816123817899999
1950,restaurant, ,72.686239692800001,33.816235612900002
1951,restaurant, ,72.686028193200002,33.816456362099999
1952,restaurant, ,72.686153838199999,33.816353793499999
1953,park, ,72.732532166699997,33.760212799999998
1954,hospital, ,72.734208272299995,33.827356481700001
1955,park, ,72.672449882799995,33.822462480600002
1956,school, ,72.681490415400006,33.822421692500001
1957,college, ,72.682135617800000,33.821804608900003
1958,police, ,72.681376999999998,33.820959250000001
1959,park, ,72.642560704800005,33.832788117900002
1960,school,Government High School Bandigo,73.051616588700000,34.594955990000003
1961,school,Government Higher Secondary School Battal,73.150287262099994,34.585022694099997
1962,guesthouse,Toli pir,73.881076316600002,33.895102018599999
1963,school,Govt Girls High School,73.122504757399994,31.418120132199999
1964,park,Medina Town Central Park,73.121649530900001,31.421606248500002
1965,park, ,73.125062159999999,31.416894745499999
1966,park, ,73.123854316700005,31.418100752600001
1967,park, ,73.122186798100003,31.419795705399999
1968,park, ,73.120159631800007,31.421791551500000
1969,school,Little Giants Public School,73.120926209999993,31.420325266799999
1970,park, ,73.124882661100003,31.425621751500000
1971,park, ,73.117008833300005,31.427365366699998
1972,park, ,73.120914328900000,31.428052983099999
1973,park, ,73.111991614600001,31.414628120800000
1974,park, ,73.117510679800006,31.415471088699999
1975,park, ,73.119119375099999,31.412703731099999
1976,park, ,73.123265932600006,31.416515263699999
1977,park, ,73.123818461400006,31.415105847300001
1978,park, ,73.117431226799994,31.423902404200000
1979,park, ,73.127068862499996,31.423965740200000
1980,park, ,73.126760390000001,31.419415571399998
1981,park, ,73.128960008999996,31.422520285899999
1982,park, ,73.130301418299993,31.421489670600000
1983,park, ,73.101642896800001,31.400656716000000
1984,park,Seven Up Park,73.100456033300006,31.396176200799999
1985,park, ,73.100507136600001,31.399486331500000
1986,college,Govt College For Girls,73.120055083699995,31.418202516099999
1987,school,Faisalabad Grammer School,73.122286120599995,31.413617532699998
1988,hospital,Punjab Social Security Hospital,73.116552239000001,31.419187694500000
1989,college,Chenab Institute Of Technology,74.115807266900006,32.592806852300001
1990,convenience, ,74.889850104000004,36.476830465900001
1991,pitch, ,67.041757961299993,24.976568582599999
1992,pitch, ,67.047877747499996,24.966743497700001
1993,park,Park Hira,67.047742645300005,24.968565316900001
1994,park, ,67.052244200000004,24.968968133299999
1995,park,Taj Mahal Park,67.045984339399993,24.953174894000000
1996,pitch, ,67.044724723800002,24.815447189400000
1997,park,Moin Akhtar Park,67.028736345799999,24.819293024499999
1998,park,Sabri Ground,67.013233321900003,24.865289815400001
1999,school,Government Higher Secondary School Kotli Bara,73.210260335499996,34.514000238700000
2000,hotel,Hotel Kotli Bala,73.215597549999998,34.515196349999997
2001,convenience, ,73.180372899999995,34.550359649999997
2002,school,Government Girls Primary School Karmang,73.180974297800006,34.549367723000003
2003,school,Government Middle School Karmang Bala,73.180531047599999,34.549985724499997
2004,swimming_pool,Regent Plaza,67.039815731999994,24.854775109500000
2005,pitch,Railway Ground,67.011531530100001,24.851161887500002
2006,park, ,72.849819376400006,33.632049666000000
2007,park, ,72.830791377699995,33.692952711899999
2008,school,Government Girls Medial School Jalgali,73.190544491099999,34.562644178399999
2009,school,Government Girls Primary School Jalgali,73.186909136599994,34.561958790200002
2010,school,Government High School Jalgali,73.189844066500001,34.563039083400000
2011,school,Government Primary School Jalgali,73.189044936100004,34.563617932500001
2012,hotel,Jungle Mungel,73.173793201500004,34.549306959699997
2013,graveyard,Qabaristan,73.171342427100001,34.547920679800001
2014,graveyard,Cemetery Kabirstan,73.140868746199999,34.535978758100001
2015,graveyard,Cemetery Karmang Bala,73.167885174800006,34.555175950600002
2016,school,Government Primary School Karmang Bala,73.170520985300001,34.554679990899999
2017,school,High School Ahl Battal,73.158106116400006,34.557337132199997
2018,hotel,Khan Hotel,73.147653050000002,34.562936999999998
2019,graveyard, ,73.171850337600006,34.552575213399997
2020,school, ,73.142296904600002,34.560140960799998
2021,hospital,FM Dental Clinic,73.072741674300005,33.725199999200001
2022,public_building, ,72.936880470399998,33.631360532899997
2023,park, ,72.840063751399995,33.686994813299997
2024,mall,Gold Point Shopping Mall,73.068291660100002,33.623728211100001
2025,town_hall,Al Falah Wedding Hall,73.074479814000000,33.639112205799997
2026,park, ,72.735918796400000,33.770141496299999
2027,police,Women Police Station,73.069756243800001,33.705162041299999
2028,town_hall,Iqbal hall,73.074598100000003,33.709525333300000
2029,college,Islamabad College For Boys,73.088539592700002,33.719005959299999
2030,town_hall,Community Center,73.089565656299996,33.710440883899999
2031,playground,Hockey Ground,73.088910526000006,33.710139457300002
2032,supermarket,Aabpara Market,73.086228538900002,33.706349039899997
2033,school,Muslim Hands School Of Exellence,73.149351004400003,33.675806003700004
2034,library,Junaid Zaidi Library,73.154575347900007,33.649320037599999
2035,supermarket,Khokhar Plaza,73.176135210100000,33.644743096699997
2036,hospital,Rawal Hospital,73.122304268799994,33.632445323200002
2037,hospital,Dadar Mental Hospital,73.254463692300007,34.555497193400001
2038,school,Government High School Daryal,73.266103051599998,34.508279024300002
2039,school,Government High School Daryal,73.266612644000006,34.508677924899999
2040,school,Pak Turk International School,73.157849033600002,33.646866566200003
2041,hospital,Islamabad Medical Complex,73.170599213000003,33.644684849999997
2042,town_hall,Pakistan Wedding Hall,73.166311580499993,33.645573106400001
2043,park,Quaid e Azam Park,73.043546712199998,33.639009317199999
2044,hospital,TB Hospital,73.053451454500006,33.626153380100000
2045,college,Govt Postgraduate Asghar Mall College,73.058613517599994,33.628967617199997
2046,pitch, ,67.096380084499998,24.924729923499999
2047,park, ,73.038380096200001,33.713348955900003
2048,park,Lake View Park,73.130096489099998,33.716011485199999
2049,pitch, ,67.026575867600002,24.848361687899999
2050,school,Army Public School,73.272123633500001,34.465402072000003
2051,university,Hazara University,73.250583453700003,34.420399599800000
2052,park, ,67.118678010400004,24.826892053600002
2053,park, ,67.071449753300001,24.954987685300001
2054,park,Ghous ul Azam Sports Ground,67.066671239399994,24.954081930800001
2055,restaurant,The French Club 21,73.115450387600006,33.723215013000001
2056,school,Sarian high school,73.072408683099994,33.965651825700000
2057,restaurant,Cordon Rouge,73.121733216300001,33.726307299500000
2058,police,Diplomatic Enclave Entry,73.111628600000003,33.730294149999999
2059,police,Diplomatic Enclave Entry,73.103546100000003,33.719354449999997
2060,police,Diplomatic Enclave Exit,73.103943845000003,33.719449059200002
2061,hospital,Civil Hospital taxila,72.817243059600003,33.745798029800000
2062,museum, ,72.819253628200002,33.746942858499999
2063,hospital,Christian Hospital Taxila,72.801375452299993,33.745145847300002
2064,fast_food, ,72.699130375400003,33.816577019400000
2065,park, ,72.691695721200006,33.821393077899998
2066,cafe,Darbar,72.956762125799997,33.622105630699998
2067,department_store,Moon Shopping Mall,72.706300249999998,33.801327000000001
2068,park,Dogar Pakr,73.079776663800004,31.386058951999999
2069,park,Ghori Park,73.080444249799996,31.387712534300000
2070,park, ,73.077376250900002,31.388678207200002
2071,park,Keesian wala ground,73.076100321100000,31.387909737000001
2072,police,Police Station DType Colony,73.079437770599995,31.385351966100000
2073,convenience, ,73.216986419899996,34.151613625899998
2074,monument, ,73.217535247800001,34.152511959999998
2075,college,Garrison Cadet College Kohat,71.478948462299996,33.538614773699997
2076,swimming_pool,Talab Army Training talab,71.472464092799996,33.545258881700001
2077,park,Kokan Family Park,67.073505787100004,24.878083905000000
2078,pitch,Kutchi Memon Ground,67.071992618899998,24.886926399200000
2079,park, ,67.069290177599996,24.895806960600002
2080,park, ,67.023421348400007,24.806267401700001
2081,park,Muhammad Ali Park,73.076551150000000,31.381234700000000
2082,supermarket,Sabzi Mandi Chakwal,72.841238927500001,32.931153567899997
2083,playground,Sabzi Mandi ground,72.842023683400001,32.930970709599997
2084,pitch, ,70.763741389399996,24.353865547500000
2085,restaurant,tariq hotal hazro,72.484460162700003,33.900778014200000
2086,water_well, ,70.596451366300002,25.606581689300000
2087,supermarket,Askari-V Market,67.181817720400005,24.944218080300001
2088,park,Family Park Sector B,73.149549504500001,33.532071400600003
2089,park, ,67.105048617899996,24.931496601999999
2090,park, ,67.096550683999993,24.924167873799998
2091,park, ,67.100450731799995,24.927537115600000
2092,attraction,Shausar Lake,75.236225288499995,34.990975026500003
2093,tower, ,70.592118950000000,25.704600100000000
2094,water_well, ,70.648008119599993,25.566616202500001
2095,water_well, ,70.514820381000007,25.493396119000000
2096,water_well, ,70.513240553499998,25.634448232000000
2097,water_well, ,70.564796033500002,25.665734862299999
2098,water_well, ,70.499709684300001,25.457962307100001
2099,water_well, ,70.565709066500006,25.664124359799999
2100,water_well, ,70.615954128200002,25.694840815100001
2101,water_well, ,70.561189659799993,25.628769081700000
2102,water_well, ,70.490815063599996,25.555596477900000
2103,water_well, ,70.554632625099998,25.553367787900001
2104,water_well, ,70.538501566999997,25.610114793800001
2105,water_well, ,70.553614517000000,25.552313747700001
2106,water_well, ,70.515822001100005,25.587419760300001
2107,water_well, ,70.553181678200005,25.554397315100001
2108,water_well, ,70.618124828800006,25.507011210900000
2109,water_well, ,70.617396538400001,25.501072074300001
2110,water_well, ,70.616485957500004,25.624791835000000
2111,water_well, ,70.632763403599995,25.529302427200001
2112,water_well, ,70.530175254000000,25.617313793299999
2113,water_well, ,70.611840144900000,25.698359614600001
2114,water_well, ,70.594168770500005,25.530307025700001
2115,water_well, ,70.554194008500005,25.516026008600001
2116,water_well, ,70.552380256899994,25.549822876600000
2117,water_well, ,70.569924967800006,25.619500657100001
2118,water_well, ,70.537323773799997,25.451716936200000
2119,water_well, ,70.545999062700005,25.584939952100001
2120,water_well, ,70.576986540999997,25.533698135600002
2121,water_well, ,70.573293673300000,25.617922249500001
2122,water_well, ,70.611870865800000,25.577718026800000
2123,water_well, ,70.618713477800000,25.553578429700000
2124,water_well, ,70.487282850300005,25.416011698399998
2125,water_well, ,70.485762275100001,25.429846077800001
2126,water_well, ,70.518228925900004,25.559820452299999
2127,pitch,Basketball Ground,67.184608557000004,24.943761897400002
2128,pitch,Tennis Ground,67.184559118400003,24.943474350100001
2129,park,Askari-V Park,67.183576412999997,24.943267020899999
2130,park,Askari-V Park,67.182556750000003,24.943506050000000
2131,pitch,KMC Playground,71.487168157499994,33.998907939600002
2132,pitch, ,71.475986250000005,33.999139049999997
2133,hostel,Tribal Engineering Hostel,71.477772928600004,34.005250879300000
2134,hostel,Paramedics Hostel,71.484715932200004,33.997238351699998
2135,pitch, ,71.480946050000000,33.999297149999997
2136,park,Tatara Park Hayatabad,71.444149319499999,33.981372071800003
2137,pitch, ,71.479412065899993,34.001111704200000
2138,hostel,KTH New Doctor Hostel,71.484691608199995,33.996667719900003
2139,mall,Deans Shopping Plaza,71.545048991900003,34.000840689400000
2140,college,University college for boys,71.478787924299994,33.997365564100001
2141,hospital,KTH Nephrology Block,71.484920630500000,33.996054475299999
2142,hostel,KTH Nursing Hostel,71.483609974100006,33.996659547599997
2143,mall,Sha Poash,71.498140284700000,34.001982892500003
2144,pitch,Islamia college,71.477357975299995,33.999128789099998
2145,hostel,UET Foreign Faculty Hostel,71.416319060500001,33.970063416899997
2146,park, ,71.439506599200001,33.969096932399999
2147,bank,ABL,71.495799727600001,34.000193302100001
2148,hospital,Kuwait Teaching Hospital,71.499692950599993,34.002768981800003
2149,mall,City Tower,71.498560013299993,34.000744259699999
2150,mall,Spinzar Plaza,71.498213566199993,34.000832283699999
2151,university,University of Engineering and Technology Peshawar,71.435366700599999,33.988722626500000
2152,clothes,Sasta Bazar,71.499830367499996,34.001625000600001
2153,restaurant,Tikka Restaurant,71.459900741799999,33.996106805300002
2154,playground,Phase 3 Playground,71.451146335100006,33.981256163899999
2155,water_tower,Army Water Plant,69.175859103500002,27.503114349000001
2156,water_well, ,70.504847083700000,25.668939895800001
2157,water_well, ,70.515138798199999,25.661471905199999
2158,water_well, ,70.500547933299998,25.668726719799999
2159,water_well, ,70.473304374199998,25.468121234300000
2160,water_well, ,70.344088502800005,25.347233149299999
2161,water_well, ,70.381190594900005,25.426933478700001
2162,water_well, ,70.327657299400002,25.450003874299998
2163,water_well, ,70.385562524700006,25.470441669300001
2164,water_well, ,70.471311218799997,25.471729447800001
2165,water_well, ,70.376190662300004,25.324805071899998
2166,water_well, ,70.387935705999993,25.397785866600000
2167,water_well, ,70.450846257600006,25.424319172899999
2168,car_sharing,Garage,69.054141331799997,28.139465648800002
2169,water_tower,Tubewell,69.059372206700004,28.139915487000000
2170,water_tower,Tubewell,69.052211495999998,28.139307854599998
2171,school,Government Girls School,69.056230571100002,28.141158740100000
2172,cafe,Bijarani Hotel,69.058663228599997,28.134654443500001
2173,police,Police Chowki,69.057823859400003,28.134143251200001
2174,car_sharing,Garage,69.054674962600004,28.139615088500001
2175,graveyard, ,70.337278581099994,25.462864297199999
2176,graveyard, ,70.385991089399994,25.429691712800000
2177,graveyard, ,70.384268419700007,25.429104521999999
2178,water_well, ,70.338117103800002,25.477593948999999
2179,water_well, ,70.353598532600003,25.472922114300001
2180,water_well, ,70.317967271900002,25.467649859500000
2181,water_well, ,70.341245347200001,25.462540412799999
2182,water_well, ,70.407404184800001,25.478604796599999
2183,water_well, ,70.320648496700002,25.356206908400001
2184,water_well, ,70.462944966099997,25.406555133299999
2185,water_well, ,70.365440876600005,25.452595688300001
2186,graveyard, ,70.445339367299994,25.495983561900001
2187,graveyard, ,70.370832181200001,25.560989032199998
2188,graveyard, ,70.415189177599999,25.521310233299999
2189,graveyard, ,70.329346642499999,25.497106014800000
2190,graveyard, ,70.314256619000005,25.597221561000001
2191,water_well, ,70.335661557899996,25.676343879699999
2192,water_well, ,70.395836745500006,25.520820859299999
2193,water_well, ,70.315564383899996,25.677030836899998
2194,water_well, ,70.385436967600000,25.620798727499999
2195,water_well, ,70.353529273400000,25.618589583900000
2196,water_well, ,70.331301194900007,25.538997845600001
2197,water_well, ,70.327212932600006,25.501622385400001
2198,water_well, ,70.397854132800006,25.603120133800001
2199,water_well, ,70.403269731099996,25.513839278599999
2200,water_well, ,70.354482402599999,25.609071111300000
2201,water_well, ,70.321889676300003,25.579288252500000
2202,water_well, ,70.426698608099997,25.652860223099999
2203,water_well, ,70.436573483900005,25.509654255400001
2204,water_well, ,70.325130039300007,25.492444077599998
2205,water_well, ,70.481199180700003,25.574124235199999
2206,water_well, ,70.432881692400002,25.554895404700002
2207,water_well, ,70.356540886900007,25.667066882000000
2208,water_well, ,70.369967543800001,25.582357953399999
2209,water_well, ,70.343306611800003,25.497822318099999
2210,water_well, ,70.424375213199994,25.556220677999999
2211,water_well, ,70.462143911699997,25.593686714800000
2212,water_well, ,70.338175851399996,25.571034950600001
2213,water_well, ,70.455435138599995,25.497361012199999
2214,water_well, ,70.369346837300000,25.563131775100000
2215,water_well, ,70.451459906799997,25.613316344400001
2216,water_well, ,70.379377216899996,25.506963195200001
2217,water_well, ,70.460064915399997,25.677528104200000
2218,water_well, ,70.457468720600005,25.634303146800001
2219,water_well, ,70.374983114700001,25.656478347000000
2220,water_well, ,70.475541113399998,25.662896458700001
2221,water_well, ,70.482152698400000,25.655408750300001
2222,water_well, ,70.497567967199998,25.635381802000001
2223,water_well, ,70.341139297100000,25.622966607100000
2224,graveyard, ,70.432404342100000,25.515186442600001
2225,water_well, ,70.413399044399995,25.605776148499999
2226,water_well, ,70.464474859199996,25.608573459599999
2227,water_well, ,70.350939356599994,25.608264929800001
2228,water_well, ,70.415952594000004,25.662823225800000
2229,water_well, ,70.343664959199998,25.591226544000001
2230,water_well, ,70.326032955900004,25.489885845600000
2231,water_well, ,70.391230535099993,25.651822638599999
2232,water_well, ,70.427355717899999,25.600491946900000
2233,water_well, ,70.416862344600005,25.626275712199998
2234,water_well, ,70.322257978899998,25.647955383999999
2235,water_well, ,70.382380631299995,25.586639569999999
2236,water_well, ,70.344998352000005,25.584991070800001
2237,water_well, ,70.453173112100004,25.541956843800001
2238,water_well, ,70.425103464700001,25.618572681300002
2239,water_well, ,70.313485743100003,25.614645493299999
2240,water_well, ,70.311520956199999,25.614893953799999
2241,water_well, ,70.529492907700003,25.404816871500000
2242,water_well, ,70.524346191600003,25.451915095400000
2243,water_well, ,70.569548603800001,25.533301294600001
2244,water_well, ,70.465679195199996,25.483344011300002
2245,graveyard, ,70.516549554400001,25.493900531300000
2246,water_well, ,70.640084679599994,25.612145386800002
2247,water_well, ,70.587752791900002,25.526751622900001
2248,graveyard, ,70.566621803700002,25.674669037499999
2249,bank,National Bank,71.557689777999997,34.011704619299998
2250,school,"F G Technical High School, Tariq Road Peshawar Cantt",71.549956446600007,34.011129126199997
2251,park, ,70.907984210899997,31.838895140999998
2252,water_tower, ,67.181562678800006,24.943674954599999
2253,park, ,67.182821282999996,24.942069089099999
2254,park,Malir Cantt Park,67.183050046600002,24.933703224199999
2255,park, ,67.178606756299999,24.934670983800000
2256,bank,National Bank of Pakistan (ATM),67.180899217900006,24.933290604400000
2257,supermarket,D Mart,67.181095870999997,24.933061596999998
2258,park,Children's Park,67.184760333300005,24.937650099999999
2259,supermarket,ZAM ZAM,67.204584233700004,24.941944151700000
2260,stadium,Cricket Stadium Kandhkot,69.164673992700003,28.230259047200001
2261,mall,Al Sayyed Tower,71.495256478100004,34.000040260900001
2262,shelter, ,68.952702349999996,27.687007999999999
2263,college,Cadet College Pano Aqil,69.063742254499999,27.758018617099999
2264,school,Government Primary School,68.988855396399998,28.116266721900001
2265,hotel,Tatta pani,73.946651617000001,33.612195740099999
2266,university,Cecos University,71.437602244100006,33.955604512299999
2267,college,"Government College, hayatabad",71.444150559500002,33.955505289800001
2268,college, ,73.405216758099996,33.132579724700001
2269,hospital, ,73.408880183899996,33.132151446400002
2270,track, ,73.149376174599993,33.532120534199997
2271,school,High School Kandhkot,69.182624065900001,28.242429665300001
2272,school,Government Degree College,69.184761045299993,28.243842970999999
2273,school,Bakhtawer Girls School,69.181572808100000,28.243302228699999
2274,school,Al-Huda Public School Kandhot,69.172432232299997,28.246251353200002
2275,police,15 Helpline,69.180504675300000,28.242074437799999
2276,town_hall,Wadhey Shah,69.179069106499995,28.242472524600000
2277,park,City Park Kandhkot,69.176348298799994,28.250084330899998
2278,bank,Bank Al Habib,69.180988397299998,28.243001125999999
2279,school,Universal Science College Kandhkot,69.182023850899995,28.240500420699998
2280,supermarket,Bheri Store,69.181231602799997,28.240670886499998
2281,cinema,Sazina cinema,74.070832464000006,32.579760323599999
2282,cinema,Sanam cinema,74.073180922399999,32.578821379200001
2283,cinema, ,74.072682143999998,32.579581956799998
2284,cinema,Super cinema,74.070653516799993,32.569787167900003
2285,police, ,73.501475720399995,31.127306890700002
2286,graveyard, ,70.252134371899999,25.402957480900000
2287,park,Chinar Park,73.060492253999996,33.647818956599998
2288,graveyard,Noor Bagh Cemetery,67.016550883700006,24.884075896300001
2289,water_well, ,70.748133006700002,24.286189780299999
2290,water_well, ,70.748202782800007,24.275880220600001
2291,water_well, ,70.751861766499999,24.265078052200000
2292,water_well, ,70.750885453300000,24.278769084699999
2293,pitch, ,67.014711777700001,24.898134231499998
2294,pitch, ,67.012422034799997,24.896946465599999
2295,park, ,67.019874712199993,24.899805244300001
2296,monument,شيخ اللله داد  مرقد,71.875722225999993,33.640962519299997
2297,pitch,Cricket Ground,68.845399255499999,27.701802882199999
2298,college,Degree College,68.846557907900007,27.710322628899998
2299,park,Cricket Ground,74.319071278400003,31.519818904600001
2300,park, ,74.318107870099993,31.521336966000000
2301,park,D-Block Park,74.319961185500006,31.521305837400000
2302,park, ,74.324640005099994,31.511642529300001
2303,park, ,74.320928544099999,31.497406879600000
2304,museum,"Archaeology and Anthropology Museum, Shah Abdul Latif University",68.761814549799993,27.492155606800001
2305,park, ,74.320663944399996,31.495030878500000
2306,college,Himayat Islam Khawateen College,74.319278915699996,31.497240299600001
2307,pitch,National Cricket Academy Ground,74.336092948300006,31.512832830099999
2308,university,"College of EME, NUST",72.959549291100004,33.621864961000000
2309,sports_centre,NUST Sports Complex,72.956626892299994,33.621258786200002
2310,pitch,ASG Ground,72.955647566200000,33.621728993900000
2311,school,APS Ground,72.959742923899995,33.621180643700001
2312,hostel,Paying Cadet Hostel,72.963128026600003,33.622925656400000
2313,park, ,72.957378093499997,33.622084253300002
2314,park, ,72.957341530799994,33.622264628300002
2315,bank,National Bank of Pakistan,72.958892967400004,33.624136033299997
2316,park, ,72.961279040299999,33.623739981999996
2317,park, ,72.961767118400005,33.623994953500002
2318,park, ,72.961846150000000,33.623654899999998
2319,pitch,Cricket Ground,74.323061143399997,31.492107253299999
2320,pitch,Cricket Ground,74.323744165700006,31.490453838600001
2321,playground,South Garden,74.328510175600002,31.479096171999998
2322,park, ,74.329465631900007,31.476811756299998
2323,park, ,74.317085218900004,31.515931139599999
2324,park, ,74.312245933300005,31.513490433299999
2325,park, ,74.312510509099994,31.510463249800001
2326,park, ,74.319395448099996,31.506448594300000
2327,hostel,ICT Hostel,72.964806799200005,33.622776331200001
2328,restaurant,Ayub Hotel,73.249410900000001,33.338788850000000
2329,restaurant,Sultania,73.120336004699993,33.224829640599999
2330,town_hall,Union Council Jatli,73.106911133599993,33.211122502000002
2331,police,Police Station Jatli,73.106213417199996,33.210092598999999
2332,bank,MCB Jatli,73.099440258200005,33.204202912699998
2333,pitch, ,66.931308971199996,24.862802414499999
2334,park,Model Town Park,74.178722645500002,32.173809117899999
2335,hospital,Shahmansoor Hospital / شامنصورھسپتال,72.454758297100000,34.081007973399998
2336,graveyard,Grave Yard,73.097143625100003,31.400483396799999
2337,college,Govt College for Women,73.097489236100003,31.398637135400001
2338,park,Gulshan Iqbal Park,74.177963046499997,32.189814516699997
2339,college,Quide-e-Azam Public College,74.183366313500002,32.188454556099998
2340,pitch, ,74.183456602400000,32.188333225400001
2341,park, ,73.090101236500004,31.399626922300001
2342,park, ,73.090536001100006,31.399306699800000
2343,park, ,73.090959474599998,31.398971768500001
2344,park, ,73.091438169400007,31.398605532400001
2345,park, ,73.091849708699996,31.398283157300000
2346,park, ,73.092280547399994,31.397965650500002
2347,park, ,73.092932310199998,31.397604777400002
2348,park, ,73.093310302299997,31.397026806800000
2349,park, ,73.094199067199995,31.396375252399999
2350,park, ,73.090813415800000,31.400016206499998
2351,park, ,73.091424415299997,31.399562319200001
2352,park, ,73.092088220899996,31.400048541800000
2353,park, ,73.092102890400000,31.399059911199998
2354,park, ,73.092746768599994,31.398594147000001
2355,park, ,73.092513304899995,31.399635735099999
2356,park, ,73.092985487099995,31.399370292099999
2357,park, ,73.093399374499995,31.399065148500000
2358,park, ,73.093835153599997,31.397529873400000
2359,park, ,73.094354131499998,31.398037126500000
2360,park, ,73.094606645200003,31.396928472999999
2361,park, ,73.094989507099996,31.397551318900000
2362,park, ,73.094930594999994,31.399557153200000
2363,park, ,73.095526489899996,31.399097377099999
2364,park, ,73.096123810899996,31.399661729799998
2365,park, ,73.096729780600000,31.399227959299999
2366,park, ,73.096169430200007,31.398618186600000
2367,park, ,73.093888839000002,31.399727740100001
2368,park, ,73.091989669599997,31.401206229200000
2369,park, ,73.092619122700000,31.400714729299999
2370,park, ,73.093262790699995,31.400205752500000
2371,park, ,73.094159820800002,31.400467559799999
2372,park, ,73.094367660499998,31.401400073000001
2373,park, ,73.093873158899996,31.401775442900000
2374,park, ,73.094797222300002,31.401061344199999
2375,park, ,73.095217314199999,31.400770846099999
2376,park, ,73.093485500800000,31.402099053800001
2377,park, ,73.092412833300003,31.401812675100000
2378,playground,DONGI Ground,73.093277394099999,31.401188105100001
2379,park, ,73.095111799400001,31.402035162099999
2380,park, ,73.095697400199995,31.401586866999999
2381,park, ,73.094426126299993,31.402529083299999
2382,school,MC Girls High School,73.088258099499996,31.400265850600000
2383,park, ,73.077683358700000,31.385920495000001
2384,park, ,73.082715515499999,31.386540054000001
2385,park, ,73.075652598900007,31.384087056799999
2386,park, ,73.077911123000007,31.382025274499998
2387,park, ,73.077772685900001,31.380215261400000
2388,park, ,73.080178089399993,31.378418615499999
2389,park, ,73.081010938299997,31.379684781900000
2390,park, ,73.082980080499993,31.378166084899998
2391,park, ,73.084049320600002,31.377354975799999
2392,park, ,73.081719875700003,31.377258072099998
2393,park, ,73.083006894299999,31.376315762299999
2394,graveyard,Grave Yard,73.079417174599996,31.376660173699999
2395,graveyard,Grave Yard,73.084908334199994,31.374391029000002
2396,graveyard,Saddiqia Grave Yard,73.092321688400006,31.390047403099999
2397,police,Beat 5,73.222519124800002,33.406719591700003
2398,park,Muslim Park,73.099933812600000,31.389298853900002
2399,park, ,73.098226442900000,31.390727252000001
2400,park, ,73.097564874599996,31.390029407899998
2401,park, ,73.098811221099993,31.390289900199999
2402,park, ,73.098129718199999,31.389612866899999
2403,park, ,73.095371599999993,31.392911738999999
2404,park, ,73.095808052899997,31.392572179999998
2405,park, ,73.096351705700002,31.392177920500000
2406,park, ,73.095662001099996,31.391488299900001
2407,park, ,73.094675522399996,31.392226144900000
2408,park, ,73.095093577000000,31.391893457199998
2409,park, ,73.096824354000006,31.391818522000001
2410,park, ,73.096151571600004,31.391146485000000
2411,post_office,Jatli Post Office,73.102176670700004,33.206299074800000
2412,police,Police Chowki Sukkho,73.155133325199998,33.267975686800000
2413,police,Police Station Dhudial,72.962644290100002,33.056423178199999
2414,police,Police Station City,72.862532141700001,32.932380806799998
2415,park, ,73.101601611500001,31.410973389599999
2416,park, ,73.103178540700000,31.412450742899999
2417,bank,Allied Bank Rawat,73.183353902600004,33.507678816599999
2418,park, ,73.105629136299996,31.416501828299999
2419,police,Motorway Police North Zone,72.938727425899998,33.630733731500001
2420,bank,National Bank Daulatala,73.139294637700004,33.188144640399997
2421,hospital,Health Centre Devi,73.048065419099999,33.202541422400003
2422,police,Highway patrol,73.190576379700005,33.109973234900004
2423,park,Liaqat Park,74.193464542000001,32.164694958200002
2424,park,City Station Park,74.185708007700001,32.176552895199997
2425,park,شیرانوالہ باغ,74.189162710700003,32.155836519499999
2426,school,Government Girls Higher School,74.176520971700000,32.161993472500001
2427,college,Government Islamia College,74.172891109800005,32.164074494899999
2428,sports_centre, ,74.187002785199994,32.145364948199997
2429,park,Shah Suleman Park,70.648889268000005,30.703162701200000
2430,school,Girls High School,70.652191477800002,30.702511303900000
2431,school,Boys High School,70.659461600699998,30.703867729999999
2432,pitch,Football Ground,70.658383394799998,30.703678885999999
2433,pitch,Cricket Ground,70.660408435999997,30.704163697799999
2434,pitch,Kabbadi Ground,70.660613756800004,30.703586708900001
2435,college,Girls College,70.659337457199996,30.702933394300000
2436,college,Govt.Boys College,70.661155019299997,30.709430801800000
2437,school,Sports ground,70.661606733900001,30.710805800100001
2438,graveyard, ,70.637809269599998,30.702362870599998
2439,graveyard, ,70.639828202900006,30.704925683300001
2440,college,Tameer E Nau Acadmy,70.664012953099999,30.707570709999999
2441,post_office, ,70.650960549999994,30.701745241899999
2442,police, ,70.642441784100001,30.701793679400001
2443,playground,volyball,70.645678736199997,30.696434931100001
2444,park, ,70.634104294300002,30.690989540099999
2445,graveyard, ,70.724812563599997,30.586271774499998
2446,graveyard,Tibbi Ghustan,70.701215385699996,30.597839530500000
2447,restaurant,Haseeb Restaurant,73.366826290199995,33.181528116700001
2448,police,Police Station Sohawa,73.426194202100007,33.129143384899997
2449,courthouse,Sohawa Courts,73.432999411899999,33.125355764799998
2450,restaurant,Sultania,73.489991849999996,33.055599000000001
2451,park,Barket Park,73.958266372200001,32.707811241300000
2452,school, ,74.147837950200000,32.298374406299999
2453,college, ,74.145773763099996,32.298190514600002
2454,school,Government High School No. 1,74.151733279599995,32.295476839800003
2455,park, ,74.179273459200004,32.158587425699999
2456,school,Girls High School,74.220000661100002,31.979977602600002
2457,school,Government Higher Secondary School,74.190254248100004,32.145708375600002
2458,college, ,74.204003207300005,32.160598951499999
2459,pitch, ,74.201091056500005,32.160390739299999
2460,pitch,Dhoobi Ghat Ground,74.197595695600000,32.159315715300004
2461,pitch, ,74.206807071599997,32.161438861000001
2462,college,Gujranwala Medical College,74.206346783200004,32.158105496899999
2463,fast_food,KFC,74.184484550400001,32.174428055800000
2464,park,Iqbal Park,74.191501170899997,32.151143960900001
2465,park, ,74.192133693200006,32.147222028400002
2466,hospital,WAPDA Hospital,74.193878517100003,32.143914451000001
2467,graveyard, ,74.143852961700006,32.309125786999999
2468,graveyard,Mashriqi Qadeemi Qabrastan,74.150062010100001,32.304499744300003
2469,school, ,74.181046353599996,32.173450558500001
2470,park, ,74.178867464400000,32.171215652500003
2471,park, ,74.181245305000004,32.171909918099999
2472,graveyard, ,74.174592565200001,32.171968564899998
2473,college, ,74.175346400899997,32.174552704900002
2474,university, ,74.192721790400000,32.204833793699997
2475,school,Pakistan International Public School,74.190221186200006,32.204060928799997
2476,post_office,Pakistan Post,74.188138177900001,32.161527873700003
2477,park,Jinnah Park,74.194161159800004,32.124575018100003
2478,park, ,74.185332239299996,32.093393231500002
2479,park, ,74.183258858399995,32.093307299199999
2480,park, ,74.187909761100002,32.094652087100002
2481,park, ,74.186036342199998,32.096867571200001
2482,park, ,74.181486862000000,32.096816666000002
2483,mall,Kings Mall,74.189542969200005,32.102577600700002
2484,pitch, ,74.145197174900005,32.235713344700002
2485,park, ,74.145180577700003,32.231212980099997
2486,park, ,74.145987056199999,32.231211498500002
2487,supermarket, ,74.146489071900007,32.231227926300001
2488,supermarket, ,74.146812334700002,32.231233721700001
2489,park, ,74.142206160900002,32.232687897799998
2490,park, ,74.146224697299999,32.233094288499998
2491,park, ,74.146738687500005,32.227363316199998
2492,park, ,74.146351933299997,32.226347099999998
2493,park, ,74.151784840500000,32.226321860100001
2494,park, ,74.135268804600003,32.250693101200000
2495,golf_course,Cannt Golf Course,74.129072193799999,32.241968418399999
2496,sports_centre, ,74.109505302000002,32.246439090899997
2497,park, ,74.099576306299994,32.248911107700003
2498,graveyard,D-Ground Grave Yard,73.108052355400005,31.409310356799999
2499,graveyard,Grave Yard,73.099629336400000,31.409565239399999
2500,park, ,73.094577554300002,31.400142748499999
2501,graveyard, ,73.097664926299998,31.402334170200000
2502,park,Gatwala Park,73.210148506799996,31.477199747099998
2503,park, ,74.309936709100000,31.587016801299999
2504,park, ,74.311103296300004,31.587236785500000
2505,park,Iqbal Park,72.437377267100004,30.765763080100001
2506,university,NED University of Engineering & Technology,67.112986916500006,24.931664241699998
2507,park, ,74.142610925000000,32.227322285299998
2508,supermarket, ,74.122372103000004,32.247810384899999
2509,park,Hathi Park,74.105290101199998,32.243461368100000
2510,park,Jinnah Park,72.367320412300003,33.769084255300001
2511,park, ,72.352643404299997,33.772334450199999
2512,pitch,LALAZAR Stadium / لالازار سٹیڈیم,72.358314105999995,33.771832817499998
2513,mall,Zamzama Shopping Mall,72.366390480099994,33.766833631600001
2514,golf_course,Indus Golf Club,72.371500295299995,33.758988653000003
2515,school, ,73.377247745999995,33.891883242600002
2516,hospital,Combined Military Hospital,73.385297626400003,33.898077286800003
2517,pitch,Gahrial Ground,73.435368377900005,33.916960895499997
2518,pitch, ,73.453840039400006,33.957615653200001
2519,golf_course,Piffers Golf Club,73.227574210200004,34.154578074200003
2520,hospital,DHQ Hospital,73.221444491499994,34.145618159100003
2521,park, ,74.152855369999997,32.233935087900001
2522,pitch, ,70.077076094999995,33.001363370000000
2523,pitch, ,74.350880799999999,31.549413950000002
2524,park,Baradari Park,74.361970410400005,31.548328653900001
2525,playground,Ali Park Playground,74.402381669600004,31.496309218699999
2526,park,Park,74.408730005600006,31.501444259599999
2527,wastewater_plant,Ali Park Water Plant,74.408938687299994,31.501356773700000
2528,convenience,Mini Market,74.408755751100003,31.499874149299998
2529,school, ,74.395796191399995,31.499002580999999
2530,supermarket,CSD Supermarket,74.387181286699999,31.503571588500002
2531,park,Nasir Bagh,74.306187422400001,31.570885662900000
2532,pitch, ,74.366365010400003,31.532868773499999
2533,golf_course,Gymkhana,74.354121555000006,31.534956189100001
2534,bank,Postal Life Insurance Building,74.312348850000006,31.565366350000001
2535,zoo, ,74.325919997000000,31.556331166900002
2536,park, ,74.397556023500002,31.533879413000001
2537,park, ,74.398764704800001,31.532356163799999
2538,park, ,74.304797545200003,31.554015852799999
2539,graveyard,Miani Sahab Graveyard,74.307702209300004,31.548437161799999
2540,park, ,74.326117763799999,31.540948864099999
2541,park, ,74.327588973399997,31.540798060899998
2542,park, ,74.333792770800002,31.506207717199999
2543,hospital, ,74.307621287499998,31.588288467000002
2544,park,Ali Park,74.313478505099994,31.586079059399999
2545,hospital,Punjab Dental Hospital,74.307999184400003,31.586725598699999
2546,park, ,74.307221033800005,31.584463518200000
2547,university,Punjab University,74.308779632099998,31.569873395300000
2548,hospital,Mayo Hospital,74.316336009699995,31.569399167200000
2549,park,Jam-e-Shireen Park,74.343097949599994,31.506663785099999
2550,park, ,74.262977707399997,31.526801467999999
2551,park,Usman Park,74.278515150000004,31.546614099999999
2552,park, ,74.264496432399994,31.523541266700001
2553,park, ,74.262602369099994,31.530022731700001
2554,playground, ,74.260387107200003,31.502228625099999
2555,playground, ,74.261897215299996,31.504715424699999
2556,park,Shouk Chowk Park,74.302686099400006,31.470595929100000
2557,park, ,74.290032346600000,31.463174073200001
2558,park, ,74.289102752100007,31.513435913599999
2559,park, ,74.304469061899994,31.455190189500001
2560,park, ,74.303113240499997,31.456287450700000
2561,park, ,74.306144449000001,31.470716545599998
2562,park,Punjab Government Employees Housing Society,74.286139849500003,31.441475344800001
2563,park, ,73.164651635499993,31.447452334099999
2564,park, ,73.168616934400006,31.449665808100001
2565,park, ,73.167811433200001,31.451268925800001
2566,park, ,73.168584658900002,31.450688818800000
2567,park, ,73.169198684899996,31.450226034800000
2568,park, ,73.169771888400007,31.449793752200002
2569,park, ,73.170428384100006,31.449293009900000
2570,park, ,73.171078994100000,31.448804165599999
2571,park, ,73.171866476000005,31.448209227200000
2572,park, ,73.172553369300005,31.447693087699999
2573,park,Hazuri Bagh,74.311833474599993,31.588379740699999
2574,monument,Tomb of Allama Iqbal,74.311334500000001,31.587891450000001
2575,attraction,Tomb of Allama Iqbal,74.311334500000001,31.587891450000001
2576,mall, ,74.321492184400000,31.562162750799999
2577,mall, ,74.342523295000007,31.515327223700002
2578,park,East Garden,74.335359305699996,31.487481295799999
2579,park,West Garden,74.317043404000003,31.481845822699999
2580,park, ,74.288376422300004,31.608242615900000
2581,park,Karim Park Gol Bagh,74.299707366999996,31.590937301000000
2582,park, ,74.328472359499997,31.584322370799999
2583,park, ,74.324929368699998,31.586556581699998
2584,park, ,74.322537075100001,31.586997580700000
2585,park, ,74.319945197199999,31.587653686700001
2586,park, ,74.315810459900007,31.569981599900000
2587,pitch, ,73.485332796400002,32.592969144000001
2588,park,Mian Waheed-ud-Din Park,73.494991234599993,32.585132141499997
2589,park, ,73.496251308400005,32.586363071900003
2590,memorial,مسجد شاه جهان,67.928345149999998,24.747167699999999
2591,attraction,مسجد شاه جهان,67.928345149999998,24.747167699999999
2592,museum,Harappa Museum,72.865324027900002,30.625126370200000
2593,school,Iqra Jannat-ul-Atfal,74.147797378299998,32.306712231799999
2594,park, ,74.207089402199998,32.139040951699997
2595,park, ,74.211052202199994,32.138721811499998
2596,pitch, ,74.205813856899994,32.141339148699998
2597,park,Cavalry Ground Park,74.366610700400003,31.500707488400000
2598,pitch, ,74.148779634199997,32.305238320900003
2599,monument, ,74.112939706500001,32.246267279500003
2600,stadium,Sargodha Cricket Stadium,72.685385776999993,32.077211325400000
2601,park, ,68.133159237200005,27.327574505099999
2602,park, ,68.132373372900005,27.327392098499999
2603,park, ,71.545143412800002,32.585087659099997
2604,hospital,Taluka Hospital Lakhi,68.698591949999994,27.852868600000001
2605,park,Fountain Park,68.821651849999995,27.708282499999999
2606,park,Hut Park,68.820766291400005,27.709642813100000
2607,park, ,68.818992502699999,27.709833384800000
2608,stadium, ,68.870348562600000,27.696169449799999
2609,pitch, ,67.048157232600005,24.896683940399999
2610,park, ,68.844262671300001,27.702201995100001
2611,school,Assembly Ground,68.843360149999995,27.702081799999998
2612,hostel, ,68.843280561200004,27.701383401800001
2613,restaurant,Restaurant 360,73.155279016400002,33.655837646400002
2614,school,Punjab School Education Department,74.300811449999998,31.565361849999999
2615,park,Afghan Park,74.293884844999994,31.568587945699999
2616,playground, ,67.129158930100004,25.025198131900002
2617,park,Central Park,67.126812372299995,25.022584422000001
2618,park,Roman Fountain Park,67.128160023299998,25.021518650000001
2619,park,Zulfiqar Park,68.215500496800004,27.559559591399999
2620,park,Jinnah Bagh,68.212758558600001,27.553790631900000
2621,park,Railway Park,68.210799742299997,27.552709539700000
2622,park, ,68.211913821500005,27.552987925899998
2623,guesthouse, ,67.064394699199994,24.859529127599998
2624,park, ,74.298738149299993,31.523842141399999
2625,park, ,74.297807566900005,31.518220351099998
2626,university,Women Institute of Science and Humanities (WISH),73.060082521200002,33.682656807999997
2627,park, ,74.338028956700001,31.599512560099999
2628,graveyard,Cemetery,75.263439677899996,32.241251116599997
2629,police,Narang Mandi Police Station,74.512908661599994,31.904653724100001
2630,attraction,Ratti Gali Lake,74.064328771299998,34.826713139900001
2631,park,Melad Park,70.601051491000007,32.984687826600002
2632,graveyard,Trang Qabristan,70.607845021900005,32.977631385800002
2633,golf_course, ,70.602342458699994,32.993977316500001
2634,park,Bisaki Ground,70.899238631700001,31.824363234800000
2635,park, ,70.910802675400006,31.825192025100002
2636,park, ,70.917706399400004,31.827461544100000
2637,graveyard, ,70.913308804200000,31.844201644999998
2638,restaurant,KFC Chenab,74.090866549599994,32.488170328199999
2639,pitch, ,70.832942869799993,31.724404223699999
2640,bank,HBL Bank,67.013671739700001,24.911517369399999
2641,ruins,Mandir Tomri Sahib,74.133723220899995,32.282532229099999
2642,park,Park,71.455356188400003,30.188890532900000
2643,park, ,71.458369919800006,30.188400638800001
2644,pitch,PIB KMC Stadium,67.050492887199994,24.891349940200001
2645,pitch, ,67.049189615900005,24.877808380600001
2646,graveyard, ,70.905244036599996,29.388891055700000
2647,school, ,70.907656461599998,29.382841141800000
2648,playground,Dhoke Jumma,73.734012609499999,32.940380977099998
2649,fort,Umarkot Fort,69.733922437000004,25.363742915500001
2650,pitch, ,73.727974864900006,32.924030112099999
2651,playground, ,73.726934268799994,32.931114659199999
2652,university,University of Engineering and Technology,74.355164529000007,31.579632046800000
2653,castle,Chakdara Fort,72.028623761999995,34.647181010700002
2654,attraction,Chakdara Fort,72.028623761999995,34.647181010700002
2655,university,University of Malakand,72.061075655799996,34.669032984200001
2656,hospital,Combined Military Hospital,72.043769627499998,34.199826353200002
2657,golf_course, ,72.043680800299995,34.204021763299998
2658,police,Barnala Police Station,74.250871136800001,32.869009000200002
2659,pitch, ,71.383101917900007,34.000047537199997
2660,park,Major Akram Shaheed Nishan-e-Haider Park,73.730402833900001,32.929932244200003
2661,golf_course, ,73.715468543399993,32.914417655400001
2662,hotel,Serena Hotel - Business Complex,73.100531728899995,33.717156508000002
2663,hotel,Serena Hotel,73.101415271400001,33.716044202100001
2664,college,Govt. Girls Degree College No. 1,73.217701270099994,34.144334361299997
2665,pitch,Hockey Ground,73.212482183999995,34.143390216100002
2666,playground,Cantonment Park,73.215313698499997,34.149560231599999
2667,college,Govt. Post Graduate College No. 1,73.219432263100003,34.146979684000001
2668,hospital,Combined Millitary Hospital,73.222561281200001,34.159375159400000
2669,college,Army Burn Hall College,73.231224709399996,34.189869081700003
2670,park,Company Bagh,73.213069313700004,34.144246061899999
2671,hospital,Benazir Bhutto Ladies & Children Teaching Hospital,73.214759597699995,34.145793410300001
2672,school,Scholars Public School (Boys Section),73.224184332799993,34.172685012599999
2673,college,Govt. Girls Degree College No. 2,73.227432014300007,34.196044436199998
2674,college,Govt. Post Graduate College No. 2,73.226972469900005,34.197022173500002
2675,college,Govt. College of Technology,73.230265017899995,34.197054990200002
2676,school,Govt. Secondry School Jhangi,73.231559698599995,34.197274636899998
2677,school,Abbottabad Public School,73.241293197399997,34.223692702999998
2678,police,Mangal Police Station,73.235358043199994,34.252688418399998
2679,community_centre,Abbottabad Club,73.213575024600004,34.151244876900002
2680,mall,Cantonment Plaza,73.211585276600005,34.148669107899998
2681,post_office,G.P.O.,73.212662674300006,34.148999157900001
2682,hotel,Royal Hotel,73.216783074299997,34.150985323900002
2683,hotel,Sarban Hotel,73.215472369300002,34.145217913099998
2684,hospital,C.M.H. (Gyane Wing),73.219510296199999,34.158456808899999
2685,school,Scholars Public School (Girls Section),73.223311935900000,34.173255006600002
2686,car_dealership,Chinar Motors,73.228696683400003,34.178501574400002
2687,pitch, ,73.215302249600001,34.146945290100000
2688,school,Army Burn Hall Girls School,73.215183379600006,34.147172708799999
2689,department_store,Deemas,73.228163277899995,34.175981333099998
2690,park, ,73.469546476399998,34.344469974600003
2691,park, ,73.446366739300004,34.340197582499997
2692,courthouse, ,73.463798322700001,34.346561880800003
2693,courthouse,high court,73.463952089900005,34.345740922300003
2694,supermarket,Bhutta Center,74.191620112699994,32.141443575300002
2695,pitch, ,74.553924238500002,32.500789759200003
2696,pitch, ,74.527367606400006,32.511213228199999
2697,park,Fatima Jinnah Park,74.529704301899997,32.513037740400001
2698,college,Ayub Medical College,73.236323237999997,34.202532852300003
2699,pitch,Medical College Cricket Ground,73.234197335399998,34.205224369299998
2700,hospital,INOR Cancer Hospital,73.238719638099994,34.206443618700000
2701,school,Ayub School of Nursing,73.236717829300005,34.205491978600001
2702,school,F.G. Boys Middle School,73.223182368799996,34.167163437900001
2703,park,Cantonment Water Park,67.039923074499995,24.830528499300001
2704,school,Girls Comprehensive Higher Secondary School,73.214652002600005,34.142939016500002
2705,cinema,Taj Mehal,73.215921791100001,34.145125712000002
2706,bank,Bank Al-Falah City Br.,73.212164177500000,34.148646960100002
2707,bank,Dubai Islami Bank City Br.,73.212232490600002,34.148888800800002
2708,bank,National Bank City Br.,73.212318988999996,34.149269163600003
2709,sports_centre,Jansher Khan Squash Complex,73.215003851000006,34.150735977600000
2710,restaurant,Monalisa Restaurant,73.214266210999995,34.150351492200002
2711,restaurant,Red Onion,73.214136257600003,34.150204019299998
2712,bank,MCB Bank Main Br.,73.212784782800000,34.146038930000003
2713,pitch, ,73.207435556899995,34.149926688699999
2714,school,FG Boys Public High School,73.206817666000006,34.150143227199997
2715,school,FG Girls Public High School,73.205647377899993,34.150831614499999
2716,bank,HBL Pineview Br.,73.213014476100000,34.147773282999999
2717,bank,UBL Pineview Br.,73.212340229500001,34.147928266599997
2718,bank,NBP Main Br.,73.210737536899998,34.143673111399998
2719,school,Govt. High School No. 1,73.211492923300000,34.144187840299999
2720,school,Govt. High School No. 3,73.213237569399993,34.145463708599998
2721,school,Govt. High School No. 2,73.211125696400003,34.147621930000000
2722,pitch, ,73.213264352400003,34.145449706100003
2723,pitch, ,73.219564685099996,34.146454839500002
2724,pitch, ,73.218879549999997,34.146809949999998
2725,pitch, ,73.219577566400005,34.147661200300000
2726,park, ,72.322294110200005,31.273891690100001
2727,park, ,72.322503843000007,31.272185418999999
2728,park, ,72.681818994599993,31.147998039800001
2729,park, ,72.687712083199997,31.149719152399999
2730,park,Punjab C2,74.285499666700005,31.437742533300000
2731,convenience,Piffer Welfare,73.222049436099994,34.155711870399998
2732,pitch, ,73.223476942500000,34.167083660199999
2733,school,Girls Vocational Centre,73.224507191100003,34.170692099900002
2734,school,Army Public School FF Campus,73.222264783800000,34.155297284100001
2735,tourist_info,Tourism Corporation K.P.K.,73.216830756600004,34.150885599600002
2736,bakery,AAIMS Bakery,73.223032570599997,34.155859244799998
2737,convenience,AAIMS Mart,73.223055970100006,34.155698726700003
2738,restaurant,Pizza Hut,73.222742736900003,34.155330159700000
2739,bank,Askari Bank,73.227002214600006,34.174619602200003
2740,bank,Bank of Khyber,73.228041402700001,34.175848519500001
2741,beauty_shop,Depilex Beauty Parlour,73.227229424200004,34.175289735600003
2742,bank,Dubai Islami Bank,73.227028847599996,34.174716520300002
2743,hospital,Rehmat Memorial Hospital,73.225063845899996,34.170153072799998
2744,bank,UBL Mansehra Rd. Br.,73.226631900399994,34.174117259100001
2745,pitch, ,73.233052176200005,34.190546261700000
2746,pitch, ,73.232562370300002,34.188803156600002
2747,hospital,Ayub Teaching Hospital,73.237677637000004,34.204252480800001
2748,pitch,Commerce College Ground,73.241555902499996,34.188661040800000
2749,university,Comsats Abbottabad Campus,73.243120641600001,34.198999224300003
2750,college,Govt. College of Management Sciences,73.239619672900005,34.187977243900001
2751,cafe,Hospital Canteen,73.237796399999993,34.205276949999998
2752,college,"Govt. Staff Training College, Faisalabad",73.115065829399995,31.408452169899999
2753,guesthouse,Serena Guest House,73.238988299799999,34.194754823099998
2754,cafe,Cantonment Park Canteen,73.214422725299997,34.149776944899997
2755,community_centre,Jalal Baba Auditorium,73.210905912100003,34.150252388600002
2756,playground,Ladies and Children Park,73.241819639900001,34.192010120200003
2757,playground,Lady Garden Park,73.216104083800005,34.150601803699999
2758,library,Public Library,73.211314239499998,34.150205545900000
2759,pitch, ,73.240305272000001,34.223668135099999
2760,pitch, ,73.240239117700000,34.224408621899997
2761,pitch, ,73.239687804300004,34.223027920000000
2762,swimming_pool, ,73.241776058900001,34.224841124500003
2763,pitch, ,73.240975458700007,34.224326825900000
2764,park,National Tea Research Institute,73.268787338600006,34.459356296999999
2765,park,picnic point BalaKot,73.352209523499994,34.503424971000001
2766,pitch, ,73.218405728199997,34.146858540700002
2767,pitch, ,73.218470600200007,34.147716452700003
2768,pitch, ,73.218769170900003,34.147243572900003
2769,pitch, ,73.222827362499999,34.167242775500000
2770,university,University of Engineering and Technology,73.228846547200007,34.197430362200002
2771,pitch, ,73.222311549400004,34.155246918499998
2772,hotel,Alpine Hotel,73.230739523300002,34.184402924799997
2773,bank,NIB Bank,73.231108269200007,34.184497249300001
2774,bank,Bank Al-Falah Main Br.,73.231592044099997,34.183799792099997
2775,pitch, ,73.206202665800006,34.151075682299997
2776,school, ,73.217191094499995,34.145877595300000
2777,school,Binnat Taleem-ul-Quran Girls High School & College,73.217143222700003,34.145049734799997
2778,hotel,PC Hotel,73.230829425300001,34.181644145400000
2779,pitch, ,73.226053265900006,34.173815054800002
2780,school,Modernage Public Scool,73.226262636399994,34.173735764500002
2781,park,Choti Park,74.368326670000002,31.591712955700000
2782,park,Park no.2,74.367091776400002,31.589648329700001
2783,park,Tanki Ground,73.960101556100000,32.705668474500001
2784,pitch, ,73.232235642399999,34.179204713600001
2785,college,Modernage,73.231855566299998,34.179223131900002
2786,school,SOS Children's Village,73.100899606200002,33.548147432199997
2787,university,Institute of Space Technology,73.175817210600002,33.520421311500002
2788,comms_tower,Suparco Tower,73.173463383400005,33.524855541900003
2789,graveyard,Khoja Cemetery,67.002391419399999,24.866452783500002
2790,park,Mujahid Park,67.002989386199999,24.868243946600000
2791,stadium,Cricket stadium,69.570623519700007,32.308795687400000
2792,bakery,Gourmet Shad Bagh,74.338639822299996,31.598783453799999
2793,bank,Habib Bank Limited,74.337372096899998,31.599231154700000
2794,supermarket, ,67.056077839099999,24.872533724299998
2795,pitch,Jam Ghulam Qadir Khan Cricket Stadium,66.875323799699999,25.036667580300001
2796,park, ,66.875203322100006,25.036948246600002
2797,pitch, ,66.968369097199997,24.904531186800000
2798,park, ,67.000204375400003,24.929221643700000
2799,school, ,72.717405738699995,30.945540025000000
2800,park, ,73.091976054200003,33.710719631800004
2801,park,Cricket Ground,73.064006046499998,33.573250003799998
2802,park,Jehangir Park (Mackenzie Pavilion Ground),67.027821804699997,24.862130698600001
2803,park,Clifton Garden,67.033428391699999,24.819489542399999
2804,park,Lala Zar Park,74.209645933299996,31.448203899999999
2805,park,J Block Park,74.212714880899995,31.446657708899998
2806,park, ,74.163683587799994,31.402858641000002
2807,park, ,74.163291451999996,31.404759670800001
2808,park, ,74.163204532899996,31.406648827600002
2809,park, ,74.165470952800007,31.406387735500001
2810,park, ,74.167648101899999,31.402469442699999
2811,park, ,74.292360454800004,31.397880916700000
2812,park, ,74.473539223200007,31.571441011499999
2813,park, ,74.280029134700001,31.472044364599999
2814,park, ,74.284285021399995,31.508329173100002
2815,university,University of the Punjab,74.292294765299999,31.495289586500000
2816,theme_park, ,74.363785297899994,31.532628770500001
2817,park,Mochi Bagh,74.323393359199997,31.577121317400000
2818,park, ,74.279777363700006,31.505663669499999
2819,park, ,74.177084649999998,32.096195399999999
2820,park, ,74.178247575100002,32.092724741799998
2821,park, ,74.179067799999999,32.090483399999997
2822,park, ,74.181363825700004,32.088216173500001
2823,park, ,74.306186450300004,31.462843383599999
2824,park, ,74.303063300000005,31.463456350000001
2825,park, ,74.301635833299997,31.461443899999999
2826,park, ,74.305739431099994,31.460898405999998
2827,park, ,74.304724679000003,31.459271112600000
2828,park, ,74.300206118399998,31.458338644400001
2829,park, ,74.299544999999995,31.463125200000000
2830,park, ,74.297248612499999,31.459595218800001
2831,park, ,74.307107200000004,31.458364650000000
2832,park, ,74.307705150000004,31.464913100000000
2833,park, ,74.313239872899999,31.461286457300002
2834,park, ,74.313255750799996,31.459701632900000
2835,park, ,74.312640194799997,31.458499093699999
2836,park, ,74.309710265899994,31.464165057500001
2837,park, ,74.314167740800002,31.462557842700001
2838,park, ,74.315582250000006,31.461984000000001
2839,park, ,74.295289783800001,31.458604871100000
2840,park, ,74.304044944300003,31.465724394199999
2841,park, ,74.302002531599996,31.468975460500001
2842,park, ,74.299424951099994,31.468437257500000
2843,park, ,74.299446168399996,31.465977494899999
2844,park, ,74.300532581900001,31.465911897300000
2845,park, ,74.301778333300007,31.465714666699999
2846,park, ,74.262424976999995,31.471296221500001
2847,park, ,74.270568577999995,31.471255360699999
2848,park, ,74.271819297199997,31.464561867200000
2849,park, ,74.276979048599998,31.454820776199998
2850,park, ,74.281392482200005,31.456630630900001
2851,stadium,sports complex,74.281772461399996,31.458461589199999
2852,park,Ittefaq Cricket Ground,74.340600945999995,31.475376850899998
2853,park, ,74.310509949199997,31.475094040300000
2854,park, ,74.312790918800005,31.474909796199999
2855,park,L Block Model Town Children Park,74.307659229899997,31.486905464800000
2856,park, ,74.308848415200004,31.484513728600000
2857,hospital, ,74.372538645600002,31.540744789600001
2858,park,Lahore Cantonment Board Park,74.380881493999993,31.521297365500001
2859,park, ,74.386845775300003,31.455110770600001
2860,park, ,74.389961522600004,31.454808631300001
2861,hostel,Hope Tower,74.331519247100005,31.523423669000000
2862,park, ,74.166699184899997,31.408920135900001
2863,university,Lahore College for Women University,74.326441956799997,31.544716546499998
2864,park, ,74.330504400999999,31.540211101499999
2865,school,Crescent Model Higher Secondary School (Boys Campus)1,74.323166650299996,31.539900221700002
2866,pitch,Hanif Cricket Ground,74.304324503600000,31.538905835800001
2867,school, ,74.354865252400003,31.584521526300001
2868,hostel,G-1 Hostel,71.445453439199994,33.520723940099998
2869,hostel,G-2 Hostel,71.445113267400004,33.520282316200003
2870,hostel,B-1 Hostael,71.443938327100000,33.521925276499999
2871,hostel,B-2 Hostel,71.443088057200001,33.520942770700003
2872,library,Digital Library,71.445900433999995,33.523135830800001
2873,playground, ,71.447900840299994,33.523275595599998
2874,hostel,Staff Hostel,71.444500915299997,33.520466087099997
2875,playground, ,71.442652876699995,33.520498349500002
2876,hospital,Shahid Afridi Hospital,71.427292863999995,33.518597286999999
2877,college, ,73.367195285299999,33.885234374400000
2878,pitch,Rafi cricket stadium,73.096313506900003,33.490499193900000
2879,park,Doongi Ground,74.330925531500000,31.473313536599999
2880,park,R Block Park,74.333637788000004,31.473454925999999
2881,park, ,74.335327002100001,31.474818050000000
2882,park,Ittefaq Hospital Park,74.338183527200002,31.476331650599999
2883,supermarket,Metro Cash & Carry,74.320344927799994,31.472058077900002
2884,supermarket,Metro Cash & Carry,74.234512686700000,31.466460491199999
2885,sports_centre,Sports complex,71.482143124700002,34.003919193100003
2886,graveyard,Shakhel Baba,72.065291909799996,34.421694963199997
2887,hospital, ,74.852334307800007,32.115934909200000
2888,school,F G Public High School,71.999441062299994,34.007522117699999
2889,school,Govt girls degree college - nowshera,71.997471880800006,34.007339889100002
2890,hospital,CMH Nowshera - Combined Military Hospital,71.993500218999998,34.003392715700002
2891,police,Police Station,71.986308041900003,34.003013969599998
2892,stadium,Hockey Stadium,71.984872028100000,34.004562586799999
2893,sports_centre,Kishan Club -Ground,71.984763972200000,34.003509157000003
2894,hospital,CMH Nowshera,71.984694814400001,34.001760436399998
2895,school,"Govt.High School No-2,",71.984259147100005,34.005906137399997
2896,school,Govt. High School No-1 - Nowkhar,71.985706833999998,34.005936157900003
2897,convenience,TAJ Shopping Plaza,71.987411515299996,34.005779288699998
2898,police,Police line - Noushera,71.962301628700004,34.011803369900001
2899,car_wash, ,74.570042189000006,31.602321807300001
2900,park,Park Sector J,74.459375738600002,31.482126093800002
2901,park, ,72.727837451799999,33.263478838200001
2902,park,DHA Plants Nursery,73.170354138500002,33.527805505700002
2903,park, ,67.032064805499999,24.916281717800000
2904,park, ,74.273330037799994,31.575925757000000
2905,college, ,74.318693861800000,31.586067267699999
2906,hospital,Lady Aitchison Hospital,74.315293233999995,31.573847909600001
2907,pitch, ,74.306821994200007,31.560509982300001
2908,museum, ,74.305857424300001,31.557850158499999
2909,park, ,74.293436033399999,31.546263916000001
2910,park, ,74.282727902199994,31.549081236500001
2911,park, ,74.275325196899999,31.546102074600000
2912,university,Government College University,74.308033733599999,31.573282041599999
2913,school, ,74.310293809599997,31.571929665999999
2914,monument,Baradari of Wazir Khan,74.307732282399996,31.567738904999999
2915,college,National College of Arts,74.307193967200007,31.568082364700000
2916,library,Punjab Public Library,74.307619212299997,31.567368148200000
2917,golf_course, ,74.543097622299996,32.516350305400003
2918,park, ,74.289263786500001,31.472784579500001
2919,park,Advocate Dhelo Park,74.288937607999998,31.471205558499999
2920,park,Sukhaa Baag,74.285832877299995,31.473413717900002
2921,hospital,Naseer Teaching Hospital,71.462433322300001,34.007570274000003
2922,park,Jamaluddin Afghani Park,67.062979650000003,24.881476249999999
2923,supermarket, ,67.070344975500007,24.883144109600000
2924,park,Usmania Family Park,67.067930333000007,24.878512401799998
2925,restaurant,Ideal Restaurant,67.088344350000000,24.875653499999999
2926,restaurant,Laal Qilla,67.090721321100006,24.872406925300002
2927,school,Madrasa,71.460799680400001,34.011411861200003
2928,school,Ashraf Model School,71.461961313100005,34.008216053100000
2929,school, ,73.014126641499999,33.707869103900002
2930,pitch, ,73.024626982499996,33.704853998399997
2931,pitch, ,73.024918869399997,33.704858874499998
2932,pitch, ,73.025352183199999,33.704838601699997
2933,pitch, ,73.025646840999997,33.704829123800003
2934,playground, ,73.025049191099995,33.707600708000001
2935,park, ,73.096982583499994,33.630294563800000
2936,hotel,Royaute Luxury - Suites & Hotel,74.349020499999995,31.514278699999998
2937,college,Commerce College,71.521163797300005,33.965649927100003
2938,mall,Hyper Shopping Mall,71.498961078600004,33.963485116999998
2939,college,Gov. Degree College - Achini,71.516642164399997,33.963443415999997
2940,university,Sarhad University - Peshawar,71.528539476099994,33.962144365000000
2941,college, ,72.859331757600003,32.935596519999997
2942,university, ,72.860132933900005,32.933595212000000
2943,pitch, ,72.861547386400005,32.933742225600000
2944,police,Rang Mahal Police Station,74.321149225699997,31.576582206499999
2945,castle,قلعه بالا حصار,71.569734095900003,34.012695433600001
2946,hospital,Lady Reading Hospital,71.568682445099995,34.010233606699998
2947,park,WAZEER BAGH /  وزیر باغ,71.574546373199993,33.996086069599997
2948,graveyard,GORA QABRISTAN ( Christian cemetery ) / گورا قبرستان,71.571344553100005,33.998316348199999
2949,attraction,چوک یادگار,71.574100701800006,34.010047604199997
2950,college,Aitchison College,74.347136101600000,31.550574407799999
2951,library,Children Library Complex,74.335050175500001,31.550903469200001
2952,college,Kinnaird College for Women,74.340638442499994,31.537754591999999
2953,park, ,74.296455907600006,31.521519367900002
2954,school, ,74.302195816199998,31.511935202699998
2955,park, ,74.308979075600007,31.516317396300000
2956,pitch, ,74.309800776499998,31.515057035400002
2957,park,Ali Block Park,74.326371619300005,31.503272039700001
2958,park,Usman Block Park,74.318826984500006,31.502345285200001
2959,park,Ghousia Triangle Park,74.320331840099996,31.502003873700001
2960,tower, ,69.641775622899999,25.392278907600002
2961,zoo,Lahore Wildlife Safari,74.213531843900000,31.382358989499998
2962,university, ,74.209737718300005,31.401806014300000
2963,park, ,74.315779213300004,31.452398423700000
2964,park,City Amusement Park,71.611460956599998,34.007108573600000
2965,park,Lalazar Park,74.244676903400006,31.470997762600000
2966,school,Government Comprehensive and Higher School for Boys,73.719170878499995,32.943764188800003
2967,school,Government Girls High School No.2,73.721527173100000,32.940836431100003
2968,park, ,74.270140340699996,31.448746255600000
2969,university, ,74.267741479199998,31.446685784400000
2970,college,Lahore Grammar School Johar Town,74.290964405599993,31.470664687900001
2971,university,FAST NUCES Lahore Campus,74.303364159899999,31.480957532400001
2972,park, ,74.215265088999999,31.454111520900000
2973,town_hall,Governor House - Peshawar,71.556258011300002,34.008759907699996
2974,bank,Allied Bank Ltd.,73.240233360800005,33.363647256599997
2975,pitch, ,71.458653084000005,34.012852869500001
2976,graveyard,Qabristan,71.590682388100007,34.008606463900001
2977,graveyard,Qabristan,71.585513723099993,34.003173866399997
2978,stadium,Play Ground,74.285309659099994,31.636307905399999
2979,park, ,74.308024434100005,31.623298201800001
2980,playground,"L.D.A Cricket Ground, Shahdara Town",74.310608654999996,31.622683638500000
2981,park, ,74.388721206300005,31.486497780800001
2982,park, ,74.390849725699994,31.484942562200001
2983,graveyard,Qabristan,72.681079311199994,33.824489358900003
2984,playground, ,72.674934248100001,33.819067396999998
2985,park, ,70.664459648800005,28.644020127800001
2986,park, ,70.646538414800006,28.653907820000001
2987,park, ,70.644810153799995,28.655565307900002
2988,park, ,70.647110696799999,28.655043224600000
2989,park, ,70.646645666699996,28.656886600000000
2990,park, ,74.276391399999994,31.548524850000000
2991,park, ,74.274309250000002,31.548529450000000
2992,park, ,70.316248349999995,28.422382599999999
2993,park, ,70.314007072099997,28.422686657700002
2994,school, ,70.316890789799999,28.424536864699999
2995,park, ,70.317457779899996,28.429164389099999
2996,park, ,70.319171065700004,28.429215925899999
2997,stadium,Abbasia Stadium Complex,70.304508556900004,28.433609742600002
2998,hospital,Sheikh Zayed Hospital,70.314085864199996,28.417739109799999
2999,park, ,70.303267253599998,28.411566393200001
3000,park, ,74.211698633300003,31.450568566699999
3001,park, ,74.214761340300001,31.448477459399999
3002,park, ,74.217983933300005,31.447342166700000
3003,park, ,74.214776385400000,31.444816757400002
3004,park, ,74.213770009699999,31.441366893900000
3005,park, ,74.209974866699994,31.441564966700000
3006,park, ,74.208767833300001,31.439755600000002
3007,park, ,74.209928106000007,31.436158991599999
3008,pitch,"Cricket Ground, Block D DHA EME",74.212609510799993,31.435004374700000
3009,park, ,74.214565038999993,31.429081259299998
3010,park, ,74.205861247399994,31.432562063300001
3011,park, ,74.211594899999994,31.427221800000002
3012,park,Tajpura Ground,74.336953419099999,31.592637013800001
3013,graveyard,Garden Town Cemetry,74.315844691600006,31.503946813399999
3014,hostel,Pakistan Youth Hostel,73.091244961300006,33.709676983199998
3015,park, ,74.183939447900002,31.419741637400001
3016,park, ,74.185626885000005,31.421068789400000
3017,park, ,74.182325065200004,31.421050162600000
3018,park, ,74.177623800000006,31.420025700000000
3019,park, ,74.189535300000003,31.417972433300001
3020,park, ,74.181883733299998,31.418270333300001
3021,college,Cadet College - Attock,72.367645338800003,33.817619015900000
3022,monument,Yadgar-e-Shuhada,73.218497708300006,34.155749739800001
3023,college, ,71.410819175000000,34.153436569199997
3024,hospital,Civil Hospital - Attock,72.360128036299997,33.781973228500000
3025,park,Peoples Colony Ground,72.358085700999993,33.791079225600001
3026,stadium,Parade Grounds,72.379225327100002,33.780967455599999
3027,stadium,Army Stadium,72.379725785000005,33.774723423499999
3028,park,Army park,72.378558395900001,33.773474070699997
3029,school,F. G. School and College,72.369872677399997,33.769046068300000
3030,college,Army Public College,72.370884154799995,33.771986521000002
3031,police,Police Lines,72.363074473799998,33.775567789999997
3032,courthouse,Attock District Courts / اٹک ڈسرکٹ کچھری,72.361860137899995,33.772942989400001
3033,police,DPO  House,72.363482441399995,33.773501552399999
3034,stadium,Attock Stadium,72.366648641699996,33.772694461900002
3035,college,Girls Government  Digree College,72.361518913500007,33.769122571499999
3036,college,Government College,72.359799636600002,33.769907409399998
3037,park,Ziarat Public Park / زیارت پارک,72.362380961499994,33.770780457299999
3038,school,Govt.Girls High School. No.2,72.365324789699997,33.768552945099998
3039,graveyard,Gora Qabristan / گورا قبرستان,72.360155614899995,33.765502166799997
3040,park,R Block Park,72.348556221500004,33.768756207000003
3041,park, ,67.006158259599999,30.207014399700000
3042,college,Government College,73.484578221500001,32.585510386700001
3043,college, ,72.966568562000006,32.724290969400002
3044,park,Vegetation,72.696888953799998,33.802894314200003
3045,attraction,Ramkot Fort,73.641299391800004,33.222798287899998
3046,monument,Ramkot Fort,73.641299391800004,33.222798287899998
3047,pitch, ,73.680937328300004,33.353545857800000
3048,police,Mach Jail,67.333487570499997,29.869265511100000
3049,bakery,Gourmet Bakers,74.308727829800006,31.470313999500000
3050,restaurant,Gourmet Restaurant,74.308990962699994,31.470814722099998
3051,restaurant,Salt n Pepper,74.307829509100003,31.468451752499998
3052,park, ,74.306543383199994,31.473866708300001
3053,park, ,74.305857774399996,31.475533745700002
3054,park, ,74.299967418799994,31.483572514300000
3055,park, ,74.308161924299995,31.473283268500001
3056,restaurant,Pizza Hut,74.307619756099996,31.469553715100002
3057,fast_food,Fri Chicks,74.308327852800005,31.469474213700000
3058,bank, ,74.308638116899999,31.470108693000000
3059,park, ,74.308858178099996,31.463089812300002
3060,mall,Pace,74.317547877699994,31.470371297800000
3061,fast_food,McDonald's,74.315603736300005,31.466300156999999
3062,park, ,74.313911857799994,31.472666554400000
3063,park, ,74.312189700000005,31.471802799999999
3064,park, ,74.309127347599997,31.478184882499999
3065,park, ,74.309716232499994,31.477504801500000
3066,park, ,74.309734681899997,31.476637344400000
3067,park, ,74.310360450100006,31.475962136300002
3068,park, ,74.315210989400001,31.470833982100000
3069,park, ,74.307024676099999,31.484407824200002
3070,park, ,74.309594248200000,31.485208408700000
3071,park, ,74.311000114799995,31.481561831400001
3072,park, ,74.308105845900002,31.488652881800000
3073,park, ,74.312855850099993,31.470265854299999
3074,park, ,74.309962766699996,31.469652766700001
3075,park, ,74.309613901700004,31.469447807100000
3076,park, ,74.305843473600007,31.476482779800001
3077,college,Govt. College of Science,73.063232450000001,31.392578024799999
3078,cafe,College Cafe,73.060194018700003,31.390603580400001
3079,playground,College Play Ground,73.058764531799994,31.390660882199999
3080,school,Govt. Comprehensive model high school,73.065065961000002,31.393717251100000
3081,college,Govt. College of Education,73.067611931399995,31.395164236799999
3082,college,Govt. College Samanabad,73.070616999099997,31.396934953999999
3083,park, ,74.294538361500003,31.558472511600002
3084,graveyard,Karbala Graveyard,73.223659603300007,34.146975844700002
3085,water_well,Agriculture Water Supply,73.255739666200000,34.162200561299997
3086,pitch,Iqbal Khan Jadoon Football Ground,73.262285026499995,34.153150963199998
3087,pitch,Abbottabad Cricket Stadium,73.262165773999996,34.154343136300000
3088,wastewater_plant,water filtration plant,73.260561456399998,34.153660936700000
3089,park, ,74.278265110500001,31.551241222900000
3090,park, ,74.281592268500006,31.550645007300002
3091,graveyard,Shah Saleh Muhammad Cemetery,74.287365914199995,31.574700909800001
3092,park, ,67.039783057899996,25.008082227999999
3093,college,College of Education for Women,73.049158279200000,33.666176077199999
3094,university,International Islamic University Islamabad,73.027145522699996,33.659909035299997
3095,school,APS,73.065800067799998,33.543699035400003
3096,pitch, ,71.494064414799993,34.726639993600003
3097,park,Memorial Park,72.040957522400006,34.198295029599997
3098,mall,Cantt Plaza,72.039634487100003,34.198182153899999
3099,police,Old District Jail Mardan,72.037928084499995,34.196733765499999
3100,police,City Police Station,72.037647952599997,34.195261636900000
3101,hospital,District Head Quarter Hospital,72.045974639999997,34.191366379300000
3102,hospital,District Head Quarter Hospital,72.046455342399994,34.192646466200003
3103,stadium,Sabir Shaheed Stadium,73.759753505899994,33.858503720100003
3104,college,Khyber Medical College (KMC),71.485245500700003,33.999693561500003
3105,pitch,Hostel 2,71.485612474299998,34.004232991000002
3106,pitch, ,71.485940600000006,34.005237450000003
3107,pitch, ,71.485448099999999,34.005258400000002
3108,pitch, ,71.485698249999999,34.006358650000003
3109,hostel, ,71.484443774100001,34.005221394400003
3110,pitch, ,71.483525599999993,34.006135999999998
3111,playground, ,71.486944043700007,34.002218770299997
3112,post_office,Post Mall,71.483726944699995,34.002060520400001
3113,museum,Cultural Museum,71.483420350000003,34.002389100000002
3114,bank,UBL,71.482394850000006,34.001598899999998
3115,bank,HBL,71.481298275200004,34.001805496999999
3116,pitch, ,71.479462606400006,33.999718678299999
3117,pitch, ,71.479492623799999,33.998993554400002
3118,pitch, ,71.478303299999993,33.999218999999997
3119,park,Aman Chowk,71.534159373199998,34.006046546400000
3120,bank,Standard Chartered Bank,71.535025410599999,33.999511143299998
3121,hostel,Qasim Hall,71.480028242700001,34.005381419400003
3122,school,Govt. High school,72.281461270600005,34.346484474999997
3123,pitch,Cricket Practice Nets,71.476847800000002,34.005246900000003
3124,pitch,Islamia Cricket Academy,71.476172950000006,34.005212100000001
3125,park, ,67.029909317299996,24.911505246299999
3126,park,Nazeer Hussain Park,69.010360940100000,25.509154707699999
3127,park, ,69.017221031099993,25.510935738200001
3128,mall, ,74.342215602200000,31.516226363500000
3129,mall, ,74.341027361900004,31.515859407200001
3130,mall, ,74.341967250600007,31.515535162999999
3131,mall, ,74.341673679899998,31.515682213400002
3132,bank, ,74.341975634400001,31.515134637700001
3133,park,City Park,75.642638464800001,35.276889313600002
3134,restaurant, ,75.454023783200000,35.425564347200002
3135,park,Chinar Bagh,74.323734207800001,35.923588407700002
3136,university, ,68.259145551800003,25.421825827900001
3137,park,Rahat Park,67.075554800000006,24.815426666699999
3138,university,Karakoram International University,74.365687411799996,35.921669209900003
3139,attraction,Rama Lake,74.785523935499995,35.330130235699997
3140,park,jambo park,74.291930379099995,31.520582981899999
3141,pitch, ,74.288608220000000,31.517984421900000
3142,park, ,74.288674453799999,31.517454779000001
3143,park, ,74.280678116299995,31.514989967500000
3144,park, ,74.282071156300006,31.516773608200001
3145,park, ,74.286583458199999,31.519799642500001
3146,park, ,74.285933433599993,31.522180893500000
3147,college,Government College For Boys - Gulberg,74.333336262000003,31.508563248100000
3148,mall, ,74.336066492599997,31.507168493999998
3149,sports_centre,National Cricket Acaddemy,74.335218834700001,31.514457874400001
3150,hotel,Hill Top Hotel,67.065517283299997,24.872329206700002
3151,cafe, ,74.310067578000002,31.567824715299999
3152,park, ,74.303906198799993,31.457891264400001
3153,college,Ghazi Khan Medical College,70.635266001199994,30.042230278000002
3154,hospital,DHQ Teaching Hospital,70.637396982400006,30.049736681199999
3155,park, ,67.074274650500001,24.922138114599999
3156,park,Aisha Park,67.074151801100001,24.925076397900000
3157,graveyard, ,67.076006578800005,24.914610920400001
3158,pitch,Shandur Polo Ground,72.545024785400003,36.085774433700003
3159,college,Government Degree College,74.369300838000001,32.335428582900001
3160,pitch, ,74.355410563999996,34.824181149700003
3161,college,Government Girls College,73.766114066300005,33.980309426799998
3162,school,Army Public School,73.795745740699999,33.969241307099999
3163,hospital,Combined Military Hospital,73.760583747900000,33.862009490399998
3164,college,Hussain Shaheed Boys Degree College,73.757095510100001,33.864064536599997
3165,park,UMT Park,74.292948056200004,31.451045107399999
3166,park, ,74.330409350699995,31.485391467700001
3167,park,Tanki wala Park,73.080308467799995,31.385443946300001
3168,post_office, ,73.079607098699995,31.385428206000000
3169,pitch,Cricket Ground,73.249322406199994,34.420876747800001
3170,cafe,Cafeteria,73.248971462599997,34.419897269700002
3171,guesthouse,Guest House,73.250991049999996,34.421540100000001
3172,sports_centre,Gym,73.248791096100007,34.418749017400003
3173,library,Library,73.248212311600000,34.419093841699997
3174,golf_course,Golf,72.685087495299996,34.041351893100000
3175,college,WAPDA Cadet College,72.670902065899995,34.038070319299997
3176,hospital,WAPDA Hospital Tarbela,72.668012247099995,34.030535878899997
3177,hospital,Combined Military ospital,72.666295607199999,34.017879108899997
3178,bank,Habib Bank Limited,74.307310477000001,31.503833837500000
3179,tourist_info,information Cell,74.308344233100001,31.504292701800001
3180,swimming_pool, ,74.299206105200000,31.487891073699998
3181,sports_centre, ,74.311137740099994,31.495279417599999
3182,pitch, ,74.314348335299997,31.501267472300000
3183,pitch,Cricket Ground,74.314512436100003,31.499909279000001
3184,pitch,Punjab University Football Ground,74.312524719699994,31.499452681400001
3185,pitch, ,74.310921828999994,31.497714147400000
3186,college,Government Boys Degree College,71.200629601200006,30.964277045500001
3187,stadium, ,72.685384208599999,32.077213113200003
3188,hospital,Fatima Jinnah Hospital,72.691273238099996,32.067244606700001
3189,park, ,71.069936571000000,31.619969500700002
3190,park,Jamil Park,71.072937985699994,31.618478606299998
3191,park, ,71.074993563299998,31.617350680300000
3192,park, ,71.077207749300001,31.615982238800001
3193,park, ,71.071341267600005,31.618984250400000
3194,park,Chattar Park,73.242678491899994,33.779765369700002
3195,park,water filter parc,74.279702289499994,31.544124526699999
3196,park, ,67.083455450000002,24.868551249999999
3197,park, ,71.448374974800004,33.972823165100003
3198,graveyard,Grave Yard,74.288743056800001,31.504724175900002
3199,park, ,74.293486263099993,31.515626433500000
3200,park, ,74.298044160800004,31.511474696699999
3201,park, ,74.339785360400001,31.598268384699999
3202,school,Government Science College,74.294375041999999,31.509745228900002
3203,park, ,74.278266527100001,31.499373519599999
3204,park, ,74.275596735700006,31.498112167100000
3205,park, ,74.273159662300003,31.496521364900001
3206,park, ,74.276742469499993,31.491916804300001
3207,park, ,74.272478619300003,31.491354130400001
3208,playground, ,74.272342613399999,31.492095817799999
3209,park, ,74.271011297900003,31.489359037500002
3210,park, ,74.273553557900001,31.489976209700000
3211,park, ,74.270235031599995,31.491027778700001
3212,park, ,74.271462448400001,31.493421836100001
3213,park, ,74.269319875099995,31.490223822099999
3214,park, ,74.268343010300001,31.494702475200000
3215,park, ,74.253771241799996,31.502587992799999
3216,park, ,74.255330398500007,31.492827826700001
3217,graveyard, ,74.257005647300005,31.490486703399998
3218,park, ,74.254495349999999,31.492853400800001
3219,graveyard, ,74.251499565200007,31.485790953900000
3220,graveyard, ,74.256449632300004,31.491879076600000
3221,park, ,74.255366499700003,31.478053677599998
3222,park, ,74.256010021600005,31.479803617000002
3223,park, ,74.260448764499998,31.482274798599999
3224,park, ,74.275985905400006,31.493917577900000
3225,park, ,74.278715500000004,31.499778800000001
3226,park, ,74.286051174600004,31.505231209500000
3227,graveyard, ,74.288834883199996,31.525283583600000
3228,park,Nespak D1,74.281212499899993,31.435689228200001
3229,pitch, ,74.280475326300007,31.435866220299999
3230,department_store,Rahat Departmental Store,74.279814036000005,31.437136781400000
3231,restaurant,Pizza Hut,74.280522353899997,31.438070822200000
3232,park, ,74.302393971200004,31.438959365999999
3233,park, ,74.297996441099997,31.435332602900001
3234,park, ,74.299464638700002,31.434161172500001
3235,park, ,74.299808636300000,31.435454350699999
3236,park, ,74.295385199999998,31.435637499999999
3237,park, ,74.293625526100001,31.434017881700001
3238,park, ,74.298351237099993,31.432335434399999
3239,park, ,74.299831513300006,31.437956844399999
3240,park, ,74.301239853799999,31.437635274400002
3241,motel, ,73.977200737999993,31.069048001500001
3242,college,Gujranwala Medical College,74.119863975900003,32.206411641400003
3243,college, ,74.196738418300001,31.333341879999999
3244,college, ,74.196869463499993,31.336565702200001
3245,park, ,67.070048000000000,24.826917121499999
3246,playground, ,67.074495981100000,24.868391591300000
3247,graveyard, ,74.372481113199996,31.579455831800001
3248,wastewater_plant,WASA Pumping Station,74.318945646600000,31.470476225199999
3249,graveyard, ,74.323613569399996,31.471326723299999
3250,park, ,74.326550847299998,31.472067562900001
3251,graveyard, ,74.312449597799997,31.463876350600000
3252,park, ,74.317659863200006,31.456611411200001
3253,park, ,74.290802844400005,31.439370618800002
3254,wayside_shrine,Baba Jhand Peer,74.289768256599999,31.436885555800000
3255,park,Awaisia Housing Society,74.289534588899997,31.438732851099999
3256,park, ,74.294990964999997,31.440901991099999
3257,graveyard,Christian Graveyard,74.291329799699994,31.435774919699998
3258,community_centre,Madinah Marriage Hall,74.291601310199994,31.436613842300002
3259,bank,Askari Bank,74.290902594599999,31.437342918999999
3260,wastewater_plant,WASA,74.293110923000000,31.435355153300002
3261,school,Govt. Primary School,74.293292702200006,31.434858499899999
3262,school,Siqarah Boys High School,74.289950211100006,31.438174367799999
3263,school,Siqarah Girls High School,74.288877531099999,31.438898686800002
3264,college,Siqarah College,74.288857650599994,31.439454734300000
3265,kindergarten,Nespak C1,74.288379660399997,31.435302923300000
3266,college,Al Huda International,74.287100400000000,31.436869000000002
3267,park, ,74.278853928100006,31.429828657700000
3268,park, ,74.284215031800002,31.429965085799999
3269,park, ,74.285206400000007,31.429286066700001
3270,park, ,74.282164273800007,31.430615826499999
3271,park, ,74.287135133299998,31.431659633300001
3272,park, ,74.284264267799998,31.440573183100000
3273,kindergarten,Govt Primary School,74.283327319899996,31.438444212299999
3274,park, ,74.298208038100000,31.445379387700001
3275,supermarket,Model Bazar,74.301107854500003,31.443945113200002
3276,swimming_pool,Univerisity Swimming Pool,74.308448757799994,31.497218244700001
3277,pitch, ,74.297493061200001,31.486400333799999
3278,park,Motia Park,74.301324758700005,31.483045285900001
3279,park, ,74.304278350100006,31.485444273700001
3280,community_centre, ,74.298933594600001,31.484606947300001
3281,restaurant,College Canteen,74.299112062999995,31.486080199100002
3282,hostel,C&W Rest House,74.302542819699994,31.487720422100001
3283,park,Aurangzeb Block Park,74.315252478199994,31.495340281400001
3284,park, ,74.316429175200000,31.496637241700000
3285,park, ,74.318153499999994,31.495896500000001
3286,pitch, ,74.322672261099996,31.493179204200000
3287,park,North Garden,74.324195373199998,31.489374545299999
3288,park, ,74.313260792700007,31.490452004300000
3289,park, ,74.312724318999997,31.489543543300002
3290,college,Qasre - Bahbood,74.311997749300005,31.482179793600000
3291,pitch,Cricket Ground,74.311334734900001,31.480076097800001
3292,park, ,74.308795339300005,31.479295180000001
3293,pitch,Cricket Ground,74.309513921499999,31.482101313600001
3294,park, ,74.309983937100000,31.480899158700002
3295,college, ,74.308575418999993,31.480614581299999
3296,park, ,74.312225315999996,31.477545063400001
3297,pitch,West Garden,74.319157364999995,31.482493123699999
3298,college,Minhaj ul Quran International,74.309030234100007,31.483340328600001
3299,park, ,74.311048243800002,31.483268629700000
3300,university,Abdul Wali Khan University,71.827881238900005,34.840440752299997
3301,hospital,National Institute of Health (NIH) Islamabad,73.136166121499997,33.689224627599998
3302,hospital,Dr Nargis Clinic,73.102051082399996,31.399979693199999
3303,hospital,Shehroze Dental Clinic,73.102607557400006,31.398962852000000
3304,embassy,Embassy of the United States,73.115805527199996,33.725478575700002
3305,university,Quaid-e-Azam University,73.141662318700000,33.747258056800000
3306,park,"Tech Society, Main Park, B-Block",74.281786810699998,31.484871159899999
3307,community_centre, ,74.281790866400002,31.485837690800000
3308,park,"B-Block Park, Tech Society",74.286208170699993,31.489187572700001
3309,park, ,74.275318809200002,31.468867339900001
3310,park, ,74.279545445899998,31.460094686100000
3311,graveyard, ,74.279905675799995,31.463598640800001
3312,park, ,74.270285161800004,31.455230835399998
3313,police, ,74.290197478799996,31.478553000900000
3314,park,Allah Hoo Chowk,74.298727870500002,31.469199810399999
3315,park, ,74.291215542000003,31.448291678600000
3316,park, ,74.298732830199995,31.447719850399999
3317,hospital, ,73.041105760299999,32.590107624600002
3318,college,AlBeruni College,73.034314759400004,32.598729046099997
3319,college,Cadet College,72.686637685099996,32.739140448800001
3320,pitch, ,67.068363547000004,24.809684264500000
3321,pitch, ,67.115314471000005,24.932021009300001
3322,college,Girls Degree College,71.313828226300004,33.393074443800003
3323,hospital,Tehsil Hospital - Lachi,71.328783460500006,33.387556994199997
3324,hospital,WAPDA Hospital,74.322747594600003,31.523797787199999
3325,hospital, ,74.330436228400004,31.505203403399999
3326,hospital, ,74.329412016899994,31.504215002100000
3327,park, ,74.321306500500000,31.499663630800001
3328,park, ,74.313511471300004,31.492752898799999
3329,playground, ,74.318095932500000,31.497831056700001
3330,hospital,United Christian Hospital,74.341097228699994,31.508408195900000
3331,park, ,74.355567756499994,31.513290911999999
3332,park,Ghalib Market,74.354443466199996,31.512836775899999
3333,graveyard, ,74.339886938700005,31.490926813200002
3334,park, ,74.341911907200000,31.487940220500001
3335,park, ,74.342777018600003,31.487154576199998
3336,hospital, ,74.343981298499997,31.479959255899999
3337,park, ,74.342089939199994,31.476358440599999
3338,park, ,74.331634126400004,31.471662247299999
3339,park, ,74.339274666700007,31.478807833299999
3340,park, ,74.341086066700001,31.478248166699998
3341,park, ,74.283363687999994,31.466809925500002
3342,park, ,74.284664487200004,31.463540752400000
3343,park, ,74.287333037899998,31.461749293200000
3344,park, ,74.295471500000005,31.451241566699998
3345,park, ,74.295165684400004,31.450360929199999
3346,park, ,74.300177366499994,31.442377927700001
3347,park, ,74.296299003599998,31.440018206400001
3348,park, ,74.297791878599995,31.439226455899998
3349,park, ,74.296580478099997,31.438816656899998
3350,school,Gov. High School - Bilyamina,70.924743385599996,33.500050246699999
3351,pitch, ,67.075682317900004,24.926307132600002
3352,park,Corner Park,67.048622060100001,24.938957903999999
3353,park,Pone Panch Chowrangi Park,67.006265065899996,24.936752522799999
3354,park,Bab-ul-Islam Park,67.054457769400003,24.975518570799998
3355,pitch, ,67.058728511699996,24.974195596700000
3356,park,Jinnah Baagh,68.002453874899999,27.589041720200001
3357,police,Police Station,68.001692536199997,27.589319103499999
3358,playground,Kamber play ground,68.001925126700002,27.592062425300000
3359,school,Government High School -Kambar,68.002027632700006,27.591049675800001
3360,police,Police Station - kambar,68.002428959499994,27.592560205700000
3361,courthouse,Kamber Session court,68.000059216300002,27.582106019000001
3362,hospital,District Hospital,67.997732083399995,27.580790309499999
3363,college,Govt Shah Abdul Latif Degree College,67.996119314400005,27.577261410100000
3364,college,Govt MonoTechnical College,67.998470590699995,27.576363432400001
3365,attraction,Dargah Hussain Abad,67.997121806099997,27.598185936000000
3366,park,Funland,72.431441220500005,30.780052824700000
3367,hospital,National Medical Centre,67.055863130700004,24.846623485399999
3368,park,Happy Palace Park,67.066297662300002,24.931732006200001
3369,park, ,67.065714395100002,24.932315953900002
3370,police,Gulberg Police Station,67.066244198400000,24.935502067400002
3371,pitch, ,67.064204884800006,24.933020155099999
3372,florist, ,67.065948460700000,24.931271510599998
3373,zoo, ,67.065069785500000,24.931164020800001
3374,veterinary,Saleem Veterinary Clinic,74.274206047000007,31.513069656399999
3375,park, ,73.080869343900005,33.599765940499999
3376,school,Technical School,73.114210734200000,31.406980916700000
3377,university,MAJU University,73.184331113400006,33.546589721799997
3378,university,Balochistan University of Engineering and Technology,66.628866452400004,27.818571714200001
3379,hostel,Degree College Hostel,66.604430200799996,27.803536314999999
3380,tower,Khuzdar PTV TV Booster tower,66.603710214000003,27.805780295700000
3381,hospital,Divisional Headquarter hospital,66.610754533199994,27.810858154999998
3382,hostel,Al Faisal Hotel,66.611568966099995,27.809887184499999
3383,motel,PTDC MOTEL,66.598193787900001,27.811341379600002
3384,hotel,SAARC Hotel,66.598345860899997,27.817139609300000
3385,school,Divisional Public School,66.606896416100000,27.806407443099999
3386,college,Govt.Degree College Khuzdar,66.601887342200001,27.803342138800001
3387,pitch,GD College Sports Stadium,66.603465818199993,27.801310306500000
3388,hotel,saudi hotel,66.610780138699994,27.805928687800002
3389,mall,Agha Ibraheem Shah  shopping Comlex,66.611951532800006,27.804576309200002
3390,police,Police Station,66.612381073500003,27.806319976800001
3391,stadium,Mir Ghaus Bakhsh Bizenjo Stadium,66.609670798099998,27.808021859099998
3392,town_hall,Office of Municipal Corporation,66.614482088700001,27.807429463700000
3393,hospital,Fatimid Foundation,71.503318599799996,30.192260168499999
3394,restaurant,Do no Know,72.678400849100001,32.939483858999999
3395,restaurant,Park Hotel,73.066321810700003,33.606286113300001
3396,college,Murray College,74.549443856799996,32.498826813999997
3397,school,Government Pilot High School,74.550814471999999,32.499031841300003
3398,school,Govt. Jamia School,74.555882635900005,32.499521466300003
3399,graveyard,Grave Yard,74.552598656900003,32.496657516500001
3400,graveyard,Grave Yard,74.554470538299995,32.493299040300002
3401,hospital,Sardar Begum Hospital,74.532849831500002,32.492635335499997
3402,park,Sherana Wala Bagh,74.530884092899996,32.491997842499998
3403,school, ,74.534630377100001,32.491396596000001
3404,graveyard,Grave Yard,74.537407004399995,32.488602984800004
3405,graveyard,Imam Sahib Grave Yard,74.537111970400005,32.487757193900002
3406,police,Police Station,74.536068805300005,32.488804932100003
3407,school,Laday Anderson School,74.544935133799996,32.488536118299997
3408,park, ,74.544857742299996,32.487618830199999
3409,park,Shahab Park,74.540579295499995,32.485981614799996
3410,graveyard, ,74.539947123800005,32.486116604499998
3411,police,Thana Nika Pura,74.542614407200006,32.485663691299997
3412,school,Govt Primay School,74.541107296700005,32.484658721700001
3413,school,Govet. High School No.2,74.546294176299995,32.482400002900000
3414,graveyard,Grave Yard,74.545948386399999,32.485766513300000
3415,park, ,74.315308841399997,31.539167658800000
3416,park, ,74.315140504100000,31.538808662600001
3417,wayside_shrine,Adam Shah Kalhoro,68.850732922600002,27.701378744100001
3418,hospital,BHU New Pind,68.858175978199995,27.704473873700000
3419,post_office,GPO,74.502278839699997,32.520279866700001
3420,hospital,BHU,74.502409099900007,32.519464850500000
3421,school,Govt. Allamah Iqbal High School,74.500870351100005,32.520204372400002
3422,school, ,74.499188400300000,32.514600216799998
3423,college,Qadri Law College,74.510946422900005,32.517464970900001
3424,hospital,Dr. Frigz Hospital,74.509837466299999,32.518225973299998
3425,college,Govt. Christian High School (Girls),74.517086406000004,32.516554810599999
3426,college,Cathederal High School,74.518162663599995,32.515080157800000
3427,school,Govt Girls Primary School,74.503075800100007,32.512458740100001
3428,college,Govt. Polytechnic College,74.499232141500002,32.496648655300000
3429,college,Leather Institute,74.502340067399999,32.497427585300002
3430,graveyard,Muzaffar Pura Grave Yard,74.501827763999998,32.487690039800000
3431,graveyard,Peer Harah Grave Yard,74.492003471900006,32.494377835700000
3432,college,Saint Marry School,74.486874494700004,32.496271954100003
3433,graveyard, ,74.477475143600003,32.488311263299998
3434,graveyard, ,74.486819562299999,32.487024751299998
3435,school,Good Sephard,74.517928789999999,32.517549613900002
3436,graveyard, ,74.520539702799994,32.518071608800000
3437,school,City School,74.521963658100006,32.517011979000003
3438,college,Christian Trainaing Institute,74.522967897900003,32.516850611199999
3439,college,Cathedral School No. 2,74.524352648100006,32.513871786700001
3440,hospital,Iqbal Hospital,74.519851208399999,32.511594687500001
3441,graveyard, ,74.516842464000007,32.511058263800003
3442,graveyard, ,74.447276921099999,32.513565210499998
3443,college,Govt. Girls High School,74.520351697099997,32.507782706999997
3444,college,Government College for Woman,74.529098163800001,32.496837459699996
3445,greengrocer,Ghala Mandi,74.527702800499995,32.495238366800002
3446,police,Katchery Police Station,74.533550965700002,32.506543662699997
3447,police,District Jail Sialkot,74.530539882599996,32.506077692600002
3448,courthouse,District Courts,74.532476530300002,32.503351758999997
3449,hospital,Christian Hospital,74.539333853299993,32.504456449800003
3450,college,Govt. Polytechnic College,74.538538205699993,32.505952359799998
3451,college,Leadership college,74.527013442099999,32.499666039600001
3452,college,Degree College for Women,74.530284767300003,32.503646128000000
3453,college,Peers College,74.523440020799995,32.503305184699997
3454,park,Saroosh Park,74.521878345499999,32.501097115500002
3455,college,Govt. Girls High School,74.524110816999993,32.500318053800001
3456,park,Tainkey Wala Park,74.523675427300006,32.500682889700002
3457,park,Ladies Park,74.522941737200000,32.502253635000002
3458,graveyard, ,74.526699406500001,32.496663228499997
3459,graveyard, ,74.525822550900003,32.495897519200000
3460,graveyard, ,74.506009231600004,32.509625528000001
3461,hospital,Bithenia Hospital,74.511132169600003,32.503734971500002
3462,college,Leadership College,74.506891586899997,32.505512635099997
3463,school,Mehboob Public School,74.504371757399994,32.504999882600004
3464,graveyard, ,74.504055936900002,32.502969974999999
3465,school,Govt. Primary School,74.496578630000002,32.492337194299999
3466,graveyard,Shatab Garh Grave Yard,74.499209598400000,32.474334682600002
3467,school,Govt. Primary School,74.514675676699994,32.479492796700001
3468,college,Girls Degree College,74.526494708000001,32.479517677099999
3469,graveyard, ,74.532005394799995,32.483539748399998
3470,graveyard, ,74.529811696699994,32.492117496600002
3471,graveyard, ,74.529906120000007,32.487711662099997
3472,graveyard, ,74.532148868299998,32.489705774900003
3473,graveyard, ,74.520662068099995,32.500019913599999
3474,cinema,Gulistan Cinema,74.518684318100000,32.509708240199998
3475,hotel,Mehran Hotel,74.523610453299995,32.512395583100002
3476,fast_food,KPS,74.526854179200001,32.510189363300000
3477,community_centre,Fatimah Hall,74.524914672199998,32.520829805600002
3478,college,Punjab College,74.517894124099996,32.489114390399997
3479,college,University of Management and Technology,74.518155901900002,32.489166066800003
3480,pitch,Makbra Ground Dhamtour,73.270299547600004,34.142278112000000
3481,school,"Govt High School, Dhamtour",73.269923968399993,34.142867671600001
3482,community_centre,Wafaqi Colony Community Centre,74.292181983500001,31.482943157800001
3483,graveyard, ,74.287676815599994,31.482354175800001
3484,graveyard,Punjab Society Grave Yard,74.284707825300003,31.447476221300001
3485,park, ,74.302460984299998,31.441276711699999
3486,park, ,74.267464135599994,31.437539102700001
3487,park, ,74.261983566699996,31.434139074800001
3488,park, ,74.263702933900007,31.436342098400001
3489,college,Wapda Town Women Degree College,74.272287562499997,31.437573345800001
3490,community_centre,Shagun Marriage Hall,74.532366225100006,32.486589464799998
3491,college,Punjab College,74.525077903899998,32.478700291000003
3492,fast_food,Food INN,74.544054187800000,32.485481940600003
3493,school,Sialkot Model School,74.550539833800002,32.482811260799998
3494,community_centre,Gulshan Marriage Hall,74.546886273699997,32.469321015900000
3495,hotel,Javsons,74.500335524999997,32.496016483399998
3496,hospital,Qayyum Hospital,73.106842706500004,30.662213387700000
3497,monument,Yadgar,73.099462310199996,30.658512229700001
3498,stadium,Zafar Ali Cricket Stadium,73.100066109099998,30.660268269800000
3499,stadium,Hockey Stadium,73.099929299999999,30.661872349999999
3500,stadium,Football Stadium,73.096900128800002,30.661060190800001
3501,sports_centre, ,73.097871080299996,30.660161546699999
3502,pitch, ,73.098707933499995,30.659388667900000
3503,swimming_pool, ,73.098374419099997,30.659710656400001
3504,pitch, ,73.097992292300006,30.662134945900000
3505,park, ,73.104677138699998,30.663401821299999
3506,park, ,73.104013926999997,30.663005391700001
3507,police,Central Jail,73.089283162900003,30.664203025799999
3508,college,Medical College,73.079844925499998,30.667387712400000
3509,supermarket,Sabzi Mandi,73.106742947100003,30.653431290699999
3510,school,Government High School,73.109597094799994,30.651533557099999
3511,castle,Kharphocho Fort,75.639657736100006,35.304007096299998
3512,attraction,Kharphocho Fort,75.639657736100006,35.304007096299998
3513,park, ,74.449814326600006,32.474725143400001
3514,playground, ,74.446700901300005,32.475049510399998
3515,graveyard, ,74.448140055799996,32.472989386599998
3516,park, ,73.084977392400006,30.675355761300001
3517,park,Tanki Wala Park,73.079902017199998,30.674091811699999
3518,park, ,73.082507484499999,30.676569848200000
3519,pitch, ,73.102632123700005,30.680000513600000
3520,graveyard, ,74.457187674400004,32.497262179400003
3521,graveyard, ,74.480088236300006,32.479061708099998
3522,playground, ,67.173007766699996,24.963075466700001
3523,park, ,67.172072911699999,24.962625769900001
3524,graveyard, ,74.493787937099995,32.598751751499996
3525,park, ,67.168528790400003,24.969731654800000
3526,park, ,67.171533092999994,24.971627517400002
3527,park, ,67.177676605399995,24.970380359600000
3528,park, ,67.167667266699993,24.968189566700001
3529,park, ,67.170036533300006,24.964636233299998
3530,park, ,67.174784066699999,24.963999133300000
3531,park, ,72.366464480900007,33.766210437399998
3532,cinema, ,74.149922387800004,32.290536481799997
3533,attraction,Rainbow Lake,75.181511364499997,34.751866466099997
3534,attraction,Chitta Katha Lake,74.519428777399995,34.920565821899999
3535,park,Frere Hall Green,67.032714897700004,24.847389781400000
3536,graveyard, ,74.517400348300001,32.558082035600002
3537,graveyard,Sheikh Colony Cemetery,73.039269487400006,31.410508339300002
3538,park,Student's parking,68.260951530699998,25.407851000000001
3539,school,Govt. Middle boys School,73.056085350900005,31.252345400399999
3540,playground,Shool Ground,73.056368633999995,31.252140548200000
3541,college,Govt. College of Commerce & Economics,67.022761433900001,24.847240798100000
3542,playground,D. J. Sports Complex,67.022006551000004,24.847484093300000
3543,park,Iqbal Park,72.554679019600002,29.692207233200001
3544,town_hall,TMA Hasilpur,72.551810621599998,29.693950936099998
3545,veterinary,Veterinary Hospital,72.553594885600006,29.695329632400000
3546,police,Sadar Police Station,72.554233387699995,29.696728761900001
3547,courthouse,Kathehri,72.554880876599995,29.695415288100001
3548,monument,Tomb Muhammad Shah Rangeela,72.534668680799996,29.689443753100001
3549,school,Governmetn Boys High School No 1,72.553183823400005,29.693820483700001
3550,school,Governmetn Girls High School,72.552107314799997,29.692951254299999
3551,graveyard,Kabristan,72.994491861499995,29.837779987600001
3552,graveyard,Kabristan,72.942324662800004,29.590406556900000
3553,school,"Government Boys High School, Chak 38/3-R",72.953195981199997,29.609922021100001
3554,graveyard,Kabristan,72.930512454500004,29.512062451399999
3555,hospital,"THQ Hospital, Chishtian",72.865006391799994,29.801410168499999
3556,college,Government College for Women,72.863438457200004,29.799973278900001
3557,college,Government College for Boys,72.870234241800006,29.798846620999999
3558,courthouse,Katchehri,72.864008910699994,29.798407457000000
3559,town_hall,TMA Chishtian,72.862301180700001,29.797291870900001
3560,police,Sadar Police Station,72.863014786999997,29.798211150299998
3561,park,Khwateen Park,72.864980499699996,29.797537983500000
3562,park,Muncipal Committee Park,72.856352235100005,29.795448138200001
3563,veterinary,Veterinary Hospital,72.863527199999993,29.797633699999999
3564,school,Government High School for Boys,72.866186548700000,29.799551452500001
3565,college,"Government Degree College for Men, Dahranwala",72.841766104700000,29.597190023600000
3566,school,"Danish Public School, Chishtian",72.944754738100002,29.847903709699999
3567,college,Government Technical College,72.833138465700003,29.757924165799999
3568,stadium,Chishtian Stadium,72.833929337599997,29.785527622899998
3569,graveyard, ,74.434143716500003,32.351727427699998
3570,attraction,Attari Border,74.576777139800001,31.604984924200000
3571,theatre,Spectator seating,74.572594203799994,31.604801181399999
3572,theatre,Spectator seating Pakistan,74.572669669500002,31.604384528400001
3573,park,Yousuf Molai Park,67.074531568400005,24.868371295500001
3574,butcher, ,71.677441566699997,29.389209099999999
3575,school,Govt Rizvia Islmia High School,73.140366502500001,29.611256023999999
3576,school,Govt Girls High School,73.139643418899993,29.611756883900000
3577,courthouse,Katchehri,73.140304848400007,29.612693589799999
3578,school,Govt Middle School,73.138665666700007,29.610334194200000
3579,town_hall,TMA,73.137933913599994,29.609340573899999
3580,veterinary,Veterinary Hospital,73.136581424900001,29.609018361099999
3581,park,Fatima Jinnah Park,73.138379076199996,29.608203732100002
3582,college,Govt Degree College for Women,73.140632268100006,29.603502212999999
3583,college,Govt Islmia Degree College,73.147617077500001,29.625579180300001
3584,graveyard,Sheikhan Wala Qabrastan شیخاں والا قبرستان,73.957436685100006,32.713492453400001
3585,cafe,Cafeteria,73.065925116200006,33.760052149099998
3586,cafe,Cafeteria,73.066580511500007,33.760296867500003
3587,restaurant,Monal Restaurant,73.065660438799995,33.760225564899997
3588,restaurant,La Montana Restaurant,73.066485379699998,33.760521147699997
3589,tourist_info,Visitor Information Center Trail 5,73.086297404899994,33.746455041700003
3590,restaurant, ,72.928278638400002,33.729410130300003
3591,park, ,73.081917843400007,33.742133427200002
3592,school,"Government Girls High School, Chakwal",72.855611074400002,32.930429113800002
3593,cafe,Habibi Resturant,73.038842783000007,33.711785930100000
3594,pitch, ,74.332142924500005,31.556185286900000
3595,pitch, ,69.794657346799994,24.750113050500001
3596,mall,Madni Centre,67.042731982800007,24.935927397800000
3597,park, ,74.290852973499995,31.604755735099999
3598,park,Municipal Park,67.016238557400001,24.859671127500000
3599,park,Ghulam Ahmad Park,74.374458264400005,31.548980743000001
3600,sports_centre, ,67.048879999600004,24.932258934099998
3601,park,Football and Cricket Ground,74.215617940599998,31.365713898300001
3602,park, ,74.219271316299995,31.361223751000001
3603,park,Kund Park,72.233947417899998,33.928088152500003
3604,school,Lahore School of Economics,74.474579201099999,31.502503252400000
3605,stadium,Ibn-e-Qasim Cricket Stadium,67.072679033599997,24.974967072199998
3606,park,Pardah Bagh,67.044595193299998,24.954189831699999
3607,playground, ,67.080930593000005,24.980483627300000
3608,playground, ,67.053446177500007,24.951916278700001
3609,playground, ,67.060746577900005,24.958920504900000
3610,doityourself,K-Electric,67.018843070900004,24.849335929799999
3611,pitch, ,74.305608000000007,35.923662499999999
3612,park,Satellite Town Park,72.328591017199997,32.294667546900001
3613,park,Public Park,72.330724798199995,32.295559310199998
3614,pitch,Hockey Ground,72.344634077899997,32.294261880999997
3615,college,Govt Degree College for Girls,72.344041790500000,32.294780292500000
3616,park, ,67.124716696899995,24.913606119699999
3617,park,Euphoria Family Park,67.123482472899994,24.915004067200002
3618,park,Phoenix Park,67.127883195500004,24.912785333799999
3619,mall,Erum Shopping Mall,67.126666451899993,24.911958561799999
3620,park, ,67.128255950500005,24.910741902000002
3621,mall,Supreme Shopping Mall,67.125469296500000,24.911416524600000
3622,hospital,DHQ Hospital,71.088136556099997,31.627500229700001
3623,university,Govt College for Women 11-F,67.080414617499997,24.980463737600001
3624,hospital,Gulab Devi Memorial Hospital,74.343795406900000,31.482319210200000
3625,pitch, ,69.156245311999996,29.029581167700002
3626,college,Boys College,69.163534421199998,29.029722105000001
3627,hospital,Sheikh Zaed Children Hospital,68.205159224599996,27.562995843500001
3628,hospital,Sheikh Zaed Women Hospital,68.203649792500002,27.562039470599998
3629,hospital,Larkana Institute of Nuclear Medicine and Radiotherapy,68.202440529000000,27.560806920899999
3630,park,Rizwan Park,67.079324394099999,24.932646297000002
3631,university,NED Ground,67.113963560000002,24.930009804499999
3632,restaurant, ,67.110579223499997,24.906581478400000
3633,park,Rameeza Park,74.323619709300004,31.551134346700000
3634,restaurant,Shan-e-Mughlia,67.112737302799999,24.902118425699999
3635,mall,R.J. Shopping Mall,67.114271057899998,24.902827984900000
3636,community_centre, ,67.056251042800000,24.953582800300001
3637,community_centre, ,67.054205150000001,24.951112899999998
3638,community_centre, ,67.053680564700002,24.950509008899999
3639,community_centre, ,67.053433735300004,24.950686565100000
3640,college,Government Degree Girls College,72.011502523700003,33.444683939199997
3641,hospital,Government Hospital,72.008076961800001,33.423642207900002
3642,college,Government Boys Degree College,72.023487863100002,33.432069637300003
3643,pitch,Football Ground,72.026620561200005,33.433062694500002
3644,college,Danish School,72.036271677900004,33.480681397200001
3645,pitch, ,73.075913382600007,33.651511274699999
3646,graveyard, ,69.052045253599999,28.020180655400001
3647,zoo,DG Khan Zoo,70.626291097800006,30.041121506700001
3648,college,Punjab College,70.686812824000000,30.060612592300000
3649,college,Govt. College of Commerce,70.625943679700001,30.057294504300000
3650,college, ,70.624863189300001,30.059770648800001
3651,school, ,70.624649651900000,30.058364018500001
3652,college, ,70.626919749799995,30.067081996199999
3653,graveyard, ,69.083009610900007,27.882287440900001
3654,convenience, ,69.793776194000003,32.521294872100000
3655,convenience, ,69.792916818500004,32.520971505699997
3656,graveyard, ,69.794048643099998,32.519062362200003
3657,hospital, ,69.798805848200004,32.518176572100003
3658,school, ,69.796461182700000,32.515177830900001
3659,graveyard, ,69.786508728699999,32.523061287600001
3660,graveyard, ,69.121216195200006,27.908282035700001
3661,school, ,72.262113641499994,30.486075271600001
3662,graveyard, ,69.235899881600005,27.988523965700001
3663,graveyard, ,69.183528514200006,27.932417110599999
3664,graveyard, ,69.186771398600001,27.976817717500001
3665,hospital,DHQ Hospotal,74.456777523400007,31.136151351900001
3666,park,Kasur Garden,74.458265272399998,31.131758687000001
3667,graveyard, ,68.871463433299994,27.867536248400000
3668,graveyard, ,68.836572539299993,27.863949014100001
3669,graveyard, ,69.014833371600005,27.860954432700002
3670,university,IQRA university ISB campus,73.043384132599996,33.663366314299999
3671,school,Govt high school,72.230134361400005,30.443371590300000
3672,park,Municiple Stadium,72.352559264500002,30.444453397499998
3673,park,Municipal Park,72.354300664799993,30.443419731700001
3674,graveyard,Qabristaan,72.347831215799999,30.442224675199999
3675,park,Basket Ball Court,72.353433815299994,30.444181500999999
3676,park,Bibi Amna Park,67.111624878300006,24.910423713000000
3677,community_centre,Evacuee Lawn,67.109017331199993,24.909086420000001
3678,tower, ,69.202082036600004,27.919545576299999
3679,park, ,72.358976174000006,30.445171770999998
3680,park, ,72.360337582599996,30.445189885000001
3681,park, ,72.361320319200004,30.445209908100001
3682,graveyard,Darbar Qabristan,72.348762832899993,30.447179885699999
3683,graveyard, ,69.231776163999996,27.959434608599999
3684,college,"University of Engineering and Technology, Taxila, Pakistan",72.824071538499993,33.765636796899997
3685,park, ,74.316011869700006,31.485965041299998
3686,graveyard, ,68.850926080199997,27.887526068100001
3687,stadium,Islahuddin Dr Shah Hockey Academy,67.054282749999999,24.936794050000000
3688,school,Govt. Girls Secondary School,67.134992371099997,24.935986705299999
3689,pitch, ,66.040809735600007,29.544953281300000
3690,graveyard, ,69.269186601200005,27.876886906799999
3691,park,Qabarastan (Graveyard),73.360412025100004,31.531362870500001
3692,hospital,General Hospital 68 RB Kala,73.352451613599996,31.545392028900000
3693,hospital,Well Med Hospital,72.995892002100007,33.664065765700002
3694,graveyard, ,69.327196078800000,27.772313129499999
3695,park,Lalazar Housing Society Park,72.676945099199997,30.171638124400001
3696,pitch, ,66.452230952999997,30.913389878499999
3697,graveyard, ,69.337553427700001,27.745552116300001
3698,park, ,69.586842182300003,28.438241856600001
3699,pitch, ,71.840038034499997,34.136512215499998
3700,park, ,71.836768361500006,34.138069715400000
3701,university,Bacha Khan University,71.838516015400003,34.137039787900001
3702,park, ,71.838240880200004,34.137549488700003
3703,stadium,Mir Zeeshan Sumalani Stadium,67.336103750000007,29.866593900000002
3704,pitch, ,71.535180499999996,33.992401250000000
3705,pitch, ,71.535158949999996,33.994363450000002
3706,swimming_pool, ,71.536270349999995,33.993578900000003
3707,pitch, ,71.496791782499997,33.995218584900002
3708,pitch, ,71.496617418800000,33.995230912300002
3709,pitch, ,71.526418018900003,33.995903589900003
3710,pitch,Polo,71.562718117100005,34.020842876899998
3711,archaeological, ,71.535825588500003,34.018798245500001
3712,bank,Bank Alfalah,74.282893019300005,31.485696813800001
3713,convenience,Tech Mart,74.283002698700002,31.485697363300002
3714,bank,"National Bank of Pakistan, Tech Society Branch",74.283176972000007,31.485412465400000
3715,bakery,"Cakes & Bakes, Tech Society Brankch",74.283180127799994,31.485264629100001
3716,school, ,72.320844905399994,30.469108174700001
3717,ruins, ,72.068957964399999,34.321512548299999
3718,graveyard, ,69.198815293999999,27.761072746499998
3719,attraction,Tomb of Haji Hunbal Baba,67.865296909999998,29.550002219500001
3720,archaeological,Mir Chakar Khan Rind Fort,67.868896079199999,29.558344829999999
3721,graveyard, ,69.291136709900002,27.707366549100001
3722,school,Govt School,72.481553149999996,36.490107549999998
3723,school,Madrasa,72.481053450000005,36.486033550000002
3724,school,Govt Primmary School,72.527959369700000,36.596462371699999
3725,school,Govt High School,72.532532649999993,36.601618449999997
3726,school,Govt. Boys Primary School,72.535698749999995,36.602337749999997
3727,school,Govt. Girls Primary School,72.539053249999995,36.604387899999999
3728,school,Govt Girls Primary School,72.538556883300004,36.604864548400002
3729,school,Salik public school,72.476715700000000,36.501843800000003
3730,school,Govt girls primary school,72.476685093100002,36.503183217699998
3731,pitch, ,62.324647860500001,25.145130063700002
3732,pitch, ,62.324521313699996,25.145012355399999
3733,hotel,PTDC Motel,72.255729870699994,36.276244855100003
3734,school,Govt Middle School,72.493473600000002,36.504264849999998
3735,school,Govt Middle School,72.493196076100006,36.504243961999997
3736,school,Govt Middle School,72.492631400600004,36.504178017199997
3737,school,Aga Khan Middle School Khat Payan,72.484374025099996,36.504430442299999
3738,school,Govt. Family Welfare Center,72.548641320499996,36.612745053200001
3739,school,Govt Primmary School,72.548971516700007,36.618211692499997
3740,school,CBC Primary School,72.508234400000006,36.493856600000001
3741,school,Govt Girls Primary School,72.505793178299996,36.506364576700001
3742,school,Govt. High School,72.511784175599999,36.502227668499998
3743,school,Salik Public School,72.511409327199999,36.500329095300003
3744,school,Govt Middle School,72.558681550000003,36.629574599999998
3745,school,Govt Primmary School,72.562240055900006,36.631933332400003
3746,school,Govt Girls Primmary School,72.561757916199994,36.632718903399997
3747,school,Madrassa,72.562453011900004,36.631711357500002
3748,school,Primary School,72.524558278699999,36.491274304400001
3749,doctors,Aga Khan Family Health Center Khot,72.527477599999997,36.501844550000001
3750,school,Govt Primmary School,72.586776650000004,36.675143450000000
3751,school,Madrasa,72.542557500000001,36.506593250000002
3752,school,Govt Primary School,72.546250126100006,36.505041622500002
3753,school, ,72.567590615499995,36.509419127599998
3754,water_mill, ,72.499037992500007,36.487191868399997
3755,graveyard, ,69.010033369599995,27.660467845100001
3756,doctors,Dispensary,73.274566052699996,36.161926233199999
3757,doctors,Dispensary,73.274460349999998,36.161905050000001
3758,school,SAP School,73.278279049999995,36.158212249999998
3759,school,Govt Primary School,73.285133900399998,36.145848716300002
3760,school,Primary School Rahimabad,73.284617974200003,36.146706452499998
3761,water_mill, ,73.320062976499997,36.109999842699999
3762,school,Govt. Middle School,73.323945639200005,36.111122978099999
3763,police, ,73.358202570700001,36.073570587399999
3764,doctors,Govt. Dispensary,73.349289669699999,36.082953109100004
3765,school,Govt. Primary School,73.349078250000005,36.082555300000003
3766,convenience, ,73.348607681499999,36.248991953100003
3767,water_mill, ,73.350191197900003,36.251637882700003
3768,school,Govt. Primary School,73.355391870600002,36.250996685799997
3769,school,Primary School Khalti,73.352610499999997,36.250718650000003
3770,school,Primary School Khalti,73.352763090899998,36.250618663200001
3771,convenience, ,73.369236599999994,36.246854350000000
3772,convenience, ,73.371298650000000,36.243636350000003
3773,convenience, ,73.365902599999998,36.247378200000000
3774,convenience, ,73.369469150000000,36.244388850000000
3775,convenience, ,73.366829199999998,36.247176400000001
3776,convenience, ,73.363509789700004,36.247082231599997
3777,convenience, ,73.370625000000004,36.243338700000002
3778,convenience, ,73.364785999999995,36.247251700000000
3779,convenience, ,73.371473949999995,36.246521299999998
3780,convenience, ,73.361871550000004,36.247292850000001
3781,convenience, ,73.366037227099994,36.247361555099999
3782,school, ,73.371313197099994,36.246875901800003
3783,school, ,73.370015996399999,36.244151316200004
3784,hotel,Lake view hotel,73.371414750000000,36.246788850000002
3785,hotel,Lake view hotel,73.371587011700001,36.246712520099997
3786,motel,PTDC Motel,73.377963324299998,36.246516542499997
3787,motel,PTDC Motel,73.377763049999999,36.246947149999997
3788,motel,PTDC Motel,73.377965354099999,36.246941925400002
3789,motel,PTDC Motel,73.377674416600001,36.246577918900002
3790,school,Govt. High School,73.383130004899996,36.241408058099999
3791,school,Govt. High School,73.383399571699996,36.241766861499997
3792,doctors,Health Centre Jandrote,73.377708511500003,36.244720899699999
3793,school,NEF Primary School,73.371715555199998,36.238299765999997
3794,school,SAP School,73.380428850000001,36.239684850000003
3795,school,SAP Primary School,73.395926506500004,36.232311020700003
3796,convenience, ,73.422236724100003,36.238796397800002
3797,convenience, ,73.422103588599995,36.238629875800001
3798,convenience, ,73.421414677399994,36.238648434399998
3799,convenience, ,73.421159870599993,36.238795179400000
3800,convenience, ,73.422207599999993,36.238626050000001
3801,convenience, ,73.415106100000003,36.238348199999997
3802,school,Primary School Hamardas,73.409398640700005,36.238658382300002
3803,school,SAP School,73.419613224900004,36.238236531600002
3804,school,SAP School,73.416405532599995,36.231712648900000
3805,hotel,Al-Falah Hotel,73.444616293999999,36.231000530800003
3806,hospital,Family Planning Hospital,73.445479599999999,36.230382849999998
3807,hospital,Family Planning Hospital,73.445651200000000,36.230514700000001
3808,hospital,Family Planning Hospital,73.445003595700001,36.230667180600001
3809,hospital,Family Planning Hospital,73.445874900000007,36.230570350000001
3810,hospital,Family Planning Hospital,73.445724100000007,36.230685100000002
3811,hospital,Family Planning Hospital,73.445468199999993,36.230656650000000
3812,hospital,Family Planning Hospital,73.445343131300007,36.230747471400001
3813,hospital,Family Planning Hospital,73.445174282699995,36.230332139399998
3814,school,Regional School Developement Unit (RSDU) Gupis,73.446080000999999,36.230756524000000
3815,school, ,73.448881600000007,36.229978299999999
3816,park,Muhammad Bin Qasim Park,68.871426304699995,27.695106561300001
3817,convenience, ,74.123445073200003,35.939230411300002
3818,convenience, ,74.123476160199999,35.939317676700000
3819,doctors,Dispensary,74.122782278399995,35.939893970100002
3820,veterinary, ,74.122965050000005,35.939759950000003
3821,doctors, ,74.208640365500003,35.961217064499998
3822,school, ,74.207968100100004,35.957068033399999
3823,park,Cricket Ground,72.639820060399998,31.169200197199999
3824,park,Foot Ball Ground,72.638858134499998,31.169930525000002
3825,graveyard,Qabristan,72.640816328300005,31.168375676200000
3826,convenience, ,74.248444696199996,35.926626718000001
3827,school,F.G Girls Primary School,74.247048149999998,35.927962950000001
3828,school,F.G Girls Primary School,74.247460132599997,35.928109944900001
3829,school,F.G Girls Primary School,74.247576267800000,35.927853395100001
3830,school,F.G Boys Middle School,74.267364525900007,35.912402736099999
3831,school, ,74.240298217000003,35.926678998100002
3832,convenience, ,74.248716299999998,35.926088900000003
3833,school,Girls Middle School,74.248059650000002,35.925189000000003
3834,school,Girls Middle School,74.247808066800005,35.925368515499997
3835,hospital,Govt Hospital,74.251981512100002,35.922942418900000
3836,school,Primary School,74.279054992200003,35.927921359199999
3837,school,Primary School,74.278621200000003,35.927617550000001
3838,school,Primary School,74.278419392000004,35.927825735799999
3839,graveyard, ,69.244435057399997,27.676680825399998
3840,graveyard, ,69.242872352299997,27.664343024800001
3841,school,Govt High School,74.309299302800000,35.924457877599998
3842,school,Al Mustafa Public School &College,74.309842749300003,35.915546566099998
3843,school,Al Mustafa Public School &College,74.309559609700003,35.915507057299997
3844,school, ,74.305049749999995,35.917410900000000
3845,hospital,DHQ Hospital,74.303451650000000,35.918411399999997
3846,motel,PTDC Motel,74.306662840300007,35.919573001700002
3847,school, ,71.764067467700002,35.789788451000000
3848,police,Police,74.308508183100002,35.926398506500000
3849,motel, ,74.323892595900006,35.922326291799997
3850,school,Govt. Boys Primary School,73.957512053800002,32.703258364699998
3851,police,District Jail,68.462572603100000,28.246784550800001
3852,police,Police Station,74.701650973300005,35.536506612300002
3853,school, ,74.703467709199998,35.530916079900003
3854,school,Boys Primary School,74.697011840499997,35.521060526799999
3855,school,Govt Girl School,74.318722363099994,35.913516395999999
3856,school,Govt Girl School,74.318963784299996,35.913637725500003
3857,school,Madrasa,74.322788985900004,35.913895351299999
3858,hospital,Hospital,74.704942399999993,35.523662350000002
3859,school,Boys High School,74.706185516600002,35.526021574300003
3860,school,Private School,74.704670546299994,35.523896291299998
3861,school,Gril Middle School,74.701044736200004,35.521110640000003
3862,convenience, ,74.331261558600005,35.925694776000000
3863,convenience, ,74.331394110199994,35.925726379200000
3864,school,Al Murtaza Public School,74.327464278700006,35.926152056900001
3865,school,Al Murtaza Public School,74.327585950000000,35.926000850000001
3866,school,Regional School Development Unit (RSDU) Gilgit,74.327591450000000,35.925207749999998
3867,school,Regional School Development Unit (RSDU) Gilgit,74.328776800000000,35.925093500000003
3868,school,Regional School Development Unit (RSDU) Gilgit,74.328656050000006,35.924778850000003
3869,school,Regional School Development Unit (RSDU) Gilgit,74.328201331200006,35.925224429200000
3870,school,Regional School Development Unit (RSDU) Gilgit,74.327665300000007,35.924770000000002
3871,school,Regional School Development Unit (RSDU) Gilgit,74.328814262400002,35.925293321900000
3872,school,Regional School Development Unit (RSDU) Gilgit,74.327942399999998,35.924536549999999
3873,school,Regional School Development Unit (RSDU) Gilgit,74.328346509200003,35.924945372400003
3874,school,Regional School Development Unit (RSDU) Gilgit,74.328518730699997,35.924377802199999
3875,school,Regional School Development Unit (RSDU) Gilgit,74.328597557899997,35.925182633399999
3876,school,Secondary School,74.330154184500003,35.925061907900002
3877,school,Secondary School,74.330793104999998,35.924925275800000
3878,school,Secondary School,74.330276799999993,35.924864049999996
3879,school,Secondary School,74.330524568100003,35.924967208100000
3880,school,School,74.719636068499995,35.507080227899998
3881,park, ,72.688592742899999,31.148834609700000
3882,graveyard, ,69.273470177500002,27.681843298400000
3883,doctors, ,74.354744400000001,35.915361449999999
3884,hotel,Serena Hotel Gilgit,74.354645073900002,35.900739661599999
3885,stadium,lalik Jan Stadium,74.360054885099999,35.905182861999997
3886,school,Govt Boys Middle School,74.721332200000006,35.507109399999997
3887,school, ,72.248330480899995,30.516376629000000
3888,police,tulamba police station,72.237692958599993,30.524724253999999
3889,graveyard, ,72.645298367799995,31.170043718799999
3890,park,Park,72.686906366299993,31.154365248400001
3891,graveyard,Qabootran Wala Qabristan,72.699204073399997,31.155415144500001
3892,graveyard, ,72.583767964900005,31.128077571799999
3893,hospital,I & General Hospital,72.665529759400002,31.156353811500001
3894,graveyard,Cemetery,72.657536133899995,31.158581796000000
3895,park,Play Ground,72.687758585099999,31.152941016300002
3896,park,Play Ground,72.686833985700005,31.152397303499999
3897,school,Primary School,74.761400199700006,35.480519247700002
3898,college,City grammer school&college,74.380546643700001,35.916164137999999
3899,veterinary,Veterinary,71.764277432699998,36.017300384199999
3900,school,Vector School & College,71.760927593500000,36.011668070799999
3901,police,Shoghore Police Station,71.763430108400001,36.012645910499998
3902,college, ,74.382800012900006,35.919327376699997
3903,school, ,74.397611737199995,35.930994237199997
3904,college, ,74.382859958300003,35.919569142599997
3905,college, ,74.384194770799994,35.919458262399999
3906,restaurant,Iqbal jan resturant,72.233022206200005,30.525761732900001
3907,restaurant,al kamal resturant,72.229706727199996,30.527887045600000
3908,school, ,74.413613582799996,35.900392954300003
3909,school,Community High School Muhammadabad,74.409959682700006,35.898343506300002
3910,school,Community High School Muhammadabad,74.409826399099998,35.898419982900002
3911,school,Community High School Muhammadabad,74.409550800000005,35.898276549999999
3912,school,Community High School Muhammadabad,74.409687541599993,35.898453761299997
3913,school,Boys Middle School,74.429154040800000,35.877775561000000
3914,school,Boys Middle School,74.429746031799993,35.877766947600001
3915,doctors, ,74.707841869000006,35.839056602500001
3916,school,SAP School,74.701654687200005,35.838137764199999
3917,school,Govt Primary School,74.149986749999997,35.433622649999997
3918,school,Govt Primary School,74.149841786099998,35.433520621400000
3919,graveyard, ,69.040280795200005,27.538606454699998
3920,graveyard, ,69.043094884599995,27.541450785300000
3921,school,Govt Boys Primary School,74.516674605500000,35.958644687600000
3922,school,Govt Grils Primary School,74.515323301699993,35.958960417800000
3923,school, ,74.528492430000000,35.974349763200003
3924,convenience, ,74.533471204500003,35.978437873099999
3925,convenience, ,74.532135049999994,35.978478199999998
3926,convenience, ,74.533307399999998,35.978603350000000
3927,school,Govt Boys Primary School,74.532293781000007,35.982861645500002
3928,school,Madrasa,74.533114049999995,35.978884049999998
3929,toilet, ,74.539534549999999,36.002625649999999
3930,school,Education Centre,74.534115249999999,36.002642250000001
3931,water_mill, ,74.532585822399994,36.002329055600001
3932,school,Middle School,74.551068650000005,36.026192950000002
3933,school,Primary School,74.550912722600003,36.026032320699997
3934,school, ,74.556256099999999,36.024724300000003
3935,convenience, ,74.381163500000000,35.934832299999997
3936,convenience, ,74.382761587600001,35.934441025500000
3937,convenience, ,74.380973711300001,35.933720125999997
3938,convenience, ,74.381588661199999,35.937304176900000
3939,convenience, ,74.369999516500002,35.956418651600003
3940,convenience, ,74.369960855299993,35.956502366199999
3941,convenience, ,74.369340332700006,35.958614148400002
3942,convenience, ,74.381233379799994,35.934370194099998
3943,convenience, ,74.381321749999998,35.937528999999998
3944,convenience, ,74.371733449999994,35.948856700000000
3945,school, ,74.375244194299995,35.943293522399998
3946,school,Girls Middle School,74.774478253300003,35.474179417300000
3947,school,SAP School,74.773294102899996,35.485734968700001
3948,veterinary,Viternary centre,74.775805729599995,35.473296430300003
3949,school,Madrassa,74.776402368600003,35.473211038099997
3950,convenience, ,74.323155794399995,35.976692719900001
3951,convenience, ,74.326450149999999,35.972706299999999
3952,convenience, ,74.323302937999998,35.976382675399996
3953,doctors, ,74.324040572800001,35.975784884799999
3954,convenience, ,74.325134050000003,35.977491149999999
3955,convenience, ,74.323921400000003,35.974856000000003
3956,convenience, ,74.321624463399999,35.979045010900002
3957,hospital,GMC,74.367867841099994,35.934601660799999
3958,school,Madrassa,74.806228802099994,35.447095013800002
3959,hospital,Family Health Centre,74.806591249999997,35.445701749999998
3960,school,Govt.Boys Middle School Harchu,74.793903023900000,35.449281406099999
3961,school,Govt.Boys Middle School Harchu,74.793913175100002,35.449133783800001
3962,school,Govt. Girls Middle School Laskum,74.796669644199994,35.452063899199999
3963,hospital,BHU,74.794879690800002,35.449098692200003
3964,school,Govt.Primary School Harchu,74.806768383600001,35.445774750799998
3965,school,SAP Primary School,74.802371290699995,35.446760619499997
3966,graveyard, ,69.047364995300001,27.519364284600002
3967,graveyard, ,69.044396827000000,27.521276093200001
3968,graveyard, ,68.997184752699994,27.513742668199999
3969,convenience, ,73.404357950299996,36.270259533699999
3970,police,Police Station,73.411351174299995,36.250473208400003
3971,school, ,73.405358115200002,36.253698202300001
3972,doctors, ,73.405086360799999,36.277795316800002
3973,school,Education Centre,73.400388570399997,36.283010204400000
3974,school,Education Centre,73.400472413599999,36.283101376799998
3975,school,Govt Primary School,73.399146032299996,36.289600069099997
3976,school, ,73.404935449999996,36.278195500000002
3977,doctors,Family Health Centre,73.383341919200006,36.305865842000003
3978,doctors,Family Health Centre,73.383145438499994,36.305840220900002
3979,school, ,73.383310925800004,36.306967220399997
3980,school, ,73.385942056900006,36.305131308500002
3981,school, ,73.385623350000003,36.305144849999998
3982,veterinary,Vet Dispensry,73.387224700000004,36.305522250000003
3983,school,School,73.382952167699997,36.303252199200003
3984,water_mill, ,73.355322967000006,36.327774671199997
3985,doctors, ,73.363313550000001,36.326771100000002
3986,water_mill, ,73.354646085200002,36.328300069299999
3987,school, ,73.360186700000000,36.331603200000004
3988,school, ,73.361821599999999,36.328198450000002
3989,school, ,73.358043394899994,36.337540528799998
3990,graveyard, ,69.054252197899999,27.551779191600001
3991,convenience, ,73.349457163200000,36.341528132999997
3992,convenience, ,73.349397999999994,36.342081250000000
3993,convenience, ,73.349684389600000,36.341186856599997
3994,school, ,73.345940116700007,36.349858692200002
3995,school, ,73.345673050000002,36.349862100000003
3996,school, ,73.345336650299998,36.350084185000000
3997,convenience, ,73.330653134299993,36.377344494699997
3998,convenience, ,73.333435785899994,36.369651123799997
3999,convenience, ,73.331629449999994,36.372792550000000
4000,convenience, ,73.333989200000005,36.369086299999999
4001,convenience, ,73.332631449999994,36.371445649999998
4002,convenience, ,73.333167750000001,36.370551599999999
4003,convenience, ,73.336782614699999,36.364880661400001
4004,convenience, ,73.338720859899993,36.360573782099998
4005,convenience, ,73.337690199999997,36.363183650000003
4006,convenience, ,73.338289131699995,36.362374335699997
4007,convenience, ,73.332302799999994,36.371594750000000
4008,convenience, ,73.330496049999994,36.376062349999998
4009,convenience, ,73.341159849999997,36.355507899999999
4010,convenience, ,73.336665300000007,36.365080100000000
4011,convenience, ,73.330498625499999,36.375780723799998
4012,convenience, ,73.340351067699999,36.357199802600000
4013,convenience, ,73.334040049999999,36.369007300000000
4014,convenience, ,73.341920049999999,36.352960299999999
4015,convenience, ,73.338160049999999,36.362095449999998
4016,convenience, ,73.332787999999994,36.370785050000002
4017,convenience, ,73.330285114500001,36.377526702099999
4018,convenience, ,73.334288917099997,36.368524451299997
4019,convenience, ,73.340457999999998,36.357002549999997
4020,convenience, ,73.341214300000004,36.354768800000002
4021,convenience, ,73.338020012300007,36.363085423699999
4022,convenience, ,73.332895081000004,36.370988594499998
4023,convenience, ,73.332848032800001,36.370662238100003
4024,convenience, ,73.338130673500004,36.362972361799997
4025,convenience, ,73.336999399999996,36.364569400000001
4026,convenience, ,73.330727749999994,36.375991249999998
4027,convenience, ,73.341032400000003,36.355779450000000
4028,veterinary, ,73.330745300000004,36.379188749999997
4029,convenience, ,73.341104549999997,36.355044800000002
4030,convenience, ,73.338107899999997,36.362263900000002
4031,convenience, ,73.330862725499998,36.375114441900003
4032,convenience, ,73.338115220000006,36.362836109200003
4033,convenience, ,73.341248750000005,36.355271500000001
4034,convenience, ,73.338133199400005,36.362190732999998
4035,convenience, ,73.338779833499999,36.366002170000002
4036,convenience, ,73.337445608899998,36.363541721499999
4037,convenience, ,73.330747078200005,36.376156292300003
4038,school,Boys School,73.331440549999996,36.379256949999998
4039,school,Boys School,73.331125788999998,36.379252585099998
4040,doctors,Health Centre,73.332600353700002,36.370841441800003
4041,police,Police Station,73.330135096099994,36.377798018999997
4042,hotel,Rest House,73.330020979400004,36.373808088300002
4043,school, ,73.331663794500002,36.377564798000002
4044,school,School,73.337632015799997,36.362185683200003
4045,school,School,73.330993183000004,36.376098655200003
4046,school, ,73.337614280400004,36.365823056600000
4047,school,School,73.337725050000003,36.365802299999999
4048,school, ,73.335565700299995,36.365908765599997
4049,school, ,73.332788763099998,36.376377565699997
4050,school, ,73.337656309799996,36.365682835999998
4051,school, ,73.335104619000006,36.366602683799996
4052,convenience, ,73.339882900000006,36.392757000000003
4053,school, ,73.346539915999998,36.397950474799998
4054,school, ,73.339225249999998,36.396800399999997
4055,convenience, ,73.349693667300002,36.403733843900000
4056,convenience, ,73.348265699999999,36.400405350000000
4057,convenience, ,73.348828949999998,36.401783600000002
4058,convenience, ,73.337836650000000,36.388790649999997
4059,convenience, ,73.344153349999999,36.399492649999999
4060,convenience, ,73.346666850000005,36.402322400000003
4061,convenience, ,73.351521700000006,36.403811849999997
4062,convenience, ,73.338197320099994,36.389590290199997
4063,convenience, ,73.337769800000004,36.389054299999998
4064,convenience, ,73.335159554499995,36.385967168100002
4065,convenience, ,73.349626618000002,36.403625041500000
4066,convenience, ,73.334966449999996,36.386147000000001
4067,convenience, ,73.338309899999999,36.389167000000000
4068,convenience, ,73.341155941599993,36.395666480999999
4069,convenience, ,73.347756041500006,36.403176812700003
4070,convenience, ,73.338937299999998,36.391440449999997
4071,convenience, ,73.341369315999998,36.395601940600002
4072,convenience, ,73.352617343099993,36.407252865499999
4073,convenience, ,73.340950440499995,36.394783380699998
4074,convenience, ,73.343955350000002,36.399596750000001
4075,convenience, ,73.339615433099993,36.392662795500001
4076,convenience, ,73.334899350000001,36.385991850000003
4077,convenience, ,73.336817011099996,36.387587309899999
4078,convenience, ,73.334930275199994,36.382228293099999
4079,convenience, ,73.353552051099996,36.411449767900002
4080,convenience, ,73.337912299999999,36.388896449999997
4081,convenience, ,73.350054432600004,36.405930999200002
4082,convenience, ,73.347452685299999,36.402968954899997
4083,convenience, ,73.350541699800004,36.405778033300003
4084,convenience, ,73.343192084300000,36.399641403499999
4085,convenience, ,73.341213211300001,36.395739669999998
4086,convenience, ,73.335946783500006,36.387071505199998
4087,school, ,73.339388049999997,36.396949300000003
4088,convenience, ,73.346813316799995,36.402201101000003
4089,convenience, ,73.346957117299993,36.398313298500000
4090,convenience, ,73.350312900000006,36.405868650000002
4091,convenience, ,73.338009799999995,36.395313150000000
4092,convenience, ,73.339720049999997,36.392455349999999
4093,convenience, ,73.334745926200000,36.384066613100003
4094,convenience, ,73.338027350000004,36.389040749999999
4095,convenience, ,73.346458650000002,36.397107599999998
4096,convenience, ,73.337188736700000,36.388292292099997
4097,convenience, ,73.335410893399995,36.386539738200000
4098,school, ,73.339741825700003,36.392182651699997
4099,school, ,73.346951206400007,36.406084680399999
4100,school, ,73.334411474999996,36.383853155399997
4101,convenience, ,73.346517257900004,36.397290131699997
4102,school, ,73.347649391000004,36.405947720299999
4103,convenience, ,73.305673999999996,36.391183949999999
4104,convenience, ,73.303063046500000,36.392572815500003
4105,convenience, ,73.305337333400004,36.391260549599998
4106,school, ,73.294686121799998,36.396302040199998
4107,school, ,73.290217499999997,36.396123199999998
4108,school, ,73.289528050000001,36.395588850000003
4109,convenience, ,73.291925649999996,36.396602299999998
4110,doctors, ,73.292792700000007,36.396378650000003
4111,convenience, ,73.294868596200004,36.396270384600001
4112,convenience, ,73.293820442200001,36.396523979599998
4113,convenience, ,73.290617281400003,36.396171997600000
4114,convenience, ,73.289678699899994,36.395549033300000
4115,convenience, ,73.286437399999997,36.395554300000001
4116,school, ,73.292120676300001,36.396251575400001
4117,school, ,73.290099027300002,36.396017648499999
4118,school, ,73.363822572399997,36.401594440300002
4119,school, ,73.361762511500004,36.401766692999999
4120,school, ,73.367632883400006,36.439786841800000
4121,school, ,73.357500655199999,36.412067739800001
4122,school, ,73.357316064900004,36.418269192899999
4123,school, ,72.277843099999998,36.314323999999999
4124,school,Govt. School,75.415892116400002,35.816119217800001
4125,school,Private School,75.415969500000003,35.813965150000001
4126,school,Govt. School,75.415880322000007,35.815990550099997
4127,school,Madrassa,75.415975354500006,35.815256423199997
4128,school,Community School,75.407513350800002,35.804161295599997
4129,school, ,73.363754799999995,36.409875749999998
4130,doctors, ,73.374282882499998,36.420747479600003
4131,veterinary, ,73.378392932699995,36.423423650799997
4132,school, ,73.387294284099994,36.430697291199998
4133,school, ,73.382308068200004,36.435395276500003
4134,school, ,73.368485408500007,36.414799124699996
4135,school, ,73.379868747900005,36.425300542099997
4136,school, ,73.373694043699999,36.421054052999999
4137,school,School,73.375473092099995,36.422229083200001
4138,school, ,73.381678149999999,36.427484700000001
4139,school, ,73.369369758900007,36.416362531499999
4140,school, ,73.367481195099998,36.412184040500001
4141,school, ,73.382067072599995,36.427836324600001
4142,school,Govt. Girls School,75.452488681600002,35.666458732499997
4143,school,Govt. Girls School,75.452340998899999,35.666705850400000
4144,school,Primary School,75.440711831300007,35.675894799799998
4145,school,Govt. School,75.451782307200006,35.669287680799997
4146,hospital,Hospital,75.450623550000003,35.671275549999997
4147,school,SAP School,75.450694452899995,35.670346203599998
4148,school,Madrasa,75.447991106900005,35.664476956000001
4149,school, ,73.444650614899999,36.422157599800002
4150,school, ,73.443544814000006,36.422815465699998
4151,hospital,Govt Hospital,75.467235799999997,35.655538149999998
4152,school, ,73.394820836400001,36.485116179800002
4153,convenience, ,73.395073029299994,36.481976592700001
4154,convenience, ,73.394554799999995,36.485546399999997
4155,school, ,73.391689822399997,36.476512805900001
4156,school, ,73.391638099999994,36.476707800000000
4157,convenience, ,73.395203499999994,36.485291199999999
4158,school, ,73.388829950000002,36.493290750000000
4159,school, ,73.395919157899996,36.475305574499998
4160,convenience, ,73.395682137799994,36.477749970300003
4161,convenience, ,73.395857314799997,36.481243126999999
4162,convenience, ,73.395839032400005,36.485064333899999
4163,school, ,73.387256814899999,36.473202802899998
4164,convenience, ,73.395862699999995,36.475456999999999
4165,convenience, ,73.396308149999996,36.486950149999998
4166,pharmacy, ,73.395747732100006,36.476685283899997
4167,school, ,73.388718975600000,36.484093409099998
4168,doctors, ,73.395087145399998,36.492983726500000
4169,school, ,73.391693288499994,36.489242095900003
4170,school, ,73.396918703599994,36.487939772200001
4171,school, ,73.388550945199995,36.484418548000001
4172,school, ,73.393911794900006,36.490333158500000
4173,school, ,73.402307149699993,36.504123786800001
4174,school, ,73.384158977100000,36.467485409699997
4175,school, ,73.388936278100005,36.485510021300001
4176,school,Girls Middle School,75.527509941899993,35.718078572800003
4177,school,Al-Mustafa Public School,75.526970050000003,35.718501099999997
4178,hospital,Government Health Center,75.517131800000001,35.715097900000004
4179,school,Madrassa,75.512372215300005,35.719054593700001
4180,college,divisional public school and college,72.357688084100005,30.448488087800001
4181,restaurant,aziz hotel and tea stall,72.242368845499996,30.525962089400000
4182,college,govt girls degree college,72.353996055600007,30.450419757700001
4183,school,Allied school,72.357852855000004,30.448008144999999
4184,school,MC MODEL HIGH SCHOOL,72.361558343499993,30.441667669800001
4185,hospital,Tehsile headquarts hospital,72.360160987100002,30.441279574700001
4186,police,city police office,72.358323182000007,30.440833741100001
4187,college,Mian channu girls college,72.352893508099996,30.448468189100002
4188,convenience, ,73.354078301700000,36.462480983100001
4189,school, ,73.348706976599999,36.460501695799998
4190,convenience, ,73.299900050900007,36.476734166500002
4191,convenience, ,73.297494568999994,36.476151768800001
4192,convenience, ,73.298680700000006,36.476598899999999
4193,convenience, ,73.299212299999994,36.475216300000000
4194,convenience, ,73.298864796900006,36.476586784100000
4195,school, ,73.298848963500006,36.475668679499996
4196,school, ,73.299507890200005,36.473771346600003
4197,convenience, ,73.297138527499996,36.476279383600001
4198,school, ,73.308553200000006,36.470982399999997
4199,convenience, ,73.313646800000001,36.470935750000002
4200,school, ,73.306076250000004,36.470714000000001
4201,school, ,73.297041638300001,36.471849783700002
4202,school, ,73.297143181999999,36.471823757899998
4203,school, ,73.281110185800003,36.481815431500003
4204,school, ,73.281028295200002,36.481939921100000
4205,school, ,73.280809647500007,36.481991760400000
4206,doctors, ,73.284000490500006,36.479594577400000
4207,school, ,73.290000250000006,36.477322399999998
4208,school, ,73.290237700000006,36.477349500000003
4209,college, ,73.271937904300003,36.485554165499998
4210,hospital, ,73.269282500000003,36.487950900000001
4211,school, ,73.269136283199998,36.488808893600002
4212,school, ,73.269000683900003,36.488405645699999
4213,school, ,73.268679032600005,36.488699914400001
4214,school,Oswa Public School,75.359728015200005,35.470058823300000
4215,school,Govt. School,75.344245900000004,35.467813599999999
4216,school,Community School,75.344212796799994,35.468150975000000
4217,doctors,T.B control,75.344435000000004,35.467435600000002
4218,school,Govt. School,75.344635098699996,35.467804129900003
4219,school, ,72.170831071999999,36.365107448899998
4220,school,Madrasa,75.352381050000005,35.481042750000000
4221,school,Iqra Huffaz School,75.356592556500004,35.480851416599997
4222,school,Madrasa,75.355447056299994,35.476124525899998
4223,school, ,73.420494242600000,36.518725995099999
4224,school, ,73.411918732000004,36.511277705500000
4225,school, ,73.415436993599997,36.514905104299999
4226,school, ,73.420457019799997,36.518565560100001
4227,doctors, ,73.413813910599998,36.513120872000002
4228,school, ,73.415599799999995,36.514726500000002
4229,veterinary, ,73.412006526200003,36.510911143599998
4230,school, ,73.420504604700000,36.518225355500000
4231,doctors, ,73.412821183999995,36.513209064500003
4232,school, ,73.414923849999994,36.514235749999997
4233,school, ,73.414877447999999,36.514154383300003
4234,school, ,73.413378850000001,36.513617650000000
4235,school, ,73.410678149999995,36.513769050000001
4236,school, ,73.413526300000001,36.513553049999999
4237,school, ,73.410258746500006,36.514363083500001
4238,school, ,73.414310599999993,36.513734450000001
4239,school, ,73.412953163799997,36.514360525100003
4240,school, ,73.410766992899994,36.513638829599998
4241,school, ,73.414776552700005,36.514945967099997
4242,school, ,73.410261555199995,36.514233866900000
4243,school, ,73.411082809500002,36.513607820799997
4244,school, ,73.410312649999995,36.514077600000000
4245,school, ,73.414747349999999,36.514060800000003
4246,school, ,73.409803199300001,36.514696916699997
4247,school, ,73.415552856700003,36.515108919200003
4248,school, ,73.411036290300004,36.514043121800000
4249,school, ,73.410985850000003,36.513913700000003
4250,school, ,73.410794911300002,36.513900866599997
4251,school, ,73.410012284100006,36.514531898300000
4252,school, ,73.410353355699996,36.513876231200001
4253,school, ,73.413235100300000,36.514003767299997
4254,school, ,73.410433486200006,36.513975418800001
4255,school, ,73.429272606300003,36.544485283000000
4256,doctors, ,73.429656038499999,36.542248567900003
4257,convenience, ,73.430161317000000,36.541519697200002
4258,school, ,73.429440933500004,36.544524000300001
4259,convenience, ,73.429325500000004,36.541167799999997
4260,school, ,73.429165789300001,36.543444689499999
4261,school, ,72.423472149999995,36.457375949999999
4262,school, ,72.423059749999993,36.457337000000003
4263,school, ,72.423220807500002,36.457862667000001
4264,water_mill, ,73.436706250000000,36.561418449999998
4265,school, ,73.439152199999995,36.563540099999997
4266,doctors, ,73.438596010799998,36.563050220999997
4267,school, ,73.440635645499995,36.566334361800003
4268,school, ,73.439625000000007,36.568534049999997
4269,school, ,73.440144693600004,36.566486898299999
4270,convenience,Shop,75.505618182299997,35.411854561600002
4271,convenience,Shop,75.497974690500001,35.424046271199998
4272,convenience,Shop,75.500004808499995,35.423424473399997
4273,school,Al Mustafa Public School,75.508734966999995,35.413420893999998
4274,school, ,73.447194984899994,36.644614169199997
4275,doctors, ,73.448254432599995,36.644351048700003
4276,veterinary, ,73.448416686300007,36.644741721899997
4277,school, ,73.419955349999995,36.650363599999999
4278,school, ,74.394416726900005,36.248173242400000
4279,shelter, ,74.391666830500000,36.250365010000003
4280,shelter, ,74.391394199999993,36.250177899999997
4281,shelter, ,74.391956346499995,36.249564966900003
4282,shelter, ,74.391158399999995,36.249687450000003
4283,shelter, ,74.391728390799997,36.249951080000002
4284,shelter, ,74.392059399999994,36.249475949999997
4285,shelter, ,74.391254361400001,36.249726668299999
4286,shelter, ,74.391731250000007,36.250051550000002
4287,shelter, ,74.391741199999998,36.250152399999997
4288,shelter, ,74.391785549999994,36.250256049999997
4289,shelter, ,74.391260149999994,36.249991150000000
4290,convenience, ,74.390966168600002,36.249512797400001
4291,shelter, ,74.392117283000005,36.249436602999999
4292,shelter, ,74.391516930099996,36.250315758500001
4293,shelter, ,74.391397350000005,36.249943649999999
4294,shelter, ,74.392226949999994,36.249458199999999
4295,shelter, ,74.391524421100002,36.249991784700001
4296,shelter, ,74.391020524400005,36.249732836299998
4297,shelter, ,74.391739392100007,36.250102669800000
4298,convenience, ,74.395933200000002,36.247695649999997
4299,shelter, ,74.392106999999996,36.249529699999997
4300,shelter, ,74.391295256299998,36.249818618200003
4301,shelter, ,74.391495380799995,36.249846562499997
4302,convenience, ,74.393473246699998,36.248471432800002
4303,shelter, ,74.391357700000000,36.250116200000001
4304,shelter, ,74.391736435499993,36.249890274099997
4305,shelter, ,74.391728581400002,36.250002324999997
4306,shelter, ,74.391633999999996,36.250280650000001
4307,convenience, ,74.389854999999997,36.249291599999999
4308,shelter, ,74.391473950000005,36.250131150000001
4309,shelter, ,74.391090581000000,36.249706605999997
4310,shelter, ,74.391441950000001,36.249715700000003
4311,convenience, ,74.408191459999998,36.245235620499997
4312,shelter, ,74.391094699999996,36.249851300000003
4313,shelter, ,74.391720966299999,36.250344170500000
4314,shelter, ,74.391218672999997,36.249860463399997
4315,shelter, ,74.391552950000005,36.250052349999997
4316,shelter, ,74.391584632999994,36.250374166599997
4317,shelter, ,74.392004133499995,36.249512201999998
4318,shelter, ,74.391224704600006,36.249657318700002
4319,shelter, ,74.391061358599998,36.249800866999998
4320,shelter, ,74.391763150000003,36.250211299999997
4321,shelter, ,74.391808749999996,36.250304350000000
4322,shelter, ,74.391330249999996,36.249965449999998
4323,shelter, ,74.392178681700003,36.249395534400001
4324,shelter, ,74.391584050000006,36.250299849999998
4325,shelter, ,74.391462669000006,36.249921943700002
4326,shelter, ,74.392166330899997,36.249494886400001
4327,shelter, ,74.392055248999995,36.249568966399998
4328,shelter, ,74.391690024100001,36.250260161100002
4329,shelter, ,74.391129691100005,36.249895066400001
4330,school, ,74.390440963200007,36.249629077700000
4331,shelter,Shelters of Landslide Affected Community Hussainabad,74.391578576000001,36.249905340700003
4332,school, ,74.392868954400001,36.240671184500002
4333,doctors, ,74.393327329700000,36.241059557699998
4334,hotel,Hikal Guest House & Restaurant,74.395840217100002,36.239366765900002
4335,convenience, ,74.413843051399994,36.233160032500003
4336,doctors, ,74.432096384800005,36.242851582599997
4337,school, ,74.423952027200002,36.240914021599998
4338,school, ,74.432257476100006,36.242908030800002
4339,school, ,74.427040223199995,36.240298206200002
4340,doctors, ,74.439516549999993,36.232616849999999
4341,convenience, ,74.436448492400004,36.232052222100002
4342,school, ,74.431882173899993,36.235908756999997
4343,school, ,74.441112669500001,36.240856965299997
4344,school, ,74.440923249999997,36.240084099999997
4345,school, ,74.437698475500000,36.239399740800003
4346,school, ,74.439446818099995,36.232355651900001
4347,convenience, ,74.435513449599995,36.231977726300002
4348,school, ,74.437396986600007,36.231588468500000
4349,school, ,74.447994850000001,36.240769000000000
4350,school, ,74.447084130700006,36.240724336299998
4351,doctors, ,74.456795530799994,36.247187451300000
4352,doctors, ,74.454637437900004,36.247222025200003
4353,school, ,74.470811350000005,36.248582700000000
4354,school, ,74.456500199999994,36.245988300000000
4355,convenience, ,74.488194370900004,36.239732981499998
4356,college, ,74.481432249999997,36.242392000000002
4357,college, ,74.481577000000001,36.242258399999997
4358,convenience, ,74.475759999999994,36.242052399999999
4359,convenience, ,74.487978450000000,36.239888499999999
4360,school, ,74.483520853599998,36.239604055299999
4361,college, ,74.481115447999997,36.242291198099998
4362,college, ,74.480887300800006,36.241960982999998
4363,school, ,74.484085374700001,36.239587987699998
4364,hospital, ,74.482890634599997,36.240582628100000
4365,school, ,74.480460794600006,36.240369985800001
4366,police, ,74.536523377400002,36.264196898700000
4367,school, ,74.537896174699995,36.264016003199998
4368,school, ,74.536552510600004,36.264366769200002
4369,doctors, ,74.533908993500006,36.262103442600001
4370,doctors, ,74.540382600000001,36.264493500000000
4371,school, ,74.532155349999996,36.266286800000003
4372,doctors, ,74.533872203599998,36.261969781300003
4373,school,School,74.522667299600002,36.263865338199999
4374,school,School,74.533459672600003,36.261861520899998
4375,convenience, ,74.532551699999999,36.251526650000002
4376,doctors, ,74.531376934500003,36.251156254300000
4377,convenience, ,74.530610183500002,36.252088216300002
4378,convenience, ,74.530576850000003,36.252131599999998
4379,school, ,74.538390372699993,36.251055838500001
4380,convenience, ,74.531684799999994,36.251436099999999
4381,veterinary, ,74.533370708299998,36.251296377300001
4382,school, ,74.529431985399995,36.254619072099999
4383,school, ,74.536737860800002,36.251339511099999
4384,school, ,74.529461517700000,36.254265476699999
4385,convenience, ,74.569564636799996,36.245866632099997
4386,convenience, ,74.569229010000001,36.246186926000000
4387,convenience, ,74.568923949999999,36.246314249999998
4388,library, ,74.570199700000003,36.245604999999998
4389,school, ,74.567433431599994,36.246643814700001
4390,school, ,74.570321367899993,36.246014885199997
4391,school,F.G Boys Middle School,75.503840206999996,35.363663773100001
4392,mobile_phone_shop,Ufone franchise,72.356368732700005,30.442840350800001
4393,mobile_phone_shop,easy paisa shop,72.356486943799993,30.442497230299999
4394,school,Government High School,73.693774629200007,31.449891587100002
4395,school, ,74.648794550000005,36.306914749999997
4396,doctors, ,74.654996604199994,36.306187279800000
4397,school, ,74.659599905600004,36.304522914700001
4398,school, ,74.648609384699995,36.307069517099997
4399,doctors, ,74.652270203499995,36.304894292199997
4400,school, ,74.654272098299998,36.306121148899997
4401,school, ,74.654676988600002,36.306086372000003
4402,school,Madrasa,74.654464419000007,36.305647554600000
4403,hotel, ,74.653041310099994,36.315673639499998
4404,school, ,74.653888600000002,36.314594450000001
4405,college, ,74.652182416399995,36.323662637399998
4406,school, ,74.666467025100005,36.324954645500000
4407,school, ,74.674895942999996,36.318196027900001
4408,school, ,74.661891310200005,36.327179172199997
4409,hostel, ,74.663102867000006,36.326147139800000
4410,school, ,74.662367536600001,36.325780891299999
4411,school, ,74.668314240000001,36.324993646400003
4412,hospital, ,74.667362588700001,36.317925327200001
4413,hospital, ,74.667656482300004,36.317883929600001
4414,hospital, ,74.667399900000007,36.318081700000000
4415,doctors, ,74.665472466500006,36.327262248600000
4416,school, ,74.666313151200001,36.313118205099997
4417,school, ,74.666228534300004,36.313441848899998
4418,school, ,74.655405632300003,36.326931266499997
4419,school, ,74.665781098300002,36.313482924399999
4420,school, ,74.665947196999994,36.313373539700002
4421,hotel,Hunza Embassy Hotel,74.667721261599993,36.318332634100003
4422,castle,Baltit Fort,74.669810206799994,36.325725811500000
4423,hotel,Hunza View Hotel,74.667095058399994,36.316301578599997
4424,school, ,74.681822664099997,36.319301305300002
4425,guesthouse, ,74.679918650000005,36.319502100000001
4426,hotel, ,74.689739450000005,36.325241650000002
4427,doctors, ,74.682071205499994,36.318776715500000
4428,school, ,74.681017147700004,36.318552671100001
4429,castle,Altit Fort,74.682148453400004,36.316854133200003
4430,school, ,74.704402359300005,36.312884257400000
4431,doctors, ,74.734234749999999,36.305846649999999
4432,school, ,74.733271450000004,36.303421299999997
4433,school, ,74.733387975100001,36.303343593599998
4434,school, ,74.733305324300005,36.303617003600003
4435,school, ,74.733308331900005,36.303520123500000
4436,school, ,74.733130740099995,36.303380806299998
4437,school,Madrassa,75.500452749999994,35.317615099999998
4438,school,N.E.F Primmary School,75.510122138400007,35.357649972099999
4439,school, ,74.780503488899996,36.305633755800002
4440,school, ,74.794801667800002,36.308612534100000
4441,school, ,74.712097631500001,36.275693452399999
4442,school, ,74.711575499999995,36.272649950000002
4443,doctors, ,74.711339350000003,36.275773549999997
4444,school,Hashimiya Public School,75.502557516300001,35.368824980399999
4445,school,Madrassa,75.502072428700004,35.309199393199997
4446,school,Govt. middle boys School Chunda,75.500257520299996,35.327244092699999
4447,school, ,74.716160394400006,36.273498354799997
4448,school, ,74.715365491300005,36.273621076100000
4449,school, ,74.716684794900004,36.273726894200003
4450,school, ,74.723632182700001,36.278648640500002
4451,school, ,74.723207737500005,36.278661642099998
4452,school, ,74.723035178600000,36.278705601399999
4453,hospital, ,74.723771630700000,36.277776451199998
4454,school, ,74.738490299999995,36.271787400000001
4455,school, ,74.738725426399995,36.271728162999999
4456,school, ,74.743617150000006,36.264143349999998
4457,school, ,74.743106400000002,36.264752049999998
4458,water_mill, ,74.747710096000006,36.253088966100002
4459,doctors, ,74.747009203000005,36.256614920700002
4460,school, ,74.747135229600005,36.256332029600003
4461,school,Middle School,75.513669542100004,35.304620320399998
4462,school, ,74.754683955700003,36.230326079000001
4463,school, ,74.754168550000003,36.229718849999998
4464,school, ,74.753461558200001,36.231304986799998
4465,school, ,74.754224473899995,36.229595946300002
4466,school, ,74.753258763000005,36.231173962500002
4467,school, ,74.756737450000003,36.230698500000003
4468,school, ,74.760723700000000,36.224676150000001
4469,school, ,74.760909554999998,36.224503030699999
4470,doctors, ,74.760233667099996,36.223646149099999
4471,school, ,74.758934644000007,36.222525858799997
4472,school, ,74.762553300999997,36.218321732800000
4473,school, ,74.764774500000001,36.217884050000002
4474,school,NEF primary school,75.601782349999993,35.315854950000002
4475,school,Al Murtaza Public School,75.613460610600001,35.311972527000002
4476,bank,Allied Bank,72.354275755600000,30.438659598899999
4477,bank,Bank Alfalah,72.354181496699994,30.438626117500000
4478,bank,Faisal Bank,72.354471013400001,30.438689854800000
4479,mobile_phone_shop,Mobilink franchise,72.352621340599995,30.439144784300002
4480,bank,National Bank of Pakistan mandi branch,72.355543612199995,30.438526022300000
4481,mobile_phone_shop,Telenor franchise,72.352053585799993,30.439576141900002
4482,bank,Unitied Bank limited,72.354193197000001,30.438256932400002
4483,supermarket,alfatah super store,72.352273367500004,30.439627299900000
4484,bank,markazi Qoumi bachat Bank,72.352727360499998,30.439144347700001
4485,doctors, ,74.991654190999995,36.171198222000001
4486,school, ,74.992542490000005,36.172079945000000
4487,school, ,74.992869564700001,36.172808488199998
4488,convenience, ,74.867247523100005,36.354556596800002
4489,convenience, ,74.867393500000006,36.354567799999998
4490,school, ,74.869259850000006,36.364333100000003
4491,school, ,74.869106245300003,36.364631556200003
4492,school, ,74.869510894100003,36.364638487400001
4493,school, ,74.862595000400006,36.376422497100002
4494,convenience, ,74.863276499999998,36.390046750000003
4495,school, ,74.854567149999994,36.391701500000003
4496,school, ,74.855245890899994,36.391791382699999
4497,doctors, ,74.861631067100006,36.388191951700001
4498,doctors, ,74.861316000000002,36.388359899999998
4499,convenience, ,74.859629515099996,36.380028094099998
4500,school, ,74.861290851000007,36.387860101299999
4501,school, ,74.864243154799993,36.389300303500001
4502,doctors, ,74.861262788199994,36.388515822300000
4503,doctors, ,74.861473862599993,36.388251330300001
4504,hotel, ,74.866314661299995,36.390733697899996
4505,school, ,74.859996699999996,36.409400499999997
4506,school, ,74.866321393199996,36.402997462000002
4507,school, ,74.866034350000007,36.403292250000000
4508,school, ,74.866199350000002,36.403147599999997
4509,school, ,74.860465951300000,36.402872766800002
4510,doctors, ,74.862261099999998,36.405851550000001
4511,school, ,74.861669293700004,36.409846118399997
4512,school, ,74.860077189899997,36.408181321999997
4513,school, ,74.874274200000002,36.426445649999998
4514,school, ,74.873346906099997,36.431306868400000
4515,school, ,74.873261025299996,36.430496034500003
4516,school, ,74.876942706400001,36.424663742100002
4517,school, ,74.893186874999998,36.465371593500002
4518,school,Education Centre,74.893399543499996,36.467602672900000
4519,convenience, ,74.893568387100004,36.467062975300003
4520,convenience,Aman General Store,74.893098050000006,36.469644449999997
4521,convenience, ,74.893392282099995,36.466348748599998
4522,doctors, ,74.892618185800004,36.469778528900001
4523,convenience, ,74.893898149999998,36.468492099999999
4524,school, ,74.893057329599998,36.465407057000000
4525,hotel,Passu Ambassador Hotel,74.880990299999993,36.483806999999999
4526,school, ,75.318342950000002,36.439663650000000
4527,school, ,75.318553874599999,36.437114233700001
4528,doctors, ,75.320492099999996,36.439590950000003
4529,school, ,75.318457023400001,36.438255914800003
4530,school, ,75.318509733499994,36.439450475599998
4531,school, ,75.301193192599996,36.440480924900001
4532,school, ,75.311966017100005,36.436572001300000
4533,doctors, ,75.319441674900006,36.438935236200003
4534,school,Madina Ahl Bait,75.611458150000004,35.304624599999997
4535,school,Al Mairaj Public School,75.616669918400007,35.308007265599997
4536,school, ,74.797187730299996,36.574323275499999
4537,school, ,74.801868949999999,36.580068850000004
4538,school, ,74.797677399999998,36.574024000000001
4539,school, ,74.799057063999996,36.575377533500003
4540,school, ,74.859405139700002,36.594033738100002
4541,school, ,74.864459390299999,36.612666167800000
4542,convenience, ,74.865377116199994,36.609528300999997
4543,doctors, ,74.861210000000000,36.615362849999997
4544,convenience, ,74.865015499999998,36.611638599999999
4545,doctors, ,74.864341773099994,36.617927655999999
4546,school, ,74.864526866899993,36.617860859799997
4547,school, ,74.864395863799999,36.612790881400002
4548,school, ,74.864773645200003,36.617903650300001
4549,college, ,74.864678383099999,36.609458079299998
4550,school, ,74.847486157099993,36.647993364500003
4551,hotel,Dreamland Hotel & Restaurant,74.843615505399995,36.659241291199997
4552,school, ,74.841999415999993,36.666279949100002
4553,school, ,74.841887616999998,36.666421100500003
4554,school, ,74.822007141900002,36.686588017399998
4555,school, ,74.841653115800000,36.666270873999999
4556,school, ,74.842403099999999,36.666039099999999
4557,school, ,74.840965292700005,36.673465639900002
4558,school, ,74.820698016500003,36.690415898700003
4559,school, ,74.842023981899999,36.666089473299998
4560,doctors,Health Centre,74.833919530599999,36.677432655200001
4561,doctors,Health Centre,74.834104018399998,36.677464052200001
4562,hotel,Pamir Serai,74.820920715000000,36.686987322999997
4563,hotel,Sost Embassy Motel,74.826925274299995,36.681866436400000
4564,hotel,Arbab,74.821997149900000,36.686933637999999
4565,hotel,khunjarav hotel,74.837628413100006,36.673564560999999
4566,school, ,74.822421050000003,36.679031299999998
4567,school,City knowledge public school,75.623531764299997,35.302370846899997
4568,school, ,74.814065951299995,36.687569875999998
4569,school, ,74.830000880499995,36.671521774399999
4570,school, ,74.814410922899995,36.687534460700000
4571,convenience, ,74.720158207400004,36.735850066499999
4572,school, ,74.719922699999998,36.736210900000003
4573,school,School,74.724010800299993,36.737364583400002
4574,doctors, ,74.707051047299998,36.750469531999997
4575,school, ,74.707480720999996,36.750515016100003
4576,bank,Chipurson Development Bank,74.500491925399999,36.827154841999999
4577,school, ,74.756205213699999,36.792935110999998
4578,school, ,74.767764383100001,36.788876749400004
4579,school, ,74.767557699999998,36.788669400000003
4580,doctors, ,74.763181900000006,36.789098150000001
4581,school, ,74.767268316300004,36.788366510400003
4582,doctors, ,74.763052102000003,36.789148547499998
4583,school, ,74.767393598599995,36.788465799199997
4584,convenience, ,74.409731249999993,36.826319400000003
4585,library, ,74.425176926099994,36.828283440800000
4586,convenience, ,74.429078379499998,36.830926520100000
4587,guesthouse,Pamir Sarai,74.427971036599999,36.831101263900003
4588,school,Bintul Huda public girls school,75.602632799999995,35.294927350000002
4589,hospital,Abdullah Hospital,75.597380375200004,35.296930572400001
4590,college,USWA boys college,75.601663425300003,35.296739352600000
4591,school,Ideal scientific public schol,75.622404166099997,35.299144529000003
4592,school,shaheen public school,75.612637422899994,35.298708655200002
4593,school,Ideal scientific public schol,75.594281925100006,35.293796852400000
4594,school,F.G. Middle School,75.591305512600002,35.286070180000003
4595,school,New children school and college,75.619744544200003,35.289390939999997
4596,school,Public School,75.624579800000006,35.284875599999999
4597,school,Public School,75.624867399999999,35.284942899999997
4598,school,Al Abid public School,75.593958400000005,35.279607400000003
4599,school,Govt. boys primary school,75.607015099999998,35.276328800000002
4600,school,Ideal Scientific Publich School,75.624389899999997,35.289290749999999
4601,school,Govt. boys primary school,75.607222300000004,35.276372850000001
4602,school,Elementary College,75.618329240799994,35.276342620199998
4603,hospital,Civil Hospital,68.943428115000003,26.044518243300001
4604,pitch,Cricket Stadium,68.947073734000000,26.042340144699999
4605,school,Government High School,68.943422154900006,26.050400663600001
4606,school, ,68.938575326299997,26.050327847199998
4607,school,Sahar public school,75.613118427700002,35.286877485100000
4608,school,Sahar public school,75.613269280699996,35.286866144199998
4609,school,Al Qalam public school,75.616599050000005,35.288543599999997
4610,convenience,Shop,75.601631999999995,35.513378899999999
4611,school,Madrassa,75.596205900000001,35.518154199999998
4612,convenience,Shop,75.596650199999999,35.517786999999998
4613,convenience,Shop/Market,75.602204749999999,35.512804600000003
4614,school,Social Welfare Primary School,75.591946849999999,35.515914250000002
4615,convenience,Shop/Market,75.601127360999996,35.513806060699999
4616,convenience,Shop/Market,75.602077449999996,35.512928700000003
4617,school,SAP School,75.600472881300007,35.514256047499998
4618,school,Madrassa,75.595987835000003,35.518541150499999
4619,school,Primary School,75.600006432000001,35.513386064000002
4620,school,Madrassa,75.599356340599996,35.514704796300002
4621,school,Old building of Primary School,75.599594716200002,35.513577831600003
4622,convenience,Shop,75.640969283600000,35.492380016699997
4623,convenience,Shop/Market,75.652986217700004,35.481143677900000
4624,convenience,Shop,75.643734120900007,35.491664390399997
4625,school,SAP School,75.611582700000000,35.505421349999999
4626,convenience,Shop/Market,75.650813080000006,35.486135836199999
4627,convenience,Shop,75.641052700000003,35.492374050000002
4628,convenience,Shop,75.640665140999999,35.492619972500002
4629,convenience,Shop,75.648665886399996,35.488467913100003
4630,convenience,Shop,75.652117806400000,35.483494274999998
4631,school,SAP School,75.597045754099994,35.505766656500001
4632,hospital,Vaterinary Hospital,75.611789560600002,35.505370036800002
4633,school,Sun Rise Public School,75.651023300000006,35.481843450000000
4634,school,Madrassa,75.637911771399999,35.491700206099999
4635,convenience,Shop,75.642038111900007,35.491354384200001
4636,convenience,Shop,75.651019328700002,35.485503245600000
4637,convenience,Shop/Market,75.652097828600006,35.482862293300002
4638,school,SAP School,75.651144776099997,35.481960018700001
4639,university,"Quide-e-Awam University of Engineering,Sciences and Technology",68.382336561000002,26.231380461699999
4640,convenience,Shop,75.904500350000006,35.184136899999999
4641,school,Madrassa,75.903863714799996,35.184478830400003
4642,school,Madarasa,75.905969262499994,35.179045372499999
4643,school,GOVT High School (new,75.908669948599993,35.176226090900002
4644,school,GOVT High School (new,75.908689698499998,35.176178083600000
4645,school,Primary School,75.908147950000000,35.175779650000003
4646,hospital,Marafie Hospital Sirling,75.953958711100000,35.145981920899999
4647,school,Govt. Boys Primary School Sirling,75.952789678900004,35.146068553900001
4648,school,FG Girls Middle School,75.954135596100002,35.145690835700002
4649,veterinary,Vetenary Dispensary,75.955659719200000,35.145269311900002
4650,school,Govt. Primary School,75.962717528599995,35.132390703399999
4651,school,Al Mustafa Public School for Girls,75.961058702200006,35.132201615900001
4652,school,Madrassa,75.959196199999994,35.132724600000003
4653,school,Al Mustafa Public School,75.960549699599994,35.139656261799999
4654,school,FG boys high school,75.961228227099994,35.131881688199996
4655,school,Govt. Primary School,75.968202700899994,35.127002090900000
4656,school,Madrassa,75.963978461799996,35.133048373599998
4657,school,Govt. Boys Primary School Sirling,75.960274271200007,35.139308682299998
4658,school,F G girls high school,75.961547872400004,35.131860308999997
4659,park, ,66.892185008900000,25.058622473200000
4660,park, ,66.889638502599993,25.026157833199999
4661,park, ,67.003899946700002,25.067651935600001
4662,park, ,66.908972137600003,24.875245555799999
4663,school,Govt Girls School,76.192601949999997,34.971007200000003
4664,convenience,Shop,76.194009050000005,34.971000300000000
4665,school,Madrasa,76.208800794799998,34.963882626900002
4666,convenience,Shop,76.208637443200004,34.962822671300003
4667,school,Primary School,76.209297100000001,34.960882400000003
4668,school,Govt Primary School,76.207872338700000,34.966774547699998
4669,convenience,Shop/Market,76.209173582700004,34.961339728100000
4670,school,KaNuPP,66.785403650000006,24.844676050000000
4671,school,Madarsa,76.183913000000004,35.237580649999998
4672,school,NEF_primary_school,76.183132537000006,35.236978460300001
4673,school,Madarsa,76.184012860300001,35.238173785100003
4674,school,Girl Primary School,76.194219795300000,35.248604008800001
4675,school,Madrsa&Iqra school,76.185472210399993,35.248353233800003
4676,police,Police Station,76.185837467799999,35.247608302600000
4677,school,Madrsa&Iqra school,76.185340999999994,35.248285400000000
4678,school,Boys Primary School,76.191558634200007,35.249002844800003
4679,school,Madrasa,76.188879071800002,35.248361660500002
4680,school,Madarsa,76.201798630799999,35.245078852699997
4681,school,quid_e_azam_public_school,76.201226504199994,35.249721588800000
4682,school,NEF_SCHOOL,76.204795129999994,35.249900139099999
4683,school,Girl Higher sec. School,76.201225074700005,35.249448440499997
4684,school,Girl Higher sec. School,76.201481730699996,35.249435659200003
4685,school,Boys Higher Secondary School,76.200268984999994,35.244668928099998
4686,hospital,Civil Hospital,76.200269304700001,35.250178320200000
4687,school,Boys Higher Secondary School,76.200272318299994,35.244494826100002
4688,school,Girl Higher sec. School,76.201536172499999,35.249647555199999
4689,school,CBS School,68.522954306000003,25.677718403200000
4690,school, ,68.857225249999999,25.507845150000001
4691,school,Govt Boys High School,68.857818191999996,25.506400646700001
4692,school,Govt High School,68.856972030799994,25.505768574499999
4693,school,Govt Girls Permary School,68.856635387099999,25.508886943699999
4694,school,Govt Girls Permary School,68.856793489400005,25.508816555199999
4695,school,Govt Girls Permary School,68.856809765099996,25.508900968300001
4696,school,Govt Boys School,68.851629636300004,25.493484331600001
4697,school,Govt Girls School,68.851585874600005,25.493259706400000
4698,hospital,Health Centre,68.851792338999999,25.493409457300000
4699,hospital,Hospital,68.849035779299996,25.490162316799999
4700,school,Coumputer Traning Center,68.240229499999998,24.442761999999998
4701,convenience,Shop,68.240398607800003,24.443238792300001
4702,library,Library,68.239750209700006,24.443606211199999
4703,school,G G P School,68.240519329199998,24.443061139200001
4704,school,Govt Girls High School,67.820001224400002,24.603114117099999
4705,library,Library,67.821239149999997,24.603852199999999
4706,school,Govt Girls High School,67.820146287800000,24.603105960899999
4707,school,Govt Girls High School,67.820031928700004,24.603292244999999
4708,school,School,67.818810842100007,24.603323916699999
4709,school,Govt Boys Hogh School,67.822843671200005,24.608438130200000
4710,college,Cadet College,68.126521410099997,27.353639713800000
4711,college,Institute of Business Administration,68.108578105600003,26.843633816499999
4712,college,Government Degree College,70.124284036800006,28.319010652199999
4713,park, ,70.125969737199995,28.298385057499999
4714,library,Library,67.581356030500004,24.463489476500001
4715,police,Police Station Katlang,72.076297451700000,34.356528472100003
4716,park, ,71.258315388400007,29.142493572300001
4717,community_centre,Charda Muhala community center,74.232298546899997,32.604851676099997
4718,community_centre,Dara,74.232541074899999,32.605929419299997
4719,park,Lodhran Ground,71.631672790600007,29.540121485899999
4720,park,Municipal Park,71.630522463700004,29.533028180399999
4721,park,Park,71.634438558799999,29.510378295399999
4722,bank,Habib Bank Dheri,72.063300447100005,34.397567356000003
4723,hospital,Civil Hospital,71.263242974799994,29.135916830199999
4724,convenience,Mini Market,71.507392289099997,30.186570498500000
4725,university,Cadet College Ormara,64.617675740099997,25.261001013700000
4726,university, ,63.410494119699997,25.281416227000001
4727,park, ,74.300071626100006,31.459122453300001
4728,park,Center Park,74.301806533199994,31.453802424900001
4729,pitch, ,64.601027849999994,25.190807100000001
4730,hospital,Pakistan Naval Station DARMAANJAH,64.620789299999998,25.225322400000000
4731,hotel,Holiday Resort,73.387901166399999,33.904781473600003
4732,school,FG Public School,73.387280281900004,33.901962992800001
4733,school,Chinar Army Public School,73.388377867599999,33.903022612800001
4734,mall,Millennium Mall,73.390318493500004,33.903897888099998
4735,hotel,Sea Rose Hotel,73.394382254600004,33.906763896599998
4736,hotel, ,73.394901224199998,33.907095501199997
4737,hospital,Abbasi Hospital,73.392481450000005,33.916890000000002
4738,park,PIA Park,73.400610263000004,33.908244274300003
4739,college,Gov. Post Graduate College,73.415180569000000,33.913922198400002
4740,golf_course, ,73.457251623499999,33.955111373599998
4741,department_store,Familymart Department Store Katlang,72.075393799899999,34.362970135300003
4742,graveyard,"Shuhdaa Graveyard - Alam, Khurram",66.955768636499997,24.890889545899999
4743,park, ,68.619975576900003,25.924883247899999
4744,school,Government High School,68.620170109800000,25.928212988599999
4745,hospital, ,68.615297153000000,25.927815271800000
4746,cafe,COMSATS Cafe,73.155117549899998,33.648268106700002
4747,park,Lawn,73.154343424000004,33.649963266900002
4748,park,Lawn,73.154948609499996,33.650673598700003
4749,park,Lawn,73.155387363000003,33.650453094100001
4750,park,Lawn,73.155185533299999,33.650132533300003
4751,park,Lawn,73.155584728400001,33.650761496100003
4752,park, ,73.155518779900007,33.650921178799997
4753,park,Lawn,73.155673597399996,33.651391791199998
4754,school,Girls Middle School,75.321062501000000,35.614963783599997
4755,pitch, ,68.828722749999997,24.654607899999998
4756,pitch, ,68.828492095599998,24.654589922800000
4757,wastewater_plant, ,68.897988946200002,24.691655102300000
4758,university,National University of Science and Technology,72.991644307900003,33.645119999199999
4759,school,Boys Primary School,74.774885471299996,35.473586914599998
4760,school,Boys Primary School,74.774786768900000,35.473697839499998
4761,school,Community Middle School,74.993499900000003,35.395912850000002
4762,school,Govt Boys Primary School,74.991871682600006,35.397376110000003
4763,school,Govt primary School,74.996534949999997,35.394453249999998
4764,school,F.G boys p. school,75.493649950000005,35.331674149999998
4765,school,Girls Primary School,75.490788949600002,35.334478716600003
4766,convenience,Shop,75.905743360299994,35.180079575900002
4767,convenience,Shop,76.208658400000004,34.962394500000002
4768,school,Boys Primary School,76.192160999999999,35.241319550000000
4769,convenience,Shop/Market,75.599326700000006,35.515218200000000
4770,convenience,Shop,75.612335814500000,35.505649519199999
4771,convenience,Shop,75.609838850000003,35.506072250000003
4772,convenience,Shop,75.614415733800001,35.504383399100000
4773,convenience,Shop,75.598718383399998,35.515954651100003
4774,convenience,Shop,75.592162406300005,35.516235579099998
4775,convenience,Shop,75.606177950000003,35.509685200000000
4776,convenience,Shop,75.598678594099994,35.516192932000003
4777,hospital,Vaterinary Hospital,75.611724464299996,35.505313854599997
4778,convenience,Shop,75.649048399999998,35.487929950000002
4779,convenience,Shop,75.651065950000003,35.485436450000002
4780,convenience,Shop,75.652771181000006,35.481491492300002
4781,school,Public School,75.601628521999999,35.292040656300003
4782,convenience,Shop,68.856592415300000,25.507907824800000
4783,school,CBS,68.249200002899997,24.455236754300000
4784,school,G B H School,68.248517866200004,24.453116935400001
4785,school,G G H School,68.249935432699999,24.454166037499999
4786,school,Govt Boys Primary School,68.249560501999994,24.454225127899999
4787,library,Libarary,68.248317900000004,24.456493150000000
4788,convenience,Shop,68.248887900000000,24.455210099999999
4789,convenience,Shop,68.248762412600001,24.456375871799999
4790,convenience,Shop,68.248662267800000,24.456345119100000
4791,veterinary,Vet Hospital,68.249366054000006,24.454676328300000
4792,school, ,67.625282906999999,24.559333382999998
4793,playground,Dhuddi Staduim,73.266102001400000,29.769501270799999
4794,graveyard,Jenazgah Likpani,72.057770605800002,34.401776895600001
4795,park, ,74.300031443500004,31.456698904900001
4796,restaurant, ,74.309446498000000,31.471772400599999
4797,park, ,74.319354557500006,31.473513358200002
4798,pitch, ,73.076021325599996,33.584155012600000
4799,pitch, ,73.076210218900002,33.584148562300001
4800,playground, ,73.075398977099994,33.584139119000000
4801,park, ,74.282914495699998,31.553001946100000
4802,park, ,74.271147966699999,31.545518833300001
4803,park, ,74.272575332900004,31.544800595900000
4804,park, ,74.260086758900002,31.524631794899999
4805,park, ,74.259730175300007,31.520163592199999
4806,park, ,74.256842876299999,31.516215992900001
4807,park, ,74.259606976000001,31.514847941199999
4808,prison,District Jail Mardan,72.011434703500001,34.155366639800000
4809,park,Hazrat Umar Park,67.057739203400004,24.938425983399998
4810,college,Karachi Medical  & Dental College,67.060186985100003,24.942665035899999
4811,school,Government School,67.057216139900007,24.937961197200000
4812,fort, ,67.901776503899995,25.897067915299999
4813,attraction, ,67.901776503899995,25.897067915299999
4814,guesthouse, ,67.725812225300004,25.745760947899999
4815,stadium,Satluj Statium,73.973963279000003,30.968299257799998
4816,hospital,Tehsil hospital besham,72.877752116200000,34.923180122100000
4817,police,Police Station Lundkhwar,71.971503010199996,34.390986673800001
4818,golf_course,Airmen Golf Course and Recreational Park,67.120502597900000,24.781716087400000
4819,school,Government Boys High School,72.861562889799998,29.197841577999998
4820,college,Degree College,72.876860934099994,29.197516634700001
4821,hospital, ,72.873621678700005,29.194637061200002
4822,hospital,Civil Hospital,70.137029947399995,31.709679988500000
4823,college,Girls College,70.138629438600006,31.708769278700000
4824,college,Government Degree College,70.126248058100003,31.699162287299998
4825,school,Government High School,70.125204915599994,31.698858242699998
4826,pitch, ,70.122139904500003,31.699770857299999
4827,park,Ladies Park,71.452022250300004,32.419563769500002
4828,supermarket,Chasma Shopping Centre,71.452318472300007,32.420459900200001
4829,park,Play Ground,71.453005862599994,32.420491435400002
4830,pitch,Volley Ball Stadium,71.451837821799998,32.421097216000000
4831,pitch,Basket Ball Court,71.451588705999995,32.421406901200001
4832,pitch,Football Ground,71.452236685299994,32.422041277600002
4833,track,Running Track,71.452385899999996,32.421803668999999
4834,playground,Cricket Ground,71.448387638200003,32.423368996199997
4835,college, ,71.446231447200006,32.422695396899996
4836,pitch, ,71.450208315400005,32.423468025399998
4837,swimming_pool, ,71.449973494399998,32.423807902900002
4838,cafe,PAEC Hospital Cafeteria,71.447182321499994,32.422856202299997
4839,playground, ,71.454250197099995,32.417431667499997
4840,playground, ,71.456830974699997,32.420522528100001
4841,playground, ,71.457000591099998,32.425497482899999
4842,hospital,Sheikh Zayed Hospital,65.430731772300007,28.589313499100001
4843,monument,Qilla,65.414772929099996,28.575715402200000
4844,school,Government Boys High School,65.419492077200005,28.586687522399998
4845,pitch, ,65.419942353300002,28.585633952900000
4846,monument,قلعہ لدگشت,62.922012596599998,27.927913568699999
4847,bank,Standard Charter Bank,74.359022909100005,31.552442186000000
4848,golf_course,Royal Palm Club,74.359366315000003,31.558965840399999
4849,park, ,73.464997355999998,34.346299425500000
4850,park, ,73.039746930500002,33.586854394900001
4851,park, ,73.035814658899994,33.585062729900002
4852,school, ,70.069408300000006,33.004875499999997
4853,college,Government Degree College,70.075804174900000,33.001684546500002
4854,park,Aza Khel Payan Botanical Garden,71.875577010399994,34.006591684900002
4855,attraction,Khaplu Palace,76.335239461499995,35.151743568900002
4856,university,Bahria University,67.335475525000007,25.111757091200001
4857,school,Govt Comprehensive Grils Secondary School,67.057991341800005,24.944290957400000
4858,college,Khuwaja Fareed College,70.316086309100001,28.414137629399999
4859,park,ZamZam Ground,70.316543785199997,28.410642112400001
4860,stadium,Mianwali Hockey Stadium,71.536532978099999,32.585361296800002
4861,stadium,Football Stadium Mianwali,71.536543741200006,32.586452218700003
4862,stadium,Mianwali Sports Stadium,71.545699609899998,32.595949409100001
4863,sports_centre,Mianwali Gymnasium,71.546609043900006,32.593965326499998
4864,sports_centre, ,71.546175584599993,32.588502335299999
4865,golf_course,Mianwali Golf Course,71.580744733200007,32.585692197100002
4866,college,Punjab College,71.563997125499995,32.582857207499998
4867,park,Satluj Park,73.259681978000003,30.001575350700001
4868,park, ,73.258344662900001,30.009706812699999
4869,school, ,73.256784874700003,29.997470268400001
4870,school, ,73.258935057800002,29.997163662999998
4871,college,Government College,73.265978842400003,29.993289411900001
4872,college,Government College of Commerce,73.257253420100000,29.992811169100001
4873,college, ,73.249724622100004,29.990371086200000
4874,attraction,Ansoo Lake,73.676375775099999,34.814095575200000
4875,hospital, ,71.632765601700001,29.529882366900001
4876,school, ,71.298699673200005,29.884406075299999
4877,college,Government College,72.338412577300005,30.043179339900000
4878,university,COMSATS University Islamabad Vehari Campus,72.315137402999994,30.031776391499999
4879,sports_centre, ,72.339749200000000,30.044661200000000
4880,pitch, ,72.340874700300006,30.044230855900000
4881,school,Islamia High School,72.345835584499994,30.041092773799999
4882,college,Commerce College,72.343077892799997,30.040999397400000
4883,park,Faisal Park,72.343038364600005,30.038769837699999
4884,zoo,Vehari Wildlife Park,72.350492216199996,30.037331086599998
4885,park, ,72.353425243199993,30.044135269300000
4886,school,Girls High School,72.353133232299996,30.040140737300000
4887,park, ,72.352653077200003,30.038870654499998
4888,graveyard, ,72.352732783199997,30.034741919500000
4889,park,Quide e Azam Park,72.357423664999999,30.037549728199998
4890,park,Central Park,74.399301833300001,31.446642866700000
4891,park,Central Park,74.398658310599998,31.446751060299999
4892,park,Central Park,74.398663579800001,31.446755160799999
4893,park,Social Welfare Society Park,67.098496047599994,24.933636183099999
4894,park, ,67.049280311399997,24.956218939700001
4895,school,Durrani School,67.046285932800004,24.950229775299999
4896,playground, ,67.048723101500002,24.950144599800002
4897,community_centre, ,67.048778935100003,24.943190448100001
4898,community_centre, ,67.049733847200002,24.944243871800001
4899,community_centre, ,67.051261855700005,24.946003504200000
4900,hospital,Hamdard University Dental Hospital,67.052391604700006,24.946759582399999
4901,community_centre, ,67.049728851200001,24.946071147500000
4902,community_centre, ,67.048542401399999,24.944699957099999
4903,community_centre, ,67.047973720599998,24.944136938700002
4904,community_centre, ,67.047689354799999,24.944014826499998
4905,park,Courtyard Park,67.041776525600000,24.945359501999999
4906,playground, ,67.040797144300001,24.947117880299999
4907,playground,TNT Cricket Ground,67.063842492299997,24.950611055600000
4908,college,"Govt Degree College Boys, Buffrezone",67.068816656999999,24.957164812599999
4909,park,Buffer Zone Family Park,67.067924806099995,24.958150441200001
4910,park,Hatim Tai Park,67.069814432900003,24.960023049000000
4911,park,Usmania Park,67.070646786400005,24.959420446199999
4912,park, ,67.069636362500006,24.963940986600001
4913,sports_centre,North Karachi Gymkhana,67.062556976699994,24.967076281800001
4914,school,Public School North Karachi,67.060961043099994,24.966941030499999
4915,police,Police Line Ground,72.263715684399997,32.269575654400001
4916,hospital,Social Security Hospital,73.001685383300000,33.620813513700000
4917,park,Family Park,71.417986045099994,31.824118464600001
4918,park, ,71.507920229299998,30.192468165800001
4919,park, ,71.513657272499998,30.195910524100000
4920,park, ,71.512135140200002,30.196146626400001
4921,park, ,71.513593995999997,30.199481329800001
4922,park, ,71.513508948199998,30.201174740199999
4923,park, ,71.510940834199999,30.204235115600000
4924,stadium,Sargodha Hockey Stadium,72.657500730899997,32.067144470300001
4925,supermarket,Burj Huraira,72.685296166699999,32.079142099899997
4926,park,Rehmatul lil Almin Park,72.687827949400003,32.078797896700003
4927,playground,JAFCO Cricket Ground,67.055406790800006,24.937965217199999
4928,doctors,Clinics And Medical Labs,71.428510189999997,33.974876997599999
4929,greengrocer,Pak Awan Kino Factory,71.231075279699994,31.380138793200000
4930,hotel,Sofia Hotel & Restaurant,71.209390016499995,30.986659289399999
4931,park,Children Park,71.211549818500004,30.960989347900000
4932,hotel,Anayat Canal Rest House,71.185722050400003,30.964289918100000
4933,park,Company Bagh,72.666925684999995,32.083158048199998
4934,stadium,Mela Mandi Ground,72.659768309100002,32.069076229499998
4935,sports_centre,Women Sports Complex,67.092428579699998,24.929052818599999
4936,park,Nasir Hussain Shaheed Park,67.087062391700002,24.924726959400001
4937,playground, ,67.096779892300006,24.920329521900001
4938,school,Jamia Sattaria,67.099668687800005,24.921031625600001
4939,school,Sindh Board of Technical Education,67.100552436800001,24.921684013899998
4940,stadium,KHA Hockey Ground,67.094279783299996,24.916869777100001
4941,school,Dastagir School,67.079409572000003,24.926587415000000
4942,school,Allama Iqbal School,67.083829549499995,24.941772748300000
4943,school, ,67.093278006000006,24.937604732099999
4944,school,GGHS/GBSS/GBPS,67.097950154399996,24.923041589099999
4945,playground, ,67.104602390099998,24.925231464100001
4946,playground,Hazart Ameer Mauvia Ground,67.075375327100005,24.942601438899999
4947,stadium,Pak Flag Hockey Stadium,67.076149443299997,24.943676165500001
4948,college,Azizabad Commerce College,67.064769216700000,24.917601050999998
4949,playground, ,67.063967444100001,24.916977515799999
4950,park,Chak 230 TDA Park,71.212172480400000,31.202952023600002
4951,playground,Alfalah Eidgah and Play Ground,67.072383309200006,24.929569543400000
4952,stadium,Rashid Latif Cricket Academy,67.070576569200000,24.938324244600000
4953,stadium,Shadab Cricket Ground,67.061426918699993,24.934994842300000
4954,stadium,Friends Playground Alnoor Stadium,67.079204873999998,24.950954951300002
4955,stadium,Cricket Field,67.089489205299998,24.951189499600002
4956,park,Al Burhan Marriage Garden,67.118725572200006,24.920389556000000
4957,park,New Family Park,67.121401224699994,24.919030371400002
4958,playground,Playground,67.124382575699997,24.918780901800002
4959,hospital,PIA Hospital Complex,67.120178253600002,24.914658020000001
4960,school,PakTurk International Schools & Colleges,67.129646694900003,24.918695316699999
4961,community_centre,CMA Community Center,67.070890531000003,24.921218670599998
4962,college,Shaheed-e-Millat Girls Degree College,67.071676210899994,24.918547631799999
4963,park,Block 1 Park,67.082520933900000,24.920199772099998
4964,school,Tameer-e-Millat Govt. School,67.081403690499997,24.919625148100000
4965,school,School,67.066338070699999,24.960915566699999
4966,park,Park,67.057851361199994,24.955753469000001
4967,park, ,67.051897102200002,24.947004316600001
4968,park,Family Park,67.053047711299996,24.943917534400001
4969,park,Block 18 Park,67.070691127600000,24.944484348300001
4970,stadium,Khan Football Club,67.074151154800006,24.946147804100001
4971,stadium, ,67.073399012600007,24.946648043200000
4972,park, ,67.072653148499995,24.946377316800000
4973,park, ,67.073000050000005,24.946021450000000
4974,park, ,67.078556444200004,24.950910661700000
4975,park, ,67.079962003600002,24.950545142399999
4976,park,Bagh-e-Yousf,67.075696199999996,24.951050800000001
4977,school,Ibrahim Ali Bhai Govt School,67.046706216299995,24.946756241399999
4978,school,Govt Girls Secondary School,67.021149949700003,24.940632049300000
4979,park, ,67.025631933900002,24.942045669999999
4980,park,Para Bhai Park,67.022211460600005,24.940160198000001
4981,school,Govt School,67.018443531100004,24.940697318800002
4982,park, ,67.023992977299997,24.943924652100002
4983,school,K-Area School,67.024291327200004,24.945622980600000
4984,park, ,67.022327706200002,24.945575900700000
4985,cinema,Shahzad Cinema,67.020879455900001,24.942746408200001
4986,park,Nizari Society Ground,67.033347308100005,24.939492507499999
4987,park, ,67.039414521300003,24.944948151999998
4988,school,APS Seven Streams,67.036211260000002,30.213298515300000
4989,park,Youngster's Den,67.041897799200001,30.214076368099999
4990,college,Quetta Institue of Medical Sciences (QIMS),67.029167671899998,30.216163727400001
4991,supermarket,Jinnah Welfare Shopping Center,67.024588196799996,30.214377854500000
4992,park,Shahbaz Park,67.036165466699998,30.210084699999999
4993,hotel,Quetta Serena Hotel,67.012223133700004,30.204126940599998
4994,courthouse,Balochistan High Court,67.011109669999996,30.202909195899998
4995,park,Liaqat Park,67.010041868299993,30.199588881200000
4996,playground,Railway Carriage Factory Ground,73.015511237599995,33.628725094099998
4997,park,Male Hostel Garden,74.412480407299995,31.470403123200001
4998,pitch, ,71.439445989700005,30.180580138300002
4999,school, ,71.436379261100001,30.184007459200000
5000,school, ,74.883117035900000,36.486005815399999
5001,stadium,جناح سٹیڈیم,73.340715870899999,30.737298208700000
5002,pitch, ,74.321178092400004,35.915292148200002
5003,hospital,Civil Hospital,74.207629631299994,32.638906036800002
5004,hospital,Sardar Hospital,74.206989536099996,32.638392471099998
5005,toilet, ,73.574720150000005,32.964072700000003
5006,attraction,Rohtas Fort,73.576341825699998,32.965877655900002
5007,fort,Rohtas Fort,73.576341825699998,32.965877655900002
5008,park,CPC Park,70.607862081600004,30.013651972700000
5009,park,Madni Park,70.628225207900002,30.033434764500001
5010,graveyard,Miyan Graveyad,68.567615226900003,25.200394159599998
5011,cinema,Cinema,72.675635589099997,34.032632104500003
5012,school,APS tarbela,72.670423284099996,34.030089277599998
5013,bank,ABL,72.660460656400005,34.019701419900002
5014,bank, ,72.660863934100007,34.020378299999997
5015,bank,HBL,72.660559854699997,34.019883480099999
5016,bank,UBL,72.655713613700001,34.016083833499998
5017,restaurant,NAZ Restaurant,72.623818876000001,33.994784909499998
5018,town_hall,Naz Wedding hall,72.623486743000001,33.994428441200000
5019,mall, ,72.623115964400000,33.994354533399999
5020,bank,MCB,72.660107814000000,34.019850302000002
5021,community_centre,Wapda Officers Club,72.663983040100007,34.066682804099997
5022,convenience,Mini Market,72.653847145200004,34.071057795199998
5023,playground, ,72.656855716799996,34.072424994800002
5024,bank,ABL (Allied Bank Limited),73.094999752700005,33.493611881400000
5025,park,PARK SECTOR-B,73.107651626299997,33.499112290600003
5026,park, ,73.106723212899993,33.496486670400003
5027,golf_course, ,73.121426963700003,33.516692247400002
5028,park, ,73.097676616399994,33.498455576799998
5029,park, ,73.105216223300005,33.500025184899997
5030,playground, ,72.674165725700007,34.031917531200001
5031,car_wash, ,72.652401824899997,34.013056030900003
5032,park, ,73.110208739100003,33.496506537199998
5033,park, ,73.110118369000006,33.502743045700001
5034,park, ,73.096584237200005,33.494639813799999
5035,playground, ,73.100609688000006,33.495730900600002
5036,park, ,73.103327109800006,33.504032584699999
5037,park, ,73.098432411999994,33.502267419699997
5038,park,Safari 3 Park,73.125321293200003,33.555424508599998
5039,park, ,72.676093606799995,34.036832232599998
5040,playground, ,72.678811039699994,34.033553761999997
5041,pitch, ,72.671410128800005,34.031905152299998
5042,library, ,71.477635276000001,34.001802192400000
5043,sports_centre,Recreation Center,71.478108270299998,34.001999911600002
5044,convenience,Kiosk,71.478001324600001,34.002211514499997
5045,park,Fayyaz Park,71.191488907999997,30.073107407700000
5046,park,Noor Ladies Park,71.189586927600004,30.066962677700001
5047,park, ,71.193426938599998,30.074078839799999
5048,park, ,71.452842799999999,33.987383999999999
5049,community_centre,Swan Wedding Hall,71.441720749799998,33.971776515999998
5050,park, ,71.423690207800007,33.967438407400003
5051,park, ,71.447011243899993,33.990799129000003
5052,park, ,71.448382740599996,33.990735405899997
5053,park, ,71.451560799999996,33.988989566699999
5054,playground,Diamond Cricket Ground,73.041502435400005,33.699173352800003
5055,park, ,71.438522500000005,33.972213533300000
5056,doctors, ,71.439756515400006,33.978219915799997
5057,park,Khyber Park,71.438032854900001,33.982983396300000
5058,playground, ,71.435317974200004,33.978376605100003
5059,post_office, ,71.439777161400002,33.978422216399998
5060,school, ,74.279927589400003,32.751398782899997
5061,school,Govt  Girls High School,74.278162766899996,32.755461746999998
5062,school,Jinah School,74.282325372800003,32.752511897600002
5063,park, ,74.279030798500003,32.750227010000003
5064,school,Govt  Boys High School,74.281245817599995,32.755396850600000
5065,college,Govt College karianwala,74.265525533300007,32.756453493099997
5066,hospital,Markaz e seht karianwala,74.266526976300000,32.757785853999998
5067,police,Police Station Karianwala,74.279190662500000,32.749401043299997
5068,restaurant,Rose merrage Hall,74.278058021299998,32.746376935900003
5069,supermarket, ,74.279211304499995,32.748077136100001
5070,supermarket, ,74.281227134900007,32.748298024900002
5071,bank,Allied Bank,74.281678428299998,32.747672891000001
5072,school,Govt Girls Primary School,74.279850999100006,32.749799235499999
5073,school,Govt Boys Primary School,74.279012427200001,32.753722698799997
5074,bank,MCB,74.278505977899997,32.749674551699997
5075,school, ,74.299196776800002,32.737485487000001
5076,college,Islamia Collegiate School,71.479987040400005,34.000912765999999
5077,pitch, ,71.480670174599993,34.001357803799998
5078,pitch,Stadium,72.671126991700007,34.031261316500000
5079,attraction, ,69.945127773099998,33.833985165199998
5080,ruins, ,69.945127773099998,33.833985165199998
5081,park, ,66.984187029099999,24.854377841500000
5082,park,Zaman Park,74.353278634299997,31.550818752200001
5083,playground,LAWN A,70.631057515500004,32.968471084599997
5084,playground,LAWN B,70.630664422500004,32.968895041000003
5085,zoo, ,74.166967088099994,31.375294504300001
5086,park, ,74.180176239900007,31.375966495800000
5087,park, ,74.182614859200001,31.375836292500001
5088,stadium,Bahria Cricket Ground and Academy,74.174768941500005,31.374105758900001
5089,park, ,74.186532670299997,31.388214566500000
5090,telephone, ,74.191291581800002,31.388365640200000
5091,park, ,74.169426194500005,31.374553100100002
5092,park,Khayaban-e Quaid Park,74.247502083499995,31.492825554600000
5093,park,Aqua Fun Resort,72.702041824999995,33.752151232499997
5094,monument, ,74.173960859900006,31.375662032800001
5095,park, ,74.165802366700007,31.374332733300001
5096,park, ,74.165055427799999,31.375542986399999
5097,park, ,74.163689837999996,31.374345019600000
5098,park, ,74.173300755699998,31.370861982400001
5099,park, ,74.166216307799999,31.376557524799999
5100,park, ,74.167411799400000,31.378013298500001
5101,pharmacy,Punjab Pharmacy,74.168693133700003,31.383213563200002
5102,restaurant,Timmy's,74.168688668100003,31.383327865300000
5103,park,Safari Vilas Park and Zoo,74.194062622900006,31.387811790899999
5104,zoo,Safari Vilas Park and Zoo,74.194062622900006,31.387811790899999
5105,monument,Talwar Chowk,74.185965946300001,31.377267022500000
5106,school,Beacon House School Bahria Town Campus,74.181744625700006,31.368320588200000
5107,school, ,74.167124322800007,32.154301491500000
5108,school,Government Institute of Leather Technology,74.194408358100006,32.137157553199998
5109,park,Theme Park,74.184543046599998,31.359423096200000
5110,food_court, ,74.190746463200000,31.386966301800001
5111,cinema,Cine Gold,74.191192202799996,31.388576223299999
5112,park, ,73.094926232999995,30.304175256899999
5113,college,Akhtar Saeed Medical And Dental College,74.191129147300003,31.371968148400001
5114,university,Imerial University Bahria Town,74.170459560300003,31.398479957399999
5115,park,sector b park,70.698506441099994,33.016412074500003
5116,playground,Playground,70.700495810299998,33.018530400000003
5117,college,Govt Girls College,74.873360137999995,32.106092412099997
5118,college,elementry college,74.873542758499994,32.108222153400000
5119,park,Park1,70.700983458200000,33.020798350900002
5120,restaurant,Canteen,70.698789294199997,33.013033294400003
5121,hostel,TIPU  HOSTEL,70.698676465199995,33.009675652200002
5122,hostel,KGN,70.699372122699998,33.009510352699998
5123,hostel,GAURI,70.700028563600000,33.009354994500001
5124,park, ,72.858415062899994,29.194392330700001
5125,park, ,71.748875200000001,29.125748850000001
5126,playground,college ground,71.909412607500002,34.508659229599999
5127,park,ثانئیہ پارک,73.343458725100007,30.741918876800000
5128,track,Date Palm Walk,73.346458839099995,30.744276269200000
5129,school, ,72.843455566399996,32.927793678299999
5130,pitch,Mai Heer Stadium Jhang,72.333816166099993,31.273885617400001
5131,sports_centre,Mai heer Sports Complex,72.333125946799996,31.275741057299999
5132,hospital,Civil Hospital,72.584997297100003,35.481187663199997
5133,hotel, ,72.584210234599993,35.488655871399999
5134,hotel,Laddu Hut,72.441806137000000,35.472511072600000
5135,university,Shaheed Benazir Bhutto University,72.005011901900005,35.273655816300000
5136,park,safari park agra,71.685424071200003,34.596464314000002
5137,park, ,73.068205848100007,30.283843854200001
5138,school,Shakar Gunj High School,73.064213788499998,30.282068874400000
5139,park, ,73.066174744400001,30.282921674899999
5140,school,Govt Boys High School,73.072617953199995,30.288881290500001
5141,library,Arifwala Library,73.069842850000001,30.289105800000002
5142,school,Govt Boys Primary School,73.071014927799993,30.289546004799998
5143,school,Govt Girls primary School,73.067806815899999,30.288361803600001
5144,post_office,GPO Arifwala,73.068733600000002,30.290147200000000
5145,college,Govt Degree College for Women Arif Wala,73.074657038799998,30.294232415600000
5146,college,Govt. Boys Degree College Arifwala,73.073446926200006,30.282555101200000
5147,pitch,Hockey Ground,73.073014150000006,30.287051300000002
5148,hospital,THQ Hospital Arifwala,73.072922045200002,30.285197746900000
5149,park,Ladies Park,73.074884549999993,30.289306630300000
5150,police,Arifwala,73.073716958099993,30.292152023300002
5151,park,Lawn,71.475184976899996,34.000366690600003
5152,park, ,71.475737810799998,34.000379183500002
5153,park, ,71.476078307999998,34.000383957399997
5154,park, ,71.476399255600001,34.000388884400003
5155,park, ,71.476854148300006,34.000113547200002
5156,school,Govt. Higher Secondary School Makhdumpur Pahoran,72.049554832499993,30.452939935100002
5157,police,Police Station Makhdumpur Pahoran,72.049957459799998,30.453450628500001
5158,tower,Tower Railway Station Mpur,72.045826844299995,30.439728731199999
5159,playground,Play Ground GHSS Makhdumpur,72.050272244699997,30.452908254499999
5160,school, ,73.041706326400003,30.316084893700001
5161,fort,Miri Fortress,67.009007367400002,30.210115912399999
5162,attraction,Miri Fortress,67.009007367400002,30.210115912399999
5163,school, ,73.068748593999999,30.385996051999999
5164,school, ,73.073419296699996,30.388132660600000
5165,school, ,73.069106450199996,30.387572294500000
5166,school,F.G. Boys Degree College,67.034520655199998,30.203779885599999
5167,school,F.G. Girls Degree College,67.034763494800004,30.204293840799998
5168,school,F.G. Primary School,67.034189726299999,30.202735780000001
5169,golf_course,Quetta Golf Club,67.030588983599998,30.203601123700000
5170,graveyard, ,67.008573327099995,30.215954787099999
5171,graveyard, ,67.010731440100002,30.217234610199998
5172,school,Rosans Islamic School,74.451960182799994,31.532575445399999
5173,school,Play Ground GH School,72.124111750099999,30.487706330799998
5174,tower,PTCL Exchange and Tower,72.044735940300001,30.459848088299999
5175,car_wash,Car Wash,72.046049344200000,30.463442373300001
5176,car_wash,Car Wash,72.052791394600007,30.465601179299998
5177,cafe,Anwar shop,70.630854739000000,32.967851197599998
5178,cafe,Canteen,70.632255588700005,32.968882357399998
5179,fire_station,Rescue 1122,74.316638960600002,31.541668680800001
5180,pitch,Railway football field,68.853362293499998,27.695260370300002
5181,hostel, ,68.842882520100005,27.701655584600001
5182,school, ,68.845056966599998,27.702666959500000
5183,school,Govt Girls Primary Shool Habib Nawaz,70.870514419599999,32.953754602399997
5184,toilet,toilets,70.870580737300003,32.953561882199999
5185,park, ,71.475074279799998,33.999870859600001
5186,park, ,71.475658826000000,34.000065906700002
5187,park, ,71.477206655200007,34.000385383500003
5188,park, ,71.477811153100006,34.000734352199999
5189,park, ,71.477798376799996,34.001285419900000
5190,park, ,71.478464702599993,34.000307513700001
5191,park, ,71.476515919799994,34.000723641199997
5192,park, ,71.476390837500006,34.001223239500000
5193,park, ,71.477253391199994,34.001317105200002
5194,park, ,71.475811442500003,34.000798320100003
5195,park, ,71.475969729799999,34.000796981400001
5196,park, ,71.475741892100004,34.001445489699996
5197,park, ,71.476009217100000,34.001456655699997
5198,park, ,71.475814933500004,34.001199632099997
5199,park, ,71.477249719800000,34.002293197400000
5200,park, ,71.475152397599999,34.002135413600001
5201,park, ,71.475229564499998,34.001343553900000
5202,park, ,71.475069403500001,34.000734742500001
5203,park, ,71.477256999999994,33.999683066700001
5204,school,Govt. Girls Middle School,72.020800006399995,30.420978268900001
5205,school,Govt. High School 2/A.H,72.009610575300002,30.430976387099999
5206,school, ,71.830799307500001,34.844628965100000
5207,water_works,KDA Water Plant,67.091648335299993,24.901501473800000
5208,park, ,67.091054727599996,24.903755146799998
5209,college,Khepal Kor Foundation Ground,72.361081108099995,34.767380267400000
5210,school,Govt. Elementary School Chak 370 JB,72.704777561000000,31.110081788900001
5211,park,Askari IV Park,67.119758126600004,24.900752550600000
5212,restaurant, ,67.111477063799995,24.903121822900001
5213,college,Army Public School COD,67.121162344400005,24.891534495999998
5214,hospital,PAF Hospital,67.115930108499995,24.890195732399999
5215,college,Fazaia Degree College,67.113589620100001,24.884665922100002
5216,park,Ladies Park,67.179290240300006,24.936927709500001
5217,park,Askari Park,67.205457282400005,24.930143086000001
5218,playground, ,72.384868870600002,34.760529714299999
5219,park, ,67.333355883500005,24.872976481700000
5220,pitch, ,67.334277627899993,24.872494068599998
5221,park, ,67.333886694399993,24.867964615599998
5222,stadium,Pakistan Steel Hockey Stadium,67.335176148100004,24.874230638400000
5223,stadium,Pakistan Steel Stadium,67.334260886500005,24.872483827800000
5224,pitch, ,67.332296993200003,24.871689344400000
5225,swimming_pool, ,67.332865900000002,24.872777599999999
5226,pitch, ,67.332435418100005,24.870575067200001
5227,park, ,67.158246621399996,24.926108289999998
5228,park, ,67.156635737399995,24.926092580399999
5229,school, ,67.151039453899998,24.920330386500002
5230,school,Government Girls High School,67.122862078799997,24.882349748799999
5231,park, ,67.118903794900007,24.881168779399999
5232,water_works, ,67.347110369199996,24.811409214499999
5233,school, ,67.111921856699993,24.810287891500000
5234,school, ,67.107152815199996,24.811716618500000
5235,park, ,67.106803736399996,24.813094321299999
5236,park, ,67.111566761500001,24.823163528700000
5237,park, ,67.114375949999996,24.818874000000001
5238,park,Model Park Lucknow Housing Society,67.121885721300004,24.821871159699999
5239,park,Model Park Lunknow Society,67.121118350000003,24.823485349999999
5240,stadium,Drigh Road Union Football Stadium,67.127238301299997,24.883956562900000
5241,park,Afza Altaf Park,67.128172250000006,24.872304650000000
5242,stadium,Punjab Ground,67.141416950000007,24.884472850000002
5243,park,Nisar Hussain Shaheed Park,67.146425173400004,24.879070374099999
5244,park,Model Park,67.142455508899999,24.878246524700000
5245,playground, ,67.143033497299996,24.878369369600001
5246,park, ,67.143179502300001,24.879079092500000
5247,school, ,67.130297165700000,24.885631217200000
5248,school,White House Grammar School,67.097918002100002,24.934163892899999
5249,school,The Crescent Academy,67.097555353199994,24.934431654899999
5250,park,X-20 park,67.204020754499993,24.931468452499999
5251,pitch,Army Sports Complex,67.199304523699993,24.941422794800001
5252,pitch,Army Sports Complex,67.200187849299994,24.943422991700000
5253,park, ,67.097581848499999,24.944712700899998
5254,school,Falconhouse Grammar School,67.151730541999996,24.936401626700000
5255,school,The Seeds School,67.151841274199995,24.935723036799999
5256,park, ,66.974671391800001,24.868280465300000
5257,park, ,67.061985199999995,24.867677449999999
5258,park, ,67.062604917399995,24.867447483300001
5259,school,APWA Government Girls Secondary School,67.072036595699998,24.973812400200000
5260,police,City Police Station Shahkot,73.484056040699997,31.572655115500002
5261,veterinary,Animal Hospital Shahkot,73.484641956700003,31.572627139500000
5262,graveyard,ddbbqqpp,72.359672809499997,34.765855689799999
5263,university, ,72.357369720400001,34.755741337499998
5264,college, ,72.358171812099997,34.755053442700003
5265,park, ,72.359997514699998,34.756926696699999
5266,hospital, ,72.358891450100003,34.757841125600002
5267,hospital, ,72.359558818200000,34.761920993300002
5268,museum,ajaeb ghar,72.359322728199999,34.763846913000002
5269,museum,Butkara Stupa,72.367855912099998,34.765783673900003
5270,graveyard, ,72.720121325400001,33.776047517700000
5271,school,The Educator,72.722117543899998,33.790338977700003
5272,sports_centre, ,67.156660032299996,24.894280293900000
5273,pitch, ,67.156834784799997,24.894522288200001
5274,sports_centre, ,67.153716332599998,24.894041524100000
5275,pitch, ,67.155715313399995,24.896023807700001
5276,school,C.A.A. Model School No.2,67.155005895100004,24.896036643100000
5277,college,SAPS Aviation College,67.163183100900000,24.895417180900001
5278,pitch, ,67.157577163300004,24.889304930700000
5279,sports_centre, ,67.157391639599993,24.888491447900002
5280,park,CAA Lawn,67.156924093599997,24.887404647499999
5281,hospital,CAA Medical Centre,67.157366287200006,24.889784146800000
5282,pitch, ,67.056476841299997,24.876208674400001
5283,park,Quaid-e-Azam Park,67.332253394099993,24.861522404599999
5284,pitch, ,67.113178500000004,24.883611800000001
5285,park, ,67.136229306600001,24.876916458499998
5286,college,Khursheed Government Girls College,67.148912375799995,24.882806911700001
5287,college,Christ the King Seminary and Franciscan Friary,67.068581325899999,24.909280175199999
5288,school,the educator,72.722598487699997,33.791723286900002
5289,school, ,72.721133085800005,33.786807421699997
5290,attraction, ,72.703619265200004,33.814887940500000
5291,department_store, ,72.707077040399994,33.800776128999999
5292,restaurant, ,72.713511068800003,33.596031718600003
5293,university, ,70.632415893800001,32.967675103300003
5294,park,Akal Wala Park,72.472554421500007,30.981037859099999
5295,cafe,rajjar bazar and sweets shops,71.755185103299993,34.168436289299997
5296,university, ,71.483461161299999,34.010013618300000
5297,university, ,71.487729262599998,34.008856555100003
5298,graveyard, ,70.633153901200004,32.967668774800003
5299,pitch, ,70.632103064099994,32.967952689900002
5300,hospital,THQ lahor,72.355383737699995,34.045470106600000
5301,playground,kabal ground,72.291047253800002,34.793296154799997
5302,golf_course, ,72.287490499599997,34.798865998899998
5303,school, ,72.289499218600000,34.793160478300003
5304,college,Kabal Degree College,72.289206359999994,34.791646071800002
5305,police,kabal thana,72.287635119699999,34.792423739299998
5306,school,High School for boys kabal,72.293388211500002,34.794836518700002
5307,school,Govt High School,72.209293974999994,34.935681828100002
5308,school,Hangu Public school,70.989547708399996,33.516632381900003
5309,hospital,DHQ Hospital,70.987630143700002,33.515352310099999
5310,park,Orakzai Park,70.992172064599998,33.521197614300000
5311,swimming_pool, ,67.387034152200002,25.016799260199999
5312,swimming_pool, ,67.387533165299999,25.016617796100000
5313,swimming_pool, ,67.387406533499998,25.016807168300002
5314,park, ,67.387325625399995,25.020147796700002
5315,park, ,67.412023372999997,24.881321366700000
5316,park, ,67.424271239600003,24.878213579200001
5317,park, ,67.425128182700007,24.861510200600001
5318,park, ,67.418270546399995,24.869369273600000
5319,park, ,67.408779967100003,24.867396155700000
5320,park, ,67.421868517600004,24.864275888800002
5321,park, ,67.423909364099998,24.886790876700001
5322,park, ,67.434079038899995,24.882111981500000
5323,park, ,67.436936535800001,24.886178432500000
5324,park, ,67.430470716399995,24.897556551200001
5325,park, ,67.091745449499996,24.922803480500001
5326,park, ,67.093317605699994,24.920844402699998
5327,park,Narial Park,67.091715446600006,24.919214213499998
5328,community_centre,PIAM Garden,67.078013597300000,24.903564168500001
5329,park, ,67.093155794300003,24.923874424899999
5330,park, ,74.080238272499997,32.568564145800003
5331,park, ,74.333248007400002,31.521905515600000
5332,pitch,Fccu basket ball court,74.332404162299994,31.522856340400001
5333,hostel,West hall Fcc,74.331084788300004,31.522822151200000
5334,swimming_pool,FCCU swimingpool,74.332050735999999,31.523091364700001
5335,fire_station, ,72.356264952800004,34.753752869600000
5336,park, ,72.354117200999994,34.755866413800000
5337,hotel, ,72.358101801600000,34.752692336199999
5338,school, ,74.300935249700004,32.658036992200003
5339,park, ,73.029734842099998,33.645614956300001
5340,playground, ,73.028512398000004,33.644799041100001
5341,graveyard,Cantonement Graveyard,67.123298873500005,24.904873298199998
5342,pitch, ,73.463452152800002,34.382933714300002
5343,pitch, ,73.470497827200006,34.382654380500000
5344,pitch, ,73.464253996699995,34.353674858100000
5345,pitch, ,73.478130171999993,34.353418131200002
5346,pitch, ,73.467362077100006,34.331413350799998
5347,college,Rachna College of Engineering and Technology,74.208447579799994,32.363086618300002
5348,school, ,74.212818970499995,32.361560123799997
5349,zoo, ,71.443660388300003,33.977447616799999
5350,school,Police Public School,71.468034920099996,33.996684669099999
5351,park, ,74.004601003700003,32.637902071900001
5352,tower,mobile service tower,70.649436262699993,32.925873700300002
5353,graveyard,graveyard,70.654086250800006,32.932558761400003
5354,mall,Dolmen Mall Tariq Road,67.062682383600006,24.876848958600000
5355,school,Sir Syed Institute of Learning & Motivation Battagram,73.014412387999997,34.678066406600003
5356,archaeological,Sharada Peeth,74.190036940499994,34.792170588099999
5357,prison,Sub Jail Battagram,73.013502731399996,34.679926903300000
5358,graveyard,Shingli Bala Qabristan,72.985939446100005,34.677706439700003
5359,college,Government Girls Degree College Battagram,73.033642012800001,34.677187839399998
5360,hospital,DHQ Hospital Battagram,73.031847574799997,34.674954301600003
5361,school,Government Centennial Model High School Battagram,73.033084765900000,34.674571244600003
5362,pitch, ,72.357370717899997,34.766007128200002
5363,stadium, ,73.068881472699999,33.662592830900003
5364,water_well,Water Filtration Plant,73.075031266699995,33.670825755599999
5365,hairdresser,Image Hair Saloon,73.066085576700004,33.668166762600002
5366,pitch,Basket Ball Court I-8/2,73.067205673000004,33.669014165100002
5367,playground,Cricket,73.067435184199994,33.668623828000001
5368,school,Islamabad Post Graduate College for Men H-8 Islamabad,73.059114691700003,33.686256384000004
5369,pitch,Football stadium H-9 College,73.055875850500001,33.670368379199999
5370,police,Police Station I-9,73.063760939800005,33.660837665300001
5371,restaurant,New Stylish Restaurant,73.053886864399999,33.655669400400001
5372,restaurant,Java Hotel,73.055495371999996,33.656487659900002
5373,restaurant,Haleem Ghar,73.066342107400004,33.661607376200003
5374,restaurant,New Stylish Restaurant,73.066652918499997,33.661090581200000
5375,restaurant,Daman Hotel,70.388983775000000,32.209461122199997
5376,pitch, ,71.784963249900002,35.847870070900001
5377,playground, ,71.440579141699999,33.972515614599999
5378,park, ,71.437646333299995,33.972904933300001
5379,playground, ,71.441900376800007,33.972939463899998
5380,water_well,TubeWell,73.065994750000002,33.660929549999999
5381,sports_centre, ,70.391932761000007,32.206470610600000
5382,sports_centre, ,70.394363374799994,32.211505464699997
5383,park, ,71.802983487299997,35.920437789099999
5384,police,Police line checkpost,70.377704688600005,32.232565596400001
5385,restaurant, ,70.363536083300005,32.190914172100001
5386,restaurant,resturents,73.387057329100003,35.509792658999999
5387,hostel,gomal medical girls hostel,70.909790132300003,31.822606210299998
5388,stadium, ,70.893970833200001,31.870711330999999
5389,sports_centre, ,70.893318952399994,31.870180145199999
5390,graveyard,AWC Housing Society Grave Yard,72.726120532699994,33.854148850400001
5391,playground,Sector D Children Park,72.727064742099998,33.859607643200000
5392,playground,Football Ground,72.726557287199995,33.859912781900000
5393,park, ,72.731830230499995,33.855574792500001
5394,playground,Sector B Park,72.731771699600003,33.855917251400001
5395,playground,Landey Ground,72.989235854399993,34.672411023400002
5396,park,Ziarat Park,67.010508480200002,30.218890559599998
5397,park,Askari Park,67.005446646699994,30.223149436400000
5398,park, ,72.995511142200002,33.621575140399997
5399,greengrocer,Mandi,73.028156526299995,33.638486708400002
5400,college,Noor e Hamza College,67.130665300499999,25.025854005500001
5401,park,Khattak Market Park,71.456472438199995,33.988533105899997
5402,school, ,71.434355316099996,33.947311874199997
5403,hospital,CMH,68.608615794000002,30.359371753200001
5404,park,Bilal mosque park,67.087351146600000,24.900613823499999
5405,college,Government Inter Science College,68.569717447599999,30.160003111500000
5406,school,Government High School,68.573915882600005,30.151651737600002
5407,attraction,Shahi Hammam,74.325979219499999,31.582117323300000
5408,monument,Delhi Gate,74.326335012300007,31.582091602199998
5409,park,Baoli Bagh,74.319068765099999,31.583058101599999
5410,park,Jinnah Park,71.882827137700005,32.337953321299999
5411,hotel,Midtown hotel,72.994326475500003,33.616163976899998
5412,park,Quidabad Forrest Area,71.876843603200001,32.344289563700002
5413,park,Quidabad Forrest Park,71.877892491899999,32.344390832199998
5414,park,Family Park,73.095422535200001,33.539427969499997
5415,park,Park,73.095742013000006,33.542208821199999
5416,park,Park,73.096046874099997,33.542023441500000
5417,park,E-11/3 MPCHS Park,72.980973923099995,33.705154021500000
5418,park,F-11/2 Park,72.982714186099997,33.684929713800003
5419,playground,F-11/2 Park Playground,72.982764313100006,33.684956034499997
5420,park, ,72.984000752100002,33.699775532700002
5421,park,Multipurpose Ground F-11/2,72.981416804600002,33.681816991100000
5422,pitch, ,72.981531966500000,33.682183958000003
5423,pitch, ,72.981449799999993,33.681113250000003
5424,park, ,72.987030070100005,33.685811749899997
5425,library, ,72.986569024800005,33.685489435800001
5426,library, ,72.986786306900001,33.685376009300001
5427,park,Executive Suits Park,72.990645766599997,33.681278646099997
5428,playground, ,72.990437043200004,33.681173228500001
5429,park, ,73.003874742099995,33.685171050400001
5430,park,F-10/2 Park,72.997751256900003,33.688394770800002
5431,playground, ,72.997935048499997,33.688342450299999
5432,playground, ,72.997750926500004,33.688686989399997
5433,playground, ,72.997572032899996,33.688586302200001
5434,park,F-11 Markaz Park,72.984853044299996,33.682423685099998
5435,park, ,73.003481948499996,33.690695082500000
5436,stadium, ,73.003581546400000,33.690842922300000
5437,park,Karsaz Park,67.094518286500005,24.880820527200001
5438,park,شکرپریاں,73.090504740000000,33.690777214100002
5439,museum,Pakistan Monument Museum,73.069526234799994,33.692586497999997
5440,sports_centre,Al-Muslim Cricket Ground,72.987672861799993,33.676598143100001
5441,playground, ,72.981221700000006,33.705054050000001
5442,school, ,72.976711436800002,33.704157835799997
5443,park, ,73.013848328300000,33.694151790900001
5444,park, ,73.012912150000005,33.695348050000000
5445,playground, ,72.974100639599996,33.647733129000002
5446,park, ,72.974762218899997,33.648184884099997
5447,park,Multipurpose Sports Park,72.990659286600007,33.689266326999999
5448,shelter,Gazebo,73.086699608600000,33.735898046700001
5449,shelter,Gazebo,73.086945492799998,33.736522110700001
5450,shelter,Gazebo,73.086867646000002,33.736940484199998
5451,shelter,Gazebo,73.086610150699997,33.737330230399998
5452,park,F-5 Park,73.086842124800000,33.736373616900003
5453,park, ,73.103861835299995,33.716508204199997
5454,mall,The Centaurus Mall,73.049866600000001,33.707893650000003
5455,mall,The Centaurus Mall,73.049866600000001,33.707893650000003
5456,park,Centaurus Greens,73.049934870900003,33.707377765600000
5457,park, ,73.049416755699994,33.707099367700003
5458,park,McDonald's Park,73.020159026399995,33.692481205500002
5459,park,F-7 Markaz Park,73.061173939000000,33.722947679000001
5460,park, ,73.057666168200001,33.721217939900001
5461,zoo,First Path,73.058703179000005,33.734037551900002
5462,park,scout park,67.104626852899997,24.939393091900001
5463,park, ,67.103276340899995,24.942500371400001
5464,fountain, ,73.083319932500004,33.720047195799999
5465,fountain, ,73.083733832400000,33.720265946900000
5466,pitch,KU Cricket Ground,67.112563343600002,24.941212297100002
5467,pitch, ,67.113611151699999,24.941612860500001
5468,pitch, ,67.116962727699999,24.939288536799999
5469,pitch, ,67.106528824600005,24.935776871500000
5470,park, ,67.104554375700005,24.927088756000000
5471,pitch, ,67.104845445300001,24.926768657400000
5472,pitch, ,67.105547953499993,24.923535947500000
5473,park, ,67.112782860400003,24.924057896899999
5474,park, ,67.112570207700003,24.924631729500000
5475,park, ,73.064199506799994,33.671981076999998
5476,pitch, ,67.102962492299994,24.938559477599998
5477,park,Possibly* New Markaz Constr.,72.983188218500004,33.700717961800002
5478,restaurant,Nandara,72.986232114100005,33.699067946900001
5479,supermarket,City Super Store,72.986397900000000,33.698872999999999
5480,park, ,72.998895604099999,33.695267892700002
5481,pitch, ,72.999303484300000,33.695458636600002
5482,pitch, ,72.999195701700003,33.695606646599998
5483,pitch, ,72.999403110499998,33.695314964100000
5484,pitch, ,72.998930937300003,33.695283912199997
5485,pitch, ,72.981091343800003,33.705255206700002
5486,restaurant,Des Pardes,72.979121347499998,33.703821718299999
5487,park, ,73.650392837900000,34.906193670599997
5488,hotel,Hotel deManchi,73.650547353600004,34.906131029299999
5489,park, ,73.106750536199996,33.704905076199999
5490,pitch,Tennis Court,73.106408280599993,33.704385536799997
5491,park, ,73.105712252800004,33.705423183100002
5492,swimming_pool, ,73.105124784300003,33.705293044100003
5493,park, ,73.073942128900001,33.688715648699997
5494,cafe, ,73.073207725200007,33.688356048499998
5495,park, ,73.039182746700007,33.703896670299997
5496,park, ,72.998278692200003,33.690161400599997
5497,park, ,72.997494631699993,33.689993251700002
5498,bank,National Bank of Pakistan,74.311948991300000,31.565717640199999
5499,park, ,74.305619297700005,31.569115457399999
5500,hospital,NLC MI Room Sowan,73.108183170000004,33.543743674100000
5501,museum, ,67.010644700000000,30.209275999999999
5502,park,Teko Park Toba Tek Singh,72.481471940000006,30.968749241400001
5503,playground,Multi Footbal Ground,72.830585778699998,33.680048533200001
5504,playground,Multi Cricket Staduim,72.832145811199993,33.677942706700001
5505,graveyard,Kot Ahmadia Cemetry,68.975221499499995,25.176373575100001
5506,park, ,74.376122453999997,31.475154707000002
5507,park,Gulzar E Fatima,73.071684031999993,33.635805751800000
5508,graveyard,Badshah Gul graveyard,71.557973916600005,33.970495077499997
5509,pitch, ,67.097212694800007,24.881223523900001
5510,pitch, ,67.095775700000004,24.888074549999999
5511,park,Ladies park,67.098605355700002,24.878087410799999
5512,tower, ,69.095099450000006,25.690158950000001
5513,park, ,67.017443816799997,24.811399915900001
5514,park,Lignum Park,67.016528010000002,24.811243610599998
5515,museum,Mohatta Palace Museum,67.032663146100006,24.814274869700000
5516,monument,Do Talwar,67.034095570000005,24.821018194200001
5517,car_dealership,Shahnawaz Mercedes Benz,67.034989246899997,24.820851748500001
5518,park,Forum Park,67.037177009000004,24.826395724499999
5519,attraction,Port Grand,66.992202855200006,24.845514851600001
5520,community_centre,Creek Vista Club House,67.090198020200006,24.777624808500001
5521,pitch, ,67.056246998199995,24.795889492600001
5522,park,Family Park,67.029240198899998,24.821789419100000
5523,pitch, ,72.023587589900004,34.142237753700002
5524,pitch, ,72.026196131700004,34.142867666000001
5525,pitch, ,72.024623135499994,34.142368707099997
5526,sports_centre, ,72.024864640800004,34.142313260800002
5527,college,Government Girls College,72.036512845900006,34.193091259299997
5528,pitch,National Cricket Stadium,67.081470231599994,24.896035342099999
5529,sports_centre, ,67.078579320100005,24.894063597399999
5530,mall,Munir Mobile Mall,67.123389583900007,24.911247555900001
5531,park, ,73.069601904099997,33.638351569599998
5532,park, ,73.076586806600005,33.648511324799998
5533,convenience, ,67.058051357500005,24.859184263000000
5534,car_wash, ,67.066483250000005,24.860545649999999
5535,convenience, ,67.056958150000000,24.860260499999999
5536,convenience,Shell Select Store,67.078045349999996,24.865854299999999
5537,park,Afza Altaf Park,67.095452571600006,24.921109530999999
5538,community_centre, ,67.090793666899998,24.924757901700001
5539,community_centre, ,67.090485650000005,24.926425600000002
5540,community_centre, ,67.090367764899995,24.926558396299999
5541,park, ,67.340663445700002,24.865207173600002
5542,pitch, ,67.329432523999998,24.866391157799999
5543,park,DE Park Steel Town,67.344199577799998,24.874921610600001
5544,park,B Ground Hadid Park,67.350427170100005,24.866116606999999
5545,park,Siyal Park,67.352340817599995,24.869030243400001
5546,park,Al Hadeed Park,67.349735985199999,24.869445495899999
5547,park,Phase 1 Park,67.349727076999997,24.872463313899999
5548,park, ,67.349905297099994,24.864347509500000
5549,park,Ghousia Park Hadeed,67.359606262699998,24.869133782399999
5550,park,Indus Park,67.370095224400004,24.872798506199999
5551,park,Benazir Bhutto Park,67.356410501400006,24.872097019700000
5552,park,Shahbaz Park,67.360995000000003,24.872829200000002
5553,pitch,Country Club Cricket Ground,67.383904598699999,24.830167956699999
5554,golf_course,ASCC Golf Range,67.385103097200002,24.829993646900000
5555,park, ,67.387544031100006,24.830874924300002
5556,swimming_pool, ,67.387372567499995,24.830553024099999
5557,pitch, ,67.055725029300007,24.940831021000001
5558,park,Burhani Market Park,67.042094665600004,24.937351707800001
5559,park,Mufti Ramzan Family Park,67.043451082900006,24.940581848099999
5560,park,Gulshan e Maymar Park,67.135732226599998,25.024923219700000
5561,park,Clifton Cantonment Parl,67.036819999499997,24.831762771499999
5562,park, ,67.015230516700001,24.811729166500001
5563,park,Benazir Bhutto Park,67.021769142500006,24.820351896999998
5564,bank,HBL - IUB Baghdad Ul Jadeed Campus,71.754368614800001,29.374862789800002
5565,library,Sir Sadiq Muhammad Khan Library,71.759392089800002,29.379327636399999
5566,park, ,71.372524404200007,32.286728440200001
5567,pitch, ,67.104375262700003,24.940386655899999
5568,university,Institute Of Southeren Punjab-Main Campus,71.497980669200004,30.290907814499999
5569,park, ,73.102154617200000,33.505309630600003
5570,park,Jheel Park,67.126477033000000,25.016720015099999
5571,park, ,67.022371579300000,24.826458132199999
5572,pitch, ,67.062570662699997,24.829312990599998
5573,park,Nisar Shaeed Park,67.062061729700005,24.826801713599998
5574,fountain, ,67.035001278300001,24.798741286999999
5575,park,Bin Qasim Park - Clifton Block 3,67.024983340099993,24.809846265499999
5576,park, ,67.058136415000007,24.835661739599999
5577,pitch, ,67.056853000000004,24.835201850000001
5578,pitch, ,67.024581299999994,24.817492349999998
5579,park, ,67.024587743300003,24.817272501000001
5580,park,Hosh Mohammad Sheedi Park,67.025763518500000,24.817659691399999
5581,park, ,67.026128353299995,24.817535234699999
5582,park, ,67.025403922300001,24.817059276700000
5583,park, ,67.025878544799994,24.816924596700002
5584,park, ,67.031885185799993,24.826177342699999
5585,park, ,67.030748695599996,24.826088123100000
5586,pitch, ,73.340694007200000,30.737295195200002
5587,mall, ,67.062263804599993,24.876212911700001
5588,mall, ,67.062947370499998,24.875867579600001
5589,park, ,67.156079099999999,24.878557000000001
5590,park,Quaid Park,67.157942248599994,24.877971701500002
5591,pitch, ,67.028305300000000,24.849518549999999
5592,pitch, ,67.028458933200000,24.849587671300000
5593,pitch, ,67.028627250499994,24.849283816300002
5594,pitch, ,67.028473606399999,24.849214688400000
5595,pitch, ,67.028783000499999,24.849353616300000
5596,pitch, ,67.028614649500000,24.849657483700000
5597,swimming_pool, ,67.026439375500004,24.846276840400002
5598,pitch, ,67.026964606799993,24.846620118899999
5599,park, ,67.025782853300001,24.846556682500001
5600,pitch, ,67.026509831799999,24.847596398800000
5601,pitch, ,67.026277451499993,24.847519665400000
5602,mall,Star City Mall,67.026029222299996,24.864328275799998
5603,hostel, ,67.040665990299999,24.854113834800000
5604,pitch, ,67.031545332500002,24.848244187500001
5605,pitch, ,67.031714432499996,24.848310637499999
5606,pitch, ,67.032540100000006,24.848793550000000
5607,pitch, ,67.031581927199994,24.852527814300000
5608,pitch, ,67.031800384199997,24.852139487100001
5609,swimming_pool, ,67.032409274000003,24.852110542700000
5610,park,PAF museum,67.096085408799993,24.870432217699999
5611,park, ,67.069692164800003,24.872221829499999
5612,park,Darul Aman Family Park,67.068561042699997,24.873843136900000
5613,community_centre,Saffron Banquet Hall,67.034806628599995,24.831084117100001
5614,mall,CTC Shopping Mall,67.034893550000007,24.830848400000001
5615,mall,Metro Mall,67.034530712999995,24.832705660100000
5616,mall,Lavish Mall,67.034548349999994,24.832485899999998
5617,mall,Cliff Shopping Center,67.034487840899999,24.833000986100000
5618,mall,Gulfway Shopping Mall,67.034430767700002,24.833465188700000
5619,park, ,67.036372590699997,24.828351171500000
5620,park, ,67.040364264199994,24.827627981900001
5621,embassy,Consulate General of the United States,67.009774645400000,24.840909302299998
5622,park, ,67.073176667900000,24.900108635399999
5623,park, ,67.120264676800005,24.903088952400001
5624,monument,Char Minar Chowrangi,67.067214149999998,24.882257249999999
5625,park, ,67.067214696899995,24.882259424800001
5626,park, ,67.081923073799999,24.889145393200000
5627,park, ,67.080697207499995,24.888395263000000
5628,park, ,67.029144986299997,24.844034996900000
5629,pitch, ,67.029726400000001,24.844634050000000
5630,pitch, ,67.029584000000000,24.844563950000001
5631,pitch, ,67.029441899999995,24.844490950000001
5632,pitch, ,67.029903200000007,24.844347350000000
5633,park, ,67.302913700000005,24.836111249999998
5634,park, ,67.301133404200002,24.835152538399999
5635,park,Bagh e Behbud,67.001694099999995,24.816265566799999
5636,park, ,67.009459550000003,24.815126849999999
5637,bank,Askari Bank,73.020661724199996,33.649691607599998
5638,park,Sirj ud Daula Children Park,67.064991895899993,24.874241289000000
5639,park,Pakistan Chowk,67.012355768000006,24.854156779000000
5640,park,Burns Garden,67.017933700300006,24.852587727200000
5641,park,Maulana Muhammad Ali Jauhar Park,66.995453523999998,24.849667000699998
5642,pitch, ,67.076892200000003,24.800802300000001
5643,pitch, ,67.077036864600004,24.800697142899999
5644,pitch, ,67.077174444600004,24.800591964599999
5645,pitch, ,67.077309635399999,24.800473657100000
5646,pitch, ,67.077405188399993,24.800933514000000
5647,swimming_pool,w,67.078854596499994,24.798732735400002
5648,park, ,67.079517809400002,24.798619232699998
5649,park, ,67.223127613200006,24.908867652100000
5650,park, ,67.217057167500002,24.908659543599999
5651,park,Adda Park,67.219463700000006,24.907382049999999
5652,park,Khokharapar B Area Park,67.219462050000004,24.907106400000000
5653,park,Usman Ghani Park,67.206642158899996,24.903212153500000
5654,park, ,67.205936097500000,24.903296050300000
5655,park,Golden Ground Park,67.207513161799994,24.901496244899999
5656,park,Almustfa Park,67.209279050899994,24.902530724700000
5657,playground,Goal Ground,67.192035562599997,24.904185032800001
5658,park,Park 2,67.040852700000002,24.823010900000000
5659,park,Park 6,67.039425633299999,24.824170833299998
5660,park,Ladies Park,67.038916568600001,24.822820375100001
5661,school, ,72.699531761700001,30.536427890300001
5662,pitch, ,72.695858259700003,30.528229918899999
5663,park, ,72.698663114799999,30.531714447900001
5664,park, ,72.688654972199998,30.524313232800001
5665,park, ,67.018393900000007,24.813783050000001
5666,park, ,67.017289106199996,24.812631164399999
5667,park, ,67.018930350000005,24.814431299999999
5668,park, ,67.015421807799996,24.816249112900000
5669,park, ,67.016278817599996,24.815550152899998
5670,park, ,67.015770985299994,24.814144126100000
5671,park, ,67.018286935700004,24.812913822300001
5672,playground, ,67.013467165199998,24.813712020499999
5673,park, ,67.009712095300003,24.814376205300000
5674,park, ,67.033347819499994,24.826520075000001
5675,park,Al-Jaffer,67.028380087700000,24.825901932499999
5676,park, ,67.031867838799997,24.823737538800000
5677,park, ,67.031523790300000,24.822259082500000
5678,park, ,67.026258466700000,24.817018566700000
5679,park, ,67.026748866700004,24.817602866700000
5680,park,Hilal Park,67.054273911999999,24.802836992400000
5681,graveyard, ,71.753867317800001,29.118895996100001
5682,park,D-block Park,74.405835540599995,31.446879788099999
5683,park, ,74.406296733299996,31.448858466699999
5684,park,Khail Shaheed Park,67.031739295400001,24.830122688900001
5685,community_centre,Pakistan Red Cresent Audotorium,73.051202326199999,33.683260550100002
5686,hotel,The Legacy - British Era Cottages,73.391147798899993,33.906626901700001
5687,park,Park,68.311837833300004,25.363176033300000
5688,park,Meer Hassanabad Park,68.327901499999996,25.371079900000002
5689,park,WAPDA Colony Park,68.324489597300001,25.379694676200000
5690,pitch, ,71.555986032600003,34.008704250400001
5691,playground, ,71.576613875000007,34.014099869299997
5692,park,Public Park,68.353314437500003,25.375264172900000
5693,playground,SRTC Playground,68.335416928399994,25.380203770800001
5694,courthouse,Session Court Hyderabad,68.363512492400005,25.385781310399999
5695,school,Cricket Ground - Public School,68.341210774499999,25.373597095699999
5696,swimming_pool,Swimming Pool,68.338130991200003,25.372703114800000
5697,school,Cricket Ground No. 2 - Public School,68.339997259800001,25.372490163799998
5698,playground,Afzal Cricket Ground,68.350519746100005,25.355845589299999
5699,mall,Boulevard Mall,68.380711230800003,25.364331760399999
5700,sports_centre,Wapda Sports Club,68.325239551699994,25.378546936199999
5701,guesthouse,Wapda Guesthouse,68.326351217500005,25.377271992400001
5702,park,Giddu Park,68.320968569300007,25.371712556500000
5703,swimming_pool,Swimming Pool,68.337883641700003,25.383981961700002
5704,police,Qasimabad Police Station,68.336188989799993,25.385170833200000
5705,park,Barrage Colony Park,68.361472257299994,25.405057350600000
5706,police, ,68.373059776999995,25.410678497500001
5707,restaurant,Yasir Broast,74.168646093500001,31.384068154200001
5708,restaurant,Lighthouse Cafe,74.168652519099993,31.383939608700000
5709,hostel,Isra Girls Hostel,68.382299301900005,25.437216426599999
5710,hostel,Isra Nursing Hostel,68.381085241299999,25.434744406699998
5711,playground,Playground,68.381985639099995,25.436576519999999
5712,hostel,Isra Boys Hostel,68.381249405000005,25.436287139400001
5713,park,Cantonment Park,68.355212137699993,25.392641466899999
5714,park,Park,68.355083900599993,25.388307347400001
5715,park,Public Park,68.327659192799999,25.392844221600001
5716,graveyard, ,73.185521195999996,33.745990474300001
5717,school, ,68.342926847300006,25.403929942700000
5718,car_dealership,Toyota,68.347101583799997,25.423009154199999
5719,graveyard, ,71.468088514800002,33.982703362999999
5720,park,Eid Gah,72.997380606500002,31.319768206399999
5721,ruins, ,72.826677916500003,33.757960483600002
5722,ruins, ,72.849406379700000,33.774073352999999
5723,ruins,Sirsukh,72.848021464300004,33.772206812100002
5724,ruins, ,72.828633475900006,33.767776213300003
5725,ruins, ,72.827716475200006,33.764373409199997
5726,ruins, ,72.828900787300000,33.764321554799999
5727,ruins, ,72.830565740400004,33.750479674799998
5728,archaeological,Dharmarajika Stupa,72.842081874000002,33.744859046400002
5729,archaeological,Sirkap,72.829280667600003,33.755199788900001
5730,archaeological,Bhir Mound,72.820780018299999,33.743884452700001
5731,ruins, ,72.848052221600000,33.783549491199999
5732,police,Police Station Ramna,72.996570470199998,33.666853414800002
5733,park,G-11 Markaz Park,72.996262900000005,33.668238950000003
5734,school,F G Model School,72.998574695100004,33.664119203100000
5735,college,Islamabad Model College for Boys,72.996233924300000,33.662071511299999
5736,courthouse,Federal Courts Complex,72.996820202699993,33.659800639600000
5737,supermarket,Sunday Bazaar (Itewar Bazar),73.009389016100002,33.669563061799998
5738,park,Park & Walking Track,72.995082249999996,33.674726450000001
5739,school,International Grammar School,72.994929034199998,33.682518511799998
5740,park,Park,72.978564426500000,33.683564048100003
5741,pitch, ,74.473609600000003,31.502331349999999
5742,park,Park,73.005205747399998,33.678335273199998
5743,hospital, ,71.412108157500001,34.319481144599997
5744,college, ,71.401235441500006,34.325096625400001
5745,playground,G-9/1 Cricket Ground,73.027009049200004,33.683904334600001
5746,school,Islamabad Model School,73.034078054199995,33.691299655800002
5747,park,Ladies and Family Park,73.034538645100000,33.691600468600001
5748,school,Islamabad Model School for Boys,73.047277351999995,33.690567714799997
5749,park,M Munir Park,73.045442232900001,33.692693946799999
5750,university,Foundation University Rawalpindi Campus,73.071441140600001,33.561174552399997
5751,college,Govt College For Women Murree Road,73.080007086600006,33.647906530400000
5752,hostel,UAAR Girls Hostel,73.080072124200001,33.645854712400002
5753,university,Barani Institute of Information Technology,73.077815303199998,33.640980112100003
5754,mall,MIDWAY SHOPPING CENTRE,73.075868630200006,33.641560038900003
5755,school,IUSE School of Engineering and Management Sciences,73.074905680300006,33.640318411499997
5756,park,Al-Furqan Park,73.072805966700003,33.640945500000001
5757,sports_centre,Shalimar Club,73.075914908499996,33.637519514499999
5758,school,Jinnah Preparatory School Girls Campus,73.078951447400001,33.634653219900002
5759,mall,MIDWAY SHOPPING CENTRE,73.075868630200006,33.641560038900003
5760,community_centre,Afzal Marriage Hall,73.076558716400001,33.639401911699998
5761,college,Leadership College,73.074475851000003,33.631865576499997
5762,mall,Rawalpindi Shopping Mall,73.073083139700003,33.630884501700002
5763,police,Waris Khan Police Station,73.065022537000004,33.618250149300003
5764,wayside_shrine,Darbar Hazrat Khawaja Syed Hussain Ali Shah Bukhari,73.065839600000004,33.617592500000001
5765,mall,Mall Of Pindi,73.065701377500005,33.612586011900000
5766,park,Park,73.064490600799999,33.612006460400004
5767,school,Saint Mary Cambridge School,73.066041024499995,33.609250964600001
5768,stadium,Sialkot Hockey Stadium,74.554247094999994,32.472756191800002
5769,pitch, ,73.077648416299994,33.656722799299999
5770,graveyard, ,73.076392501000001,33.659359845200001
5771,wastewater_plant, ,73.058490879800004,33.650530932000002
5772,wastewater_plant, ,73.054734757800006,33.650750820699997
5773,park,Khadda Ground Park,73.045332290999994,33.644508832800000
5774,graveyard, ,73.055521412600001,33.649026453200001
5775,park, ,73.065395165499993,33.665119691400001
5776,graveyard, ,73.095874134200002,33.660351758899999
5777,graveyard, ,73.094708609500003,33.656141108100002
5778,graveyard, ,73.100925311799998,33.647915464199997
5779,graveyard, ,73.102659961200004,33.641915936799997
5780,college, ,72.246755136299996,34.244042281100000
5781,playground, ,74.539614881500000,32.496473844000000
5782,school,Govt Public High School,74.187183216700006,32.170141763499998
5783,school,Govt Iqbal High School,74.187308981900003,32.169232920299997
5784,cinema,Sangam Cinema,74.183578641400004,32.175554120699999
5785,police,Model Town Police Station,74.183037068499999,32.175186841200002
5786,hospital,Government Social Security Hospital,74.182516802799995,32.176384980300000
5787,cinema,Roxy Cinema,74.184102630599995,32.181666470300001
5788,cinema,Prince Cinepax,74.184142868199999,32.182127980099999
5789,park,Train Station Park,74.188135642700004,32.176683293099998
5790,college,GCT Gujranwala,74.183490513899997,32.183318231299999
5791,mall,Aleena Shopping Mall,74.176960201100002,32.198581665600003
5792,college,Technical College,74.176269566700000,32.201285206800002
5793,college,Punjab College for Women,74.195351068899996,32.171778785000001
5794,university,N.C.C.S,74.195329962100004,32.172342004599997
5795,courthouse,Civil Court,74.194725032500003,32.166266670299997
5796,police,Aroop Police Station,74.214796820499998,32.196432227800003
5797,hospital,Dr. Zafar Chaudhari & Dr. Sonia Chaudhari,74.195833091899999,32.178661785999999
5798,water_tower,WASA Water Tank,74.189508120599996,32.155047945299998
5799,police,Sabzi Mandi Police Station,74.191081589800007,32.144454626799998
5800,college,Punjab College of Science,74.193095518700005,32.131081221499997
5801,hospital,Civil Hospital,74.218139649999998,31.984171956400001
5802,school,Govt. High School,74.220126422800007,31.978514819299999
5803,police,Police Station City,74.220716754199998,31.976966099399998
5804,town_hall,Chahal Garden,74.256910842899998,31.793928697100000
5805,park,Park,74.264316674800000,31.733751183100001
5806,park, ,74.263186091700007,31.724820340099999
5807,swimming_pool, ,66.930616900000004,24.857441250000001
5808,swimming_pool, ,67.112778750000004,25.000769800000000
5809,swimming_pool, ,67.095897281500001,24.887141625999998
5810,stadium,Nawaz Sharif Cricket Complex,74.284618958600007,31.639272441100001
5811,hospital,Government Teaching Hospital Shahdara,74.284950869699998,31.638106659599998
5812,graveyard,Christian Cemetery,74.286134577200002,31.632419098700002
5813,playground,Abdul Razzaq Stadium,74.290267659899996,31.624664522300002
5814,monument,Tomb of Asif Khan,74.297482208500000,31.622529444500000
5815,park,Firdos Minar Park,74.248057760600005,31.618855356899999
5816,park,Local Park,74.268961791899997,31.613564469500002
5817,park,Jinnah Park,73.988697770300007,31.711410877399999
5818,hospital,DHQ Hospital Sheikhupura,73.978859306999993,31.711623982799999
5819,prison,Sheikhupura District Jail,73.971249941300002,31.714770680699999
5820,park,Aysha Park,73.964081665999998,31.717011825099998
5821,pitch, ,71.472543187699998,34.000211614900003
5822,hostel, ,71.484529325799997,34.006112897500003
5823,hostel,Hostel 2,71.484405980399998,34.004283468200001
5824,park, ,71.481964149999996,33.996846150000003
5825,supermarket, ,74.298295482599997,31.596982314700000
5826,wayside_shrine,Shrine Hazrat Syed Baba Sabir Shah Wali,74.308512198000003,31.587635082799999
5827,school,City District Govt Boys High School,74.300083989000001,31.579000722600000
5828,college,Government Degree College for Women,74.299120646700004,31.580021352399999
5829,school,Government Islamia High School,74.303183237100001,31.581865443200002
5830,park,Nabi Park,74.308453493200005,31.597980698600001
5831,park,Tikon Park,74.307716600000006,31.596540900000001
5832,school,MCL Boys High School QLS,74.307624769800000,31.596020530299999
5833,park,Tanki Bagh,74.307198076899994,31.594917887499999
5834,park,Delhi Gate Park,74.325438282799993,31.580174794100000
5835,hospital, ,74.327234847800000,31.584576252900000
5836,park,Firdous Park,74.295983301999996,31.573260590499999
5837,park,Chistia Park,74.299391984699994,31.568146666600001
5838,hostel, ,71.480104294100002,34.003407925899999
5839,park, ,71.480079182300003,34.003384304999997
5840,park, ,71.480998271100006,34.003412018500001
5841,hostel, ,71.481026877700003,34.003417728899997
5842,hostel, ,71.479239436900002,34.003328494800002
5843,park, ,71.479222602700005,34.003340506400001
5844,hostel,Hostel 5,71.478852793800002,34.004344554500001
5845,park, ,71.478876005800004,34.004322678299999
5846,hostel,Hostel 8,71.480758783599995,34.004369712500001
5847,park, ,71.480751546199997,34.004354071300000
5848,hostel, ,71.477287526100000,34.004334035200003
5849,park, ,71.477295150000003,34.004311649999998
5850,park, ,71.475486500000002,34.003031999999997
5851,park, ,71.476782784400001,34.003207429400000
5852,park, ,71.477566284299996,34.003046741100000
5853,park, ,71.478293436399994,34.003020154900000
5854,hostel,Chelmsford,71.476717186900004,34.001879515900001
5855,park, ,71.476746324199993,34.001878920999999
5856,park, ,71.475854512699996,34.001874529900000
5857,park, ,71.478443174899994,34.000762304799999
5858,park, ,71.479413182499997,34.000463321399998
5859,hostel,Khyber,71.480724067699995,34.002003225199999
5860,park, ,71.480739249799996,34.001989290600001
5861,hostel,Grant Hostel,71.480060551199998,34.001972035500003
5862,park, ,71.480065841100000,34.001967324600002
5863,hostel,A Q Manzil,71.479368793800006,34.001969542799998
5864,park, ,71.479379776700000,34.001964149800003
5865,hostel,Batlery,71.478654759600005,34.001924318999997
5866,park, ,71.478683425599996,34.001927084800002
5867,hospital, ,72.709912590599998,32.783227416199999
5868,park,Tauheed Park,74.300183068500004,31.476601947700001
5869,park, ,71.478014141900005,34.004296663200002
5870,playground, ,71.478683536800006,34.002587424600001
5871,pitch, ,71.484567276600004,34.001833226300000
5872,pitch, ,71.484548411199995,34.001549902900003
5873,hostel,Benizir Hostel,71.486160258900000,34.010047587300001
5874,pitch, ,71.484473160899995,34.007627643699998
5875,pitch, ,71.473905599999995,33.997549700000000
5876,school,Qurtuba Model School Peshawar,71.475121930399993,33.997706928299998
5877,hostel,Doctor's Hostel,71.487807662700007,33.997001316599999
5878,hostel,Doctor's Hostel,71.487794847900005,33.996432243599997
5879,hospital,Khyber Teaching Hospital (KTH),71.485658109799999,33.996667474399999
5880,college,Khyber College of Dentistry,71.483859100000004,33.999612550000002
5881,hostel,Jinnah Hospital Nurses Hostel,74.295295607000000,31.485930964100000
5882,hostel,AIMC Hostel,74.294798145399994,31.486846196700000
5883,hostel,JH Doctors Hostel,74.297681955499996,31.487466868199999
5884,park,Eice Muhammad Garden,74.297627161899996,31.488239079800000
5885,hostel,AIMC Hostel 3,74.296895154100000,31.488335968600001
5886,hostel,AIMC Hostel 2,74.297766735600007,31.488868662600002
5887,hostel,AIMC Hostel 1,74.298401994200006,31.488058879499999
5888,park,Park Fawara Chowk,71.671167044699999,29.390500190400001
5889,park,Rose Garden QMC,71.677659415799994,29.389948078000000
5890,hospital,Bahawal Victoria Hospital,71.682070828700006,29.389774701000000
5891,park, ,71.500881367700003,33.961726805300003
5892,pitch, ,71.480819363199998,34.022168375000000
5893,hotel,Chinar Hotel,72.358697584200002,34.771351174599999
5894,pitch,Polo Ground,73.102196545400005,33.741813401899996
5895,hostel,Ghazi Ilam Din Shaheed Hostel,73.099965917299997,33.715029071899998
5896,embassy,Embassy of Morocco,73.104378199400003,33.719152066900001
5897,embassy,Royal Thai Embassy,73.108882544799997,33.718366133099998
5898,embassy,High Commission of Malaysia,73.110997471900006,33.720370795999997
5899,embassy,Embassy of The Netherlands,73.113133067400000,33.720464651800000
5900,embassy,High Commission of Nigeria,73.104984799999997,33.724934699999999
5901,embassy,High Commission of Canada,73.108257499999993,33.726305349999997
5902,embassy,Embassy of the People's Republic of China,73.135959374400002,33.734148057200002
5903,castle,Thall Fort,70.560214271000007,33.360755396999998
5904,attraction,Thall Fort,70.560214271000007,33.360755396999998
5905,hotel,Baloch Officers Mess,67.031585587500004,24.853551090600000
5906,hotel, ,67.031519950000003,24.853501049999998
5907,park,Punjab House Park,73.087171728399994,33.743498825400003
5908,park,CDA Park,73.073514034200002,33.733891388799996
5909,park,Ammar Park,72.984050354000004,33.677623152899997
5910,park,G-11/3 Park,73.003152201000006,33.674227667300002
5911,park,Colony ground,69.011141601500000,25.536797962400001
5912,park,Park and Walking Track,73.005810564200004,33.681239167500003
5913,park,"Children Park, G-10/2",73.008630498399995,33.675150949399999
5914,wastewater_plant, ,73.009024745100007,33.674912767499997
5915,park, ,67.175490239699997,24.881675005700000
5916,community_centre, ,67.175975751099998,24.879559155100001
5917,park, ,67.175271682800002,24.879438290400000
5918,water_well, ,72.364790445500006,34.766716890500000
5919,park,Abdullah Park,67.037103792600007,24.829520035200002
5920,hostel,Punjab House,73.089632050099993,33.743177486299999
5921,park, ,67.038280911499996,24.835405159400000
5922,park,E-7 Park,73.051393208500002,33.727562167899997
5923,park,Naval Park,73.035573051300005,33.720739131899997
5924,park,Swiss Avenue F-7/4 Park,73.067153393300003,33.721260481700000
5925,ruins,Meer Garh Fort,72.621050525499996,29.174121246100000
5926,ruins,Marot Fort,72.434448446100006,29.177041018400001
5927,ruins,Din Garh Fort,71.837088831499997,28.942615755999999
5928,ruins,Khair Garh Fort,70.843504033800002,28.461472299800000
5929,ruins,Nawan Kot Fort,71.371893525100006,28.345903022500000
5930,ruins,Jaam Garh Fort,72.548196272499993,29.167866785499999
5931,ruins,Khan Garh Fort,71.717302995300003,28.367786250500000
5932,ruins,Bijnot Fort,71.682107906799999,28.089535313100001
5933,ruins,Mauj Garh Fort,72.140073997800002,29.013199940600000
5934,ruins,Islam Garh Fort,70.807924102499996,27.855121851900002
5935,library,Model Town Library,74.322491594699997,31.481968699799999
5936,swimming_pool, ,74.322709111799995,31.481530675199998
5937,pitch, ,74.323179002200007,31.481703165799999
5938,pitch, ,74.323517750600004,31.481834611400000
5939,pitch, ,74.323126731200006,31.481368744400001
5940,graveyard,Model Town Graveyard,73.141341748599999,33.536982587700003
5941,park,Tanki Ground Park,73.144362207200004,33.540134697299997
5942,college,Swat University Ground,72.358859647599999,34.765763408799998
5943,graveyard,Shahedano Baba,72.451126180800003,34.592506354400001
5944,hospital,Government Hospital Pacha Kalay,72.447834753500004,34.586375821300003
5945,pitch,Gadizi Sports Ground,72.447517317399999,34.582232794200003
5946,post_office,Pakistan Post Office - Pirbaba Brance,72.449438746300004,34.586908504299998
5947,police,Polcie Station Pirbaba,72.453582710600003,34.598663661899998
5948,school,Government Primary School Bhai Kalay,72.437020644800000,34.578542954000000
5949,bank,National Bank of Pakistan,72.461529687799995,34.505106635499999
5950,park,Shaheed Naik Mobeen Park,72.445950090799997,34.585415216299999
5951,graveyard, ,72.448419353299997,34.579494586000003
5952,graveyard, ,72.166506763200005,34.228514609900003
5953,restaurant,HamzAllah Khan Chapli Kabab,72.453717604500000,34.598877366700002
5954,bank,Habib Bank Ltd,72.452298389199996,34.595389685299999
5955,computer_shop,Oman Mobile Zone,72.451940873100000,34.595444001200001
5956,bank,Allied Bank Ltd,72.451618774200000,34.594160325300003
5957,bank,Muslim Commercial Bank,72.452247211900001,34.596925638000002
5958,graveyard, ,72.298657160900007,34.590411025199998
5959,hospital,Chak khudayar bhutta Dispensary,73.083722019000007,30.993377828500002
5960,university,Beaconhouse National University,74.216083877000003,31.364583770399999
5961,park,orchard Khudayar Bhutta,73.081513199400007,30.989613097300001
5962,fast_food,AFC,71.472851606800006,30.216082482899999
5963,food_court,Jhok Resturant,71.472299653400000,30.216469060600001
5964,restaurant,Pizza Hut,71.472218749299998,30.217230057700000
5965,food_court,Food Festival,71.505450235400005,30.209584643800000
5966,car_dealership,Pak Suzuki Motors,71.507054229800005,30.209448925899999
5967,food_court,Lasani,71.505131599999999,30.206652550000001
5968,bank,National Bank,74.449299827499999,31.116185615500001
5969,bank,Habib Bank Ltd,74.449730700000003,31.116420550000001
5970,park,Ladies Park,74.442929714700000,31.118660661000000
5971,post_office,General Post Office,74.444463749999997,31.116198600000001
5972,park,Baldia Chok Park,74.453810294299998,31.119187707599998
5973,park, ,67.059862053499998,24.873612950300000
5974,park,Ladies Park,67.059530095599996,24.874181720799999
5975,park,Kisi Bagh,74.456178738999995,31.123222647300000
5976,library,Municipal Library,74.456051206300003,31.123561180900001
5977,prison,District Jail,74.470850710899995,31.115535066200000
5978,park,D.C.O  Park,74.467162167100000,31.115029330700001
5979,bank,Bank Alfalah,74.445283299200000,31.119326409700001
5980,shoe_shop,Stylo,74.445196093099995,31.119266137200000
5981,mall,Raja Center,74.443669411599998,31.118827237800001
5982,mall, ,67.060861386400006,24.873857923100001
5983,mall, ,67.060979622299996,24.874031821900001
5984,mall, ,67.061091961000002,24.874211517300001
5985,playground,Play ground,67.017707418499995,24.885339852400001
5986,mall, ,67.061433855399997,24.874740872499999
5987,mall, ,67.061585527700004,24.874976120900001
5988,park, ,67.061358596399998,24.885973650800000
5989,toilet,Railway Station Toilets,67.054080650000003,24.913975099999998
5990,park, ,67.058296853700000,24.871126938800000
5991,bank,UBL Bank Karimabad,67.054561765700001,24.917015234499999
5992,mall, ,67.061865561299996,24.875414108800001
5993,mall, ,67.054602801700000,24.917868495099999
5994,mall, ,67.061986481000005,24.874401594100000
5995,mall, ,67.061514129299994,24.873668388599999
5996,mall, ,67.061689322399999,24.873942235700000
5997,fountain,Park Fauntain,67.059665340699993,24.919008893200001
5998,park,Karimabad Park,67.059371251000002,24.919145866800001
5999,park, ,67.059649758800006,24.919369186200001
6000,hospital,BHU Kangar,73.026570931799995,34.216073136399999
6001,park,Post Office Park,67.052378840700001,24.868581648399999
6002,park, ,67.048475862900005,24.871907382100002
6003,park,Liaquat Park,67.051525948000005,24.873498368600000
6004,park,P.E.C.H.S Block-2 Park,67.053671597000005,24.877225726700001
6005,hospital,BHU Alo,72.052489114500005,34.432549055199999
6006,mall,Mall 1,74.345884835400000,31.518598925199999
6007,mall, ,67.062634296100001,24.875549609800000
6008,police, ,67.066100441200007,24.871129816600000
6009,courthouse,High Courts,73.211810035799999,34.142302718400003
6010,sports_centre,M.E.B Sports Complex  Siddiqabad,67.061586406200007,24.921089153000000
6011,sports_centre,M.E.B Sports Complex,67.062403192900007,24.919988939500001
6012,playground,M.E.B Sports Ground,67.062326664899999,24.920529213100000
6013,restaurant, ,67.056814920999997,24.873238478400001
6014,playground, ,66.962056349999997,24.803960199999999
6015,park, ,67.050435981500002,24.866150843800000
6016,park, ,67.050105487099998,24.866097004299998
6017,school,Karachi Public School,67.071285149999994,24.861744049999999
6018,park,Public Park,67.128788451000005,24.914497890700002
6019,park,Ramsha Park,67.134609287299995,24.908186341299999
6020,park,Hill Lock Park,67.128774458699993,24.924034367000001
6021,park, ,67.062873925500000,24.821035361600000
6022,park, ,67.062318897500006,24.821538440200001
6023,park, ,67.063006740600002,24.834637004699999
6024,park,Park Ashraful Madaras,67.139071142500001,24.913340826199999
6025,park,Sector 17B Park,67.267028025299993,24.854345796299999
6026,park,Shah Latif Family Park,67.276008075500002,24.851667395400000
6027,park,Adil Tanoli Park,67.273957588299993,24.851615032500000
6028,park,Sector U Park,67.117984377900001,25.014887952599999
6029,park, ,67.116617739800006,25.016633690300001
6030,park, ,67.122264204399997,25.018637668499998
6031,park, ,67.120066538200007,25.016563677499999
6032,park,ChaaTree Park Sector V,67.120051176999993,25.018371580499998
6033,park,Family Park,67.033670323999999,24.924668536100000
6034,pitch, ,67.036891409899994,24.935481158500000
6035,park,Farooq Shaheed Park,67.025240602899999,24.915836571400000
6036,park, ,67.117627190899995,25.012461079900000
6037,park, ,67.130578829399994,25.013359765099999
6038,park, ,67.131181066699995,25.013098733300001
6039,community_centre,White Gold Lawn,67.036996276899998,24.910663466799999
6040,community_centre,Sona Lawn,67.037205545500001,24.910639231000001
6041,community_centre,Chandi Lawn,67.037420279200006,24.910627361200000
6042,park, ,67.065902440800002,24.947773715000000
6043,stadium,KCCA Cricket Ground,67.064567277999998,24.947719511199999
6044,park,Asif Katari Shaheed Park,67.057412151999998,24.948808389900002
6045,playground, ,67.134647794100005,25.016856854699999
6046,park,Park Sector T 3,67.140553763800000,25.023710250699999
6047,park,Park Sector T1,67.138085836800002,25.021591395100000
6048,park,Park Sector T 2,67.137650405100004,25.023949875700001
6049,park,Central Park Sector T,67.139193695100005,25.022529442400000
6050,park, ,67.133814575900004,25.015702279399999
6051,park, ,67.132291499999994,25.017516700000002
6052,park, ,67.132422668399997,25.016894451199999
6053,playground, ,67.134688246500005,25.014991993599999
6054,park, ,67.133763320000000,25.014860753899999
6055,park, ,67.119480636399999,25.008356558599999
6056,park,Etisun Park,67.123558551299993,25.004597251800000
6057,playground, ,67.131768076800000,25.017643070300000
6058,park, ,67.131626036499995,25.016667204000001
6059,park, ,67.137245072900001,25.018483949099998
6060,park, ,67.137179668300007,25.017604422800002
6061,park, ,67.136256511799999,25.018263449399999
6062,park, ,67.134773416900003,25.019368626700000
6063,park, ,67.134062666700004,25.019365566699999
6064,park, ,67.133880728999998,25.019832511299999
6065,park, ,67.134930828199998,25.020122005600001
6066,park,Ladies & Children Park,67.127970472300007,25.014268426299999
6067,park, ,67.125118473800001,25.014584826400000
6068,park, ,67.129573560400004,25.019794255400001
6069,playground, ,67.121837355799997,25.015142200700001
6070,playground, ,67.124302108699993,25.015352496599998
6071,post_office,Pakistan Post,67.034552488100005,24.916187036499998
6072,park,Capt Coll Sheer Khan Park,67.034061100000002,24.914392200000002
6073,park, ,67.124550566400004,25.013317061300000
6074,park,Family Park,67.124206916399999,25.012366388800000
6075,park,Park P 3,67.126755159900000,25.012130432300001
6076,park, ,67.132092215499995,24.996144591499998
6077,park, ,67.132307694600001,24.996362851400001
6078,park, ,67.132094785400000,24.996332900199999
6079,park,Faiz Ahmad Faiz Park,74.895385972699998,32.095278332800000
6080,hospital,District Headquarters Hospital,74.884739874800005,32.099353196800003
6081,park, ,67.110936212499993,24.967263112300000
6082,park, ,67.111062672499997,24.967388089300002
6083,park, ,67.110737312400005,24.967425835699999
6084,park, ,67.110870283699995,24.967557145400001
6085,park, ,67.123487407900001,25.017501744699999
6086,park, ,67.124537946199993,25.017251697500001
6087,park, ,67.125552260899994,25.018677244999999
6088,park, ,67.095004137199993,24.906552623400000
6089,park,Amir Siddiqui Family Park & Ayeza Play Land,67.074243334499997,24.903522338999998
6090,park, ,67.074860900000004,24.907929866700002
6091,park, ,67.366290573900002,24.870797642399999
6092,park, ,67.131294999999994,25.028939500000000
6093,park, ,67.131202026099999,25.028834652899999
6094,park, ,67.131388156499995,25.029040516799999
6095,park, ,67.368966907300006,24.873718057800001
6096,park, ,67.368102424400007,24.874528590800001
6097,park, ,67.366581566700006,24.875732599999999
6098,park, ,67.138407318800006,25.029130018200000
6099,pitch, ,67.144144912499996,25.037054135300000
6100,golf_course,Dreamworld Golf Course,67.139711707800004,25.036771168900000
6101,swimming_pool, ,67.143214250000000,25.035573950000000
6102,swimming_pool, ,67.143251132900005,25.036066999700001
6103,swimming_pool, ,67.141364807700000,25.035653640900001
6104,park, ,67.142529445600005,25.035276031100000
6105,sports_centre, ,67.140739550000006,25.034676600000001
6106,sports_centre, ,67.140857913900007,25.034797805800000
6107,park, ,67.140307246000006,25.034117754899999
6108,park, ,67.142893783000005,25.033324404799998
6109,park, ,67.142682172799994,25.033254898199999
6110,park, ,67.141473964699998,25.032929939500001
6111,park, ,67.141791107700001,25.033675846300000
6112,swimming_pool, ,67.140216569399996,25.033945863500001
6113,swimming_pool, ,67.141451186300003,25.032358897799998
6114,park,Family Park,67.355365600400006,24.867048575500000
6115,park, ,67.354033865100007,24.871394231699998
6116,park,Marvi Park,67.363765708499997,24.874920579099999
6117,playground,Data Football Ground,67.354539765900000,24.869273980399999
6118,playground, ,67.362020905300000,24.870465470100001
6119,park, ,67.015825513199999,24.811499211800001
6120,playground,MCC Sports Ground,67.062095012699999,25.001424270200001
6121,park,Khursheed Begum Park,67.059246309299994,25.002552401300001
6122,mall,COM3,67.020071908800006,24.816538981899999
6123,park, ,67.108102929300003,24.907747196900001
6124,pitch, ,67.080066506199998,24.993338423200001
6125,park, ,67.023938003599994,24.903249959099998
6126,park,Zeeshan Afzal Park,67.027689537100002,24.908715945499999
6127,park,Mujahid Model Park,67.031289613400006,24.904965850800000
6128,park, ,67.025644465400006,24.905882561500000
6129,park,Sunny Park,67.035054509800005,24.903430841199999
6130,park,Nazim Shaheed Park,67.034713633300001,24.908690499999999
6131,pitch,Al Farooq Ground,67.032599925699998,24.906494594100000
6132,pitch, ,71.437670866700003,33.973938099999998
6133,park, ,71.451824270399996,33.986550337300002
6134,park, ,71.455385921599998,33.989866012100002
6135,park,Aqeel Park,67.023996291800003,24.913007663599998
6136,park, ,67.022818684800001,24.914900908700002
6137,park,Shalimar Park,67.028306607800005,24.914435331699998
6138,park,Family Park - Nazimabad 3,67.028254031200007,24.915131036500000
6139,park, ,67.050728756599995,24.876020580100001
6140,playground,Usmania Ground,67.054861063199994,24.869404480000000
6141,park, ,67.083666006700000,24.870753102799998
6142,park,Khusboo Park,67.029414546599995,24.935435564900001
6143,park,China Scheme Park,74.349939148700003,31.594375140699999
6144,playground,Victory Cricket Ground,67.187221949800005,24.887191186700001
6145,park,Quaid Park,67.188855184600001,24.891515661200000
6146,park,APHA Family Park,67.117144692099998,24.920823335100000
6147,park, ,67.119114600000003,24.918561900000000
6148,park,Bilal Park,67.060208033300000,24.879247566699998
6149,sports_centre, ,67.047339649999998,24.877205400000001
6150,pitch,Abdul Razzak Tabani Sport Complex,67.046816119599995,24.877106269399999
6151,park,Eid gah Ground,67.062185630000002,24.955059269400000
6152,park, ,67.010344799999999,24.941872839799998
6153,park, ,67.004553646000005,24.944945552499998
6154,park,Arkan Ground,66.998670169799993,24.944529591399998
6155,park,Mohammadi Park,67.002608385900004,24.818509190000000
6156,supermarket,super mkt,67.031140948000001,24.903112280999999
6157,pitch, ,67.022560738999999,24.930915893700000
6158,playground, ,67.049185834599996,24.821003997199998
6159,park, ,67.053318333299998,24.827485866699998
6160,park, ,67.051551351699999,24.828588948600000
6161,park,Professors' Colony Jogging Track,74.303453328100005,31.503096920699999
6162,park,Haramain Park,67.071063949600003,24.858093850900001
6163,park, ,67.051864965600004,24.956647453599999
6164,park,Madni Masjid Park,67.059657016800003,24.880881456000001
6165,playground, ,66.990104192100006,24.977445245300000
6166,park,Kernal Park,67.052888288399998,24.885209407700000
6167,park, ,74.302330280299998,31.560773235700001
6168,park,Defence View Park,67.080395185100002,24.834499984200001
6169,park,Victoria Park,67.230199733299997,24.835701833300000
6170,playground, ,67.227369401000004,24.836156640199999
6171,playground, ,67.204537849900007,24.844511740500000
6172,playground, ,67.235619349999993,24.836107999999999
6173,park, ,66.986923850200000,24.821163032800001
6174,playground, ,67.012101608099996,24.886377675700000
6175,park,Elahi Park,67.063222049999993,24.980786500000001
6176,school,3,67.020062988700005,24.862916725200002
6177,park,Aswan Town Park,67.187480023999996,24.871222833200001
6178,park,Mustafabad Park,67.190561586900003,24.874105278999998
6179,park,Bagh e Mailr,67.188775600000000,24.875070149999999
6180,park,Triangle Park,67.186055730999996,24.878810331499999
6181,park,Thaheem Park,67.022889873099999,24.829847072200000
6182,park, ,67.094537818099994,24.899636067500001
6183,pitch, ,67.100711523599998,24.895553741400001
6184,park,AOHS Park,67.085007522500007,24.893498683800001
6185,park,Khoury Garden,67.003391805600003,24.854172233700002
6186,park,Korangi Model Family Park,67.163048921300003,24.827309003600000
6187,park,K Area Park,67.166665105199996,24.839770817700000
6188,park,Darakhshan Park,67.053502625400000,24.783011832900002
6189,park,Captain Farhan Ali Shaheed Park,67.053802036299999,24.776660316800001
6190,museum,National Museum,67.017836789300006,24.852719514600000
6191,park,Aram Bagh Park,67.013437481300002,24.856204351500001
6192,school,NJV School,67.018694746400001,24.862013041099999
6193,park,Park,67.064434266700005,24.837321766700001
6194,park,London Bridge,74.333125412499996,31.521559245300001
6195,hostel,Griswold Hall,74.335876504100000,31.521313301199999
6196,hostel,Sherazi Hall,74.332314830200005,31.523918989799999
6197,school, ,75.110985309100002,35.036326978100000
6198,university,Baqai Medical University,67.213570642299999,24.987940992100000
6199,pitch, ,67.229092059400003,25.011144140100001
6200,water_works, ,74.659195299399997,35.637451849800001
6201,park, ,74.628029192699998,35.656277652000000
6202,park, ,74.628150194400007,35.655897441599997
6203,park, ,74.627430819300002,35.655791643000001
6204,park, ,74.627766699999995,35.655712966700001
6205,park, ,74.629251153100000,35.653970984200001
6206,park, ,74.630044856699996,35.654065595600002
6207,pitch, ,74.633803298600000,35.663453604899999
6208,playground, ,74.632661460300000,35.663314427800003
6209,post_office,Post Office,75.220985311299998,35.598819090500001
6210,park,WMFCCT Park,67.059076915099993,24.914011394799999
6211,park,Abu Baker RA Park - FB Area,67.055838578700005,24.913852498899999
6212,park,Niazi Park,67.054565135700003,24.912227181100000
6213,post_office,Pakistan Post,67.069109171999997,24.862376529799999
6214,park,Amina Park,67.063496627899994,24.888572232200001
6215,park,Jinnah Ground,67.039960113099994,24.871405118900000
6216,park,Jinnah Park,67.043813432099995,24.874243905600000
6217,park,Zia Park - KAECHS,67.077908616100004,24.859975374400001
6218,park,Osama Park,67.041927000000001,24.884382450000000
6219,pitch,Hussainabad Cricket Stadium,74.830240746900003,36.679904662299997
6220,monument,Kalam Darchi Fort,74.711300588200004,36.819318923399997
6221,school,Shersabz School,74.501958342999998,36.829613373999997
6222,police,Sharifabad Police Station,67.054002701599998,24.913076189900000
6223,college,Govt. Elementary College of Education,67.058602607200001,24.912776566300000
6224,water_tower, ,67.046006620100002,24.914829788399999
6225,mall,Magnet Shopping City,67.053642347400000,24.919222818600002
6226,mall,Sohni Mobile Mall,67.053452523999994,24.919061746600001
6227,park,Hill Children Park,67.133649683599998,24.798488124300000
6228,graveyard, ,71.841662786900002,30.230927118299999
6229,graveyard, ,71.837843611500006,30.231514089699999
6230,school,Government High School Jahanian,71.819312118699997,30.036756758900001
6231,school, ,71.819464157900001,30.036736938600001
6232,police,Police Station Jahanian,71.813598548700000,30.033796321299999
6233,stadium,Jahanian Stadium,71.811377154900001,30.033572662499999
6234,park,Zubaida Ladies Park,71.815642616299996,30.041978760399999
6235,school,Government School,71.818213465300005,30.041008410700002
6236,university,Pakistan Institute of Management,67.028015622100000,24.814394936599999
6237,school,Government School,71.816498457099996,30.038170441700000
6238,college,Punjab College Jahanian,71.818206567700003,30.025246126799999
6239,hospital,Tehsil Head Quatar Hospital Jahanian,71.822162665199997,30.035612406100000
6240,clothes,Junction Garments,71.921456101000004,30.297676830600000
6241,park,Old Sabzi Mandi Park,71.919050874800007,30.297227687100001
6242,park,Park,71.916758081400005,30.290485530800002
6243,stadium,Shabbir Stadium Khanewal,71.914578368400001,30.293415901100001
6244,greengrocer,Vegetable Market,71.913417261500001,30.294876126599998
6245,graveyard,Qubristan,71.865883273199998,30.241108965300000
6246,school,Government School,71.841527575399994,30.230340242000000
6247,college,Govt. Degree College Jahanian,71.810719234399997,30.032458873700001
6248,park, ,71.817055544599995,30.041137800400001
6249,park, ,67.014868107200002,24.939857103500000
6250,park,Public Park,67.011764297799999,24.945879485500001
6251,park,Park,67.003457646300006,24.948712668999999
6252,playground,Aziz E Millat School Ground,67.001105040499993,24.951592423899999
6253,park,Model Park,66.998278642800003,24.955108054600000
6254,pitch, ,67.036042859299997,24.860231140500002
6255,pitch,Army Public School - Cricket Ground,67.038040200200001,24.860569256700000
6256,pitch,Karachi Parsi Institute - Cricket Ground,67.038236177499996,24.862458755599999
6257,pub,The Ship,66.979110942500000,24.839930563100001
6258,park, ,71.809774797800003,30.032564666599999
6259,school,Government School,71.814686629799994,30.035543792300000
6260,fountain, ,71.815628864700003,30.042008909100002
6261,college, ,71.819329389200007,30.037654839100000
6262,graveyard,Kabristan,71.826541875299995,30.036113610400001
6263,school,Government School,71.819554895799996,30.033499013499998
6264,park,Akhuwat Park Nazimabad,67.024363803100002,24.910192399500001
6265,pitch,KDA Scheme Cricket Ground,67.091729388900006,24.877181888300001
6266,playground,Springfield School - Playground,67.091041285900005,24.878040044100000
6267,pitch,NPTC Karsaz Cricket Ground,67.098605556699994,24.885926543000000
6268,pitch, ,67.096009150000000,24.881442799999999
6269,pitch, ,67.096219050000002,24.881442799999999
6270,graveyard,War Cemetery,67.091123790300003,24.894561023700000
6271,pitch, ,67.093446913199998,24.887578790799999
6272,pitch, ,67.092876747199995,24.883121075599998
6273,playground, ,67.061316270600003,24.825712670800002
6274,graveyard,qabristan,74.365482203400006,35.911043831699999
6275,pitch, ,67.113116086999995,24.941821460200000
6276,pitch, ,67.113407742800007,24.941952318399998
6277,track, ,67.117396018400001,24.935371882199998
6278,park, ,67.024486405999994,24.903511344900000
6279,park,Al Noor Park Block F,67.043830235000001,24.930774892999999
6280,convenience,Askari IV Market (also known as Askari 4 Market),67.120454850900003,24.900811031200000
6281,pitch, ,67.046346040499998,24.841318368200000
6282,park,Rani Bagh Ladies Park,67.049059439499999,24.936568490799999
6283,playground,Little Folk Paradise School Ground,67.043109646700003,24.931161896199999
6284,pitch, ,67.049917696300000,24.931553518899999
6285,playground, ,67.057410183200005,24.850490944699999
6286,park,Laal Qila Ground - FB Area,67.067216799999997,24.919569299999999
6287,pitch, ,67.021050407700002,24.852110464100001
6288,pitch, ,67.020919599999999,24.851998949999999
6289,museum,Quaid-e-Azam House,67.032842329600001,24.851162751600000
6290,park, ,61.548702554099997,28.977218602200001
6291,park, ,61.549042438400001,28.977861167000000
6292,park, ,61.548589045400000,28.976690228799999
6293,park, ,61.548736387700004,28.977567067999999
6294,park, ,61.548695260300001,28.977034443499999
6295,park, ,61.548668914700002,28.977958126499999
6296,park, ,61.548123475600001,28.977148692200000
6297,park, ,61.547961907999998,28.976904933099998
6298,pitch, ,67.110171237100005,24.927965804599999
6299,pitch, ,67.052142579600002,24.878105410100002
6300,pitch, ,67.052480751600001,24.879791931800000
6301,track, ,67.052856304599999,24.880197726100000
6302,swimming_pool,KMC Swimming pool,67.054577251300003,24.882556268100000
6303,pitch, ,67.053559816700002,24.881272233299999
6304,pitch,Muslim Brothers Football Ground - Korangi,67.169470520700003,24.841491362100001
6305,pitch, ,67.179367958300006,24.843649244000002
6306,park,Iqbal Park - Landhi,67.195874821700002,24.840907476000002
6307,pitch, ,67.197972379299998,24.841284235500002
6308,pitch, ,67.198055516599993,24.840969862700000
6309,sports_centre,KMC Landhi Swimming Pool,67.197468951399998,24.840561640000001
6310,pitch, ,67.177801677700003,24.833726743000000
6311,pitch, ,67.043147894800001,24.912152953000000
6312,pitch,Dalmia Football Ground,67.100374829499998,24.904068490099998
6313,golf_course, ,73.269855232400005,33.777686804399998
6314,golf_course, ,73.274314797800002,33.780863408999998
6315,golf_course,Sheraton Golf & Country Club,73.278086269900001,33.782932732699997
6316,park,Ayesha Park,67.043477882399998,24.947296041800001
6317,graveyard,Qayyumabad Cemetery,67.082728779299998,24.827557132900001
6318,pitch, ,67.043068649999995,24.858574749999999
6319,pitch, ,67.043228082799999,24.858635986399999
6320,community_centre,PPMA Lawn,67.075527660999995,24.937866245799999
6321,community_centre,Rehana Palace,67.078358133699993,24.939396471300000
6322,hospital,Mamji Hospital,67.077870820499996,24.938984260100000
6323,park,Afza Altaf Park,67.035013200700007,24.867143110699999
6324,park,Hassa Singh Park,67.039700743699996,24.879362874400002
6325,playground, ,67.052387350999993,24.878734604800002
6326,pitch, ,67.175530986699997,24.888837780900001
6327,bank,HBL,71.813486306300007,30.038527641500000
6328,school,Government School,71.863605203999995,30.241529829400001
6329,school,Government School,71.840410951300001,30.231480988600001
6330,graveyard, ,71.928479171600003,30.232497880000000
6331,graveyard, ,71.880761932400006,30.234673208200000
6332,park, ,74.188890194400003,31.380822120700000
6333,school,Government School,71.812905024599999,30.031469855899999
6334,school,Government School,71.817893323800007,30.033212645500001
6335,monument, ,71.822975208599999,30.035119336000001
6336,school,Government School,71.875328733200007,30.077263537899999
6337,park,Nursary Park - Liaquatabad,67.051028673600001,24.902284957799999
6338,playground, ,67.050416045199995,24.901658364300001
6339,pitch, ,67.042674696800006,24.907151749600001
6340,park,Tanveer Shaheed Park - Nazimabad Block 5,67.022732358599995,24.923202965700000
6341,park,Al Azhar Park - Nazimabad Block 5,67.023490691399999,24.921281829200002
6342,park,Ghosia Park - Paposh Nagar,67.022919970199993,24.920423178299998
6343,park,Triangle Park - Nazimabad Block 5D,67.025728299999997,24.920015366700000
6344,park,Nazimabad Block 5B Park,67.024311392800001,24.924761303099999
6345,park,Ibn e Insha Park - Nazimabad 5,67.025516378099994,24.926603209100001
6346,pitch,Jinnah College Ground - Nazimabad 5,67.027980947299994,24.924908358500002
6347,park,Bilal Park - Nazimabad 1,67.026122098700000,24.912226571000001
6348,park,Links Park,67.030149862200005,24.917570537400000
6349,hospital,General Hospital,73.913599671399993,34.587512356399998
6350,college,Government Degree College,73.910784527000004,34.588922314199998
6351,school,Government School,71.913442375399995,30.110008061799999
6352,school,Government School,71.871407930999993,30.067642903199999
6353,pitch, ,67.004957220799994,24.850936060700000
6354,courthouse,Jinnah Courts,67.021114359199998,24.848645771099999
6355,pitch, ,67.026847915800005,24.849779698900001
6356,graveyard,Kabristan,72.200901182799996,30.209181979600000
6357,pitch,Courts,73.268531825099998,33.655265443200001
6358,monument, ,71.527441442300002,30.173130679400000
6359,stadium,Multan International Cricket Stadium,71.524772380399995,30.170759836300000
6360,monument, ,71.529821254300003,30.173215603300001
6361,monument, ,71.528858026600005,30.170545659300000
6362,graveyard,Kabristan,71.902775580500006,30.052975144500000
6363,graveyard,Kabristan,71.927657423599996,30.038291441700000
6364,park,Florence Family Park - Block A,67.028743553300004,24.931368410299999
6365,pitch, ,67.028747500899996,24.928371936600001
6366,pitch, ,67.031191945200007,24.937036263000000
6367,park,Fatima Surayya Bajia Family Park,67.117306704800001,24.929296404399999
6368,golf_course,Acacia Golf Course - Malir,67.181702457699998,24.917965688500001
6369,track, ,67.164394961100001,24.932830903300001
6370,park,Ixora Park - Malir Cantt,67.185400792199999,24.933245825200000
6371,park, ,67.183017459499993,24.933734592400000
6372,pitch, ,67.181123386799996,24.940333229000000
6373,pitch, ,67.181078749999998,24.940162550000000
6374,pitch, ,67.180864449400005,24.940297041299999
6375,monument, ,71.917231622599999,30.296979521200001
6376,monument, ,71.931211344299996,30.305896556800000
6377,monument, ,71.922789626500006,30.302646019099999
6378,graveyard,Kabristan,71.913409413599993,30.321496755100000
6379,park, ,74.200950501600005,31.454803026400000
6380,pitch, ,67.035685698799995,24.923850882400000
6381,playground, ,67.048894798099994,24.946804782200001
6382,park,Family Park - North Nazimabad Block M,67.052909090699998,24.948068395100002
6383,graveyard, ,71.842408914200007,30.128658757699998
6384,school,Government School,71.866782907699999,30.245398388000002
6385,attraction,Lal Suhanra National Park,72.048509629400002,29.314497399400000
6386,pitch, ,67.198913550800000,24.923791930200000
6387,pitch, ,67.201920579599999,24.925260507499999
6388,monument, ,71.885977905399997,29.981388547700000
6389,graveyard, ,71.861960386600003,29.950558022999999
6390,restaurant,DHA Dhaba,74.420062727200005,31.495577700500000
6391,pitch, ,67.090795809400007,24.911992962900001
6392,restaurant,Angaray Bar B Que,74.420578257100004,31.496382820600001
6393,park, ,74.423512272799996,31.496270697100002
6394,graveyard,Kabristan,71.803668082000002,30.029321813300001
6395,school,Government School,71.921804599200001,30.085508236999999
6396,graveyard, ,71.857450818600000,30.113888982799999
6397,pitch,KESC Colony Cricket Ground,67.357604868999999,24.868016812499999
6398,restaurant,Shehanshah Takeaway,74.420497687400001,31.497827707300001
6399,cafe,Iceland Juice & Dry Fruits,74.420986503699993,31.497709497700001
6400,car_dealership,Honda Point,74.417989781700001,31.493226831800001
6401,park,NETSOL Front Lawn,74.422293560699998,31.497065938700000
6402,park,NETSOL Back Lawn,74.421566337000002,31.496320371100001
6403,park,Seaview park,67.036896565500001,24.796899450200002
6404,graveyard,Memon Goth Qabrastan,67.257169098999995,24.927626002000000
6405,pitch, ,67.217972870599993,24.948018841900002
6406,pitch, ,67.218129603999998,24.948020775400000
6407,school,Green Shield School,67.048716632799994,24.959660818400000
6408,graveyard,Salaha Muhammad Goth Qabarstan,67.247404438299995,24.865104722000002
6409,graveyard,Quaidabad Qabristan,67.214220657499993,24.857125182000001
6410,pitch, ,67.052690866600003,24.879862682300001
6411,pitch, ,67.052868568099996,24.880180664200001
6412,pitch, ,67.053046331900006,24.880525435799999
6413,stadium,DHA Wild Bears Rugby Stadium,74.396740953000005,31.483435365900000
6414,graveyard,قبرستان,71.872529231000001,29.981165588900001
6415,graveyard,قبرستان,71.875832897400002,29.979947284900000
6416,graveyard,قبرستان,71.872743672499993,29.967973235700001
6417,guesthouse,Home Aman,67.048031359299998,24.935814965100001
6418,school, ,71.815523635100007,30.040409589300001
6419,archaeological,Harappa,72.865111185299995,30.628871098200001
6420,community_centre,Lotus Marquee,74.418157466099998,31.494831150700001
6421,bank,Soneri Bank,74.417715295600004,31.494215984400000
6422,mall,Usman SHopping Mall,74.421577299999996,31.493290500000001
6423,restaurant,"Chef.S.Food, Resturant and Catering",74.422430349999999,31.492562150000001
6424,clothes,Ahmed Fabrics,74.418959599999994,31.494929750000001
6425,playground,Battlefield Paintball,74.418365673400004,31.492558223800000
6426,shoe_shop,Elegant Shoes,74.417349887300006,31.492714635199999
6427,supermarket,Four Brothers Cash & Carry,74.420923986999995,31.493018776200000
6428,pitch, ,74.421286350000003,31.490993750000001
6429,shoe_shop,Bata Shoes,74.417254537100007,31.492519426000001
6430,restaurant,Pranzo Cena,74.416892884399999,31.492201248499999
6431,nightclub,Club Volley,74.417067074399995,31.492318182700000
6432,department_store,Fazli Super Store,74.415976001299995,31.491248111699999
6433,department_store,Sohail General Store,74.415787482300004,31.491084937099998
6434,police,Police Post Nadir Abad South Cantt,74.416190031699998,31.490654893100000
6435,department_store,Moon Value Glass,74.416558199999997,31.490914449999998
6436,doityourself,Pak Asia Sanitary And Hardware Store,74.414996599999995,31.490242200000001
6437,pharmacy,Shaukat Khanum Laboratory Collection Centre,74.413019966500002,31.488222746999998
6438,pharmacy,Rasheed pharmacy,74.412768842099993,31.487939260299999
6439,theatre,Shalimar Theatre,74.418903200000003,31.485677450000001
6440,bank,Bank Al Habib,74.415271716099994,31.491225212700002
6441,hotel,Grand Enclave Hotel,74.406419778499995,31.503642454300000
6442,hotel, ,74.418773700000003,31.496487250000001
6443,bank,Askari Bank,74.416579749999997,31.535649950000000
6444,bank,Habib Bank,74.416766103499995,31.535645191499999
6445,bank,Faysal Bank,74.367336899999998,31.501765349999999
6446,bank,JS Bank,74.367222744399996,31.501766295800000
6447,hotel,"Grand Hotel, Lahore",74.430793842100002,31.491436030300001
6448,bank,Habib Bank Limited,74.366076505300001,31.501816786599999
6449,restaurant,Students Cafe,74.416465033600005,31.485696142599998
6450,pharmacy,Rafique Sons Pharmacy,74.416164182499998,31.485760201800002
6451,shoe_shop,Bata Shoes,74.412649383800002,31.487133768800000
6452,supermarket,Utility Store,67.064404350000004,24.946204999999999
6453,pitch, ,62.285044204000002,25.224052739400001
6454,stadium, ,62.285030004299998,25.224059404199998
6455,restaurant,Canteen,67.048870951200001,24.937491502299999
6456,park,Mini Zoo,67.048152255900007,24.937153593800002
6457,playground, ,67.085024419199996,24.901231243100000
6458,pitch, ,62.325581385699998,25.113299625300002
6459,stadium,Mir Ghus Bakhsh FootBall Stadium,62.325568367499997,25.113301331300001
6460,pitch,Cricket Ground,62.322886224599998,25.110922520900001
6461,memorial, ,62.280891603199997,25.236260774500000
6462,park,Mini Market Park,74.351330537600006,31.520917279100001
6463,pitch, ,74.412162795900002,31.545696975500000
6464,pitch, ,74.412327270399999,31.545692858599999
6465,pitch, ,74.412146674499994,31.545299833100000
6466,pitch, ,74.412317599999994,31.545299849999999
6467,pitch, ,74.412146500000006,31.543125900000000
6468,pitch,Taimooria Football Ground - Shah Faisal,67.126935765900001,24.873840541300002
6469,park,Shah Faisal Block 5 Park,67.134528912799993,24.875623953700000
6470,park, ,74.428234833299996,31.466984799999999
6471,supermarket,Hafiz Super Store,74.407592599699996,31.474077914199999
6472,restaurant,The Shack,74.407657900000004,31.474009150000001
6473,restaurant,The Grill,74.407672499100002,31.473853416899999
6474,college,DPS Playground,74.403093499999997,31.475918050000001
6475,cinema,DHA Cenima,74.404208835899993,31.475608212699999
6476,park, ,74.408438379000003,31.478028268500001
6477,park,V Park,74.412293654600006,31.478111035900000
6478,park, ,74.407095850000005,31.481922650000001
6479,park,Tank Park Q block no 2,74.408749115199996,31.481431505700002
6480,park,Q Park,74.410306954299998,31.481239533600000
6481,bank,Meezan Bank,74.408067212399999,31.483972464400001
6482,bank,MCB,74.362559914299993,31.501873815000000
6483,supermarket,The Organic Shop,74.408336681500003,31.484345413800000
6484,fast_food,Potato Den,74.408614545099994,31.484549885400000
6485,community_centre,Celebration marquee,74.428232420000001,31.472489847599999
6486,mall,Divine One,74.409552662400003,31.485215959200001
6487,bank,Silk Bank,74.365397287799993,31.501827079600002
6488,bank,SIEC,74.364288088199999,31.501866019300000
6489,bank,Askari Bank,74.365096479200005,31.501840586000000
6490,community_centre,AL-REHMAN Event Complex,74.430166338600003,31.469862754299999
6491,dentist,Cavalry Dental Clinic,74.361854524699993,31.501979310700001
6492,bank,Al Baraka Bank Cavalry Ground,74.365850820099993,31.501818954099999
6493,park, ,74.422875022200003,31.462370532900000
6494,park, ,74.424939901900004,31.465430880100001
6495,park, ,74.423031333300003,31.463747699999999
6496,park, ,72.980060467499996,33.683668566300000
6497,park, ,74.421135109999994,31.467637659699999
6498,park, ,74.420356852899999,31.467637057099999
6499,park, ,74.423194531700005,31.469394040600001
6500,bank,Meezan Bank,67.055551399999999,24.827485500000002
6501,pitch, ,72.529129750999999,29.692407765399999
6502,stadium,Cricket Ground,72.529128098000001,29.692397636599999
6503,graveyard,Rahatabad Qabristan,71.493643480499998,34.022282354900000
6504,restaurant,Brio Burger & Pizza,74.411895500000000,31.480624150000001
6505,restaurant,Shah Farooq Nazir Restaurant,74.410877150000005,31.483696649999999
6506,bank,MCB Bank,74.403742904799998,31.474164783100001
6507,mall,Amanah Mall,74.315789001400006,31.467027510600001
6508,park, ,74.422729614900007,31.471087551299998
6509,park, ,74.420715382400005,31.470388279200002
6510,bank,JS Bank,74.403828200000007,31.474228350000001
6511,bank,Bank Alfalah,74.404118999999994,31.474457850000000
6512,restaurant,New Yorker Pizza,74.401687650000000,31.473629450000001
6513,restaurant,Cold Stone DHA,74.401571050000001,31.473877900000002
6514,park, ,74.401802834400002,31.474614609300001
6515,park,Shaheen Park - Bahadurabad,67.067073206399996,24.883615827400000
6516,park, ,67.070281233499998,24.926687946200001
6517,playground,Sangum Ground,67.071379150499993,24.925352996899999
6518,pitch, ,68.265487220899999,25.416373219099999
6519,pitch, ,68.267242630599995,25.417264240700000
6520,graveyard, ,68.352026475800002,25.407748596099999
6521,park, ,68.364036762699996,25.410941534799999
6522,restaurant,Choco Palace,74.400964458800004,31.474440674800000
6523,park, ,74.395102373900002,31.470905739799999
6524,park,S Block Park,74.392989600000007,31.471185949999999
6525,supermarket,Tayyeba Super Store,74.421799676000006,31.482813863299999
6526,bakery,Luqman Sweets and Bakers Store,74.420440583800001,31.483289628600001
6527,stationery,Attari Stationers,74.421293550000001,31.485191050000001
6528,car_dealership, ,74.418698894000002,31.495728432700002
6529,park, ,74.394582566599993,31.469654495600000
6530,community_centre,Millennium Marquee,74.409187290000006,31.485991290299999
6531,restaurant,Belgian Fries,74.403213025599996,31.474548857500000
6532,park, ,74.403652652100007,31.474521496099999
6533,restaurant,MARO Tandoors,74.402326682199998,31.474585984800001
6534,park, ,74.371442788899998,31.502018721199999
6535,cafe,Kitchen Cuisine,74.373985849999997,31.501558249999999
6536,park,P Block Park,74.403709899999996,31.487737200000002
6537,park,Sector J Park,74.413821857000002,31.460214732800001
6538,food_court,Shawarma Hot Spot,74.366714052399999,31.499174132899999
6539,park,M-Block Park,74.400317816699996,31.483771799900001
6540,bank,The Bank of Punjab,74.395726100000005,31.483505200000000
6541,park,Eid Gah Park Bostan e Rafi,67.180302790200003,24.874589217299999
6542,community_centre,The Defence Club,74.392216284000000,31.477857181400001
6543,park,Park,74.390990951199996,31.480387031500001
6544,police,Defence Police Station,74.394006899999994,31.474038700000001
6545,fire_station,Rescue 1122,74.392405299999993,31.472738549999999
6546,bakery,Gourmet Bakers & Sweets,74.366163639999996,31.501301180900001
6547,bakery,Shezan Bakers & Confectioners,74.366281532100004,31.501295876499999
6548,bank,Faisal Bank Barkat,74.366849236299998,31.501246702300001
6549,bank,Dubai Islamic Bank,74.366961635799996,31.501277723499999
6550,bank,Soneri Bank,74.367101369899999,31.501303610600001
6551,bank,Bank Of Punjab,74.365874123799998,31.501308062200000
6552,hotel,Express Hotel Lahore,74.361518901099998,31.501431086299998
6553,hotel,British Hotel,74.362730366500003,31.501390230500000
6554,bank,Standard Chartered Bank,74.363527461800004,31.501380963500001
6555,hotel, ,74.364003714099994,31.501364661600000
6556,bank,Allied Bank Limited,74.364339982399997,31.501351965000001
6557,restaurant,Libas-e-Khas,74.364625304200004,31.501346642900000
6558,park,Nashtar Park - Model Town,67.196729771400001,24.906399576300000
6559,park, ,74.429843769599998,31.448826994899999
6560,park,Askari Park,74.432093389599999,31.448001212800001
6561,travel_agent,MECSOL,74.395997754000007,31.483262460500001
6562,department_store,Al-Fatah Store,74.396253915399996,31.483007247300002
6563,playground,Model Playground,67.187843920399999,24.898655887800000
6564,park,Saudia Park,67.194934538400005,24.897636928200001
6565,clothes,ENGINE,74.396337858099997,31.482932541000000
6566,restaurant,Cravea,74.396549816299995,31.482712038199999
6567,playground,RCD Ground - Model Colony,67.196374854200002,24.900378361000001
6568,pitch, ,68.353141082299999,25.392651257299999
6569,pitch, ,68.355591799999999,25.391042450000000
6570,swimming_pool, ,68.358205616800007,25.390087700199999
6571,swimming_pool, ,68.357937250000006,25.390465450000001
6572,theatre, ,68.356804326499997,25.392784095000000
6573,park, ,68.357138095300002,25.391553329099999
6574,park,Eiffel Tower park,74.184727581499999,31.355741496200000
6575,park, ,74.184615320999995,31.390079246500001
6576,restaurant,OPTP,74.402323308500002,31.474372124500000
6577,shoe_shop,Hush Puppies,74.395973585700006,31.482723201100001
6578,sports_shop,Apollo Sports,74.395853347400006,31.482630505500001
6579,bakery,Gourmet Bakery,74.395792334800007,31.482688753500000
6580,restaurant,Kababjees,74.395659814599995,31.482811887000000
6581,restaurant,Premiere Restaurant & Event Hall,74.395591326599998,31.482880148400000
6582,bakery,Bread & Beyond,74.395400199999997,31.483277000000001
6583,park,Children Park Alfalah Town,74.418800849999997,31.481438050000001
6584,park,Children Park,74.421072541399994,31.480223330099999
6585,bookshop,Kitabistan Book Store,74.395648343199994,31.483034467700001
6586,cafe,The Hot Spot Cafe,74.401584400000004,31.474184600000001
6587,bank,alBaraka Bank,74.400491075199994,31.475243918000000
6588,bank,Allied Bank,74.400549044900004,31.475183588800000
6589,bank,UBL Bank,74.400676899999993,31.475062800000000
6590,guesthouse,Fatima Group Guest House,74.397880087000004,31.472800576499999
6591,supermarket,National Super Store,74.391170376399998,31.471020931200002
6592,restaurant,Pizza Town,74.390374899999998,31.470265049999998
6593,restaurant,Holy Smoke,74.390598295900006,31.470131616500002
6594,restaurant,The New York Gyro,74.395849388100004,31.482839009599999
6595,park,EE Park,74.389663799999994,31.466817100000000
6596,restaurant,Haleem Campus,74.389711769300007,31.469793010499998
6597,restaurant,Italian Pizza Lahore,74.415811000000005,31.478815749999999
6598,park, ,74.385819730300000,31.468324744499999
6599,mall,Gold Crest Shopping Mall and Residency,74.381946945899998,31.466540219100001
6600,restaurant,Tandoor Restaurant,74.395997424000001,31.482048247600002
6601,restaurant,Fazal-E-Haq Dera Restaurant,74.395840038399996,31.482179583800001
6602,restaurant,What'a Paratha,74.395653723699994,31.482366975100000
6603,restaurant,Ravi Family Restaurant,74.395529476899995,31.482484202999999
6604,restaurant,Cock and Bull,74.395916566500006,31.481987352800001
6605,park, ,74.381756333300004,31.461881266700001
6606,park,Askari Park,74.380162843600004,31.465333919399999
6607,restaurant,Frooty Bar,74.379166949799995,31.466237163300001
6608,restaurant,Johnny & Jugnu DHA,74.379242980900003,31.466262242399999
6609,park,Corner Park,74.378245533300003,31.462692666700001
6610,park,BB Park,74.375182109899995,31.462584242300000
6611,park,AA Park,74.371158850000000,31.461719649999999
6612,park,AA Park,74.371698166700000,31.460942633300000
6613,park,AA Mini Park,74.367889166699996,31.458726733300001
6614,park,C Block Park,74.373066050299997,31.456503972600000
6615,restaurant,Raffy Caterers & BBQ,74.374490866399995,31.457776598799999
6616,department_store,Alflah Mart,74.395757958800004,31.482136549800000
6617,fast_food,Italian Express,74.395664438500006,31.482230409400000
6618,fast_food,Nama Burger,74.395628099999996,31.482264749999999
6619,chemist,Moon Medical Store,74.395595223900003,31.482296116800001
6620,park,B Block Park,74.375324761800002,31.458596764799999
6621,park, ,74.377346799300000,31.460966966600001
6622,bakery,Allied Bakers,74.374660144900005,31.458499085000000
6623,restaurant,The Pizza Company,74.374557100000004,31.458346649999999
6624,restaurant,Sauce Up,74.368176266700004,31.455621600200001
6625,park,E Block Park,74.371701150000007,31.459060149999999
6626,pharmacy,Trust Medical Store,74.395059494099996,31.482559469600002
6627,sports_shop,Sports One International,74.394994861699999,31.482620810499998
6628,town_hall,Shadi halll,74.415436433099998,31.480505454700001
6629,clothes,Bella Kids,74.394331500000007,31.482505199999999
6630,optician,Nain Care,74.394480500000000,31.482617550000001
6631,pharmacy,Pakistan Pharmacy,74.394793849999999,31.482855550000000
6632,computer_shop,WiseTech Computer,74.394861205200002,31.482907415000000
6633,chalet,Jamal Khan Cottage,74.417419499999994,31.482195500000000
6634,pharmacy,Hafiz Medicle and General Store,74.413234799999998,31.477886600000001
6635,optician,Glass Hut,74.394260500000001,31.482865550000000
6636,clothes,Kids Planet,74.394332181999999,31.482922057600000
6637,department_store,Europa Store,74.394480553299999,31.483035214200001
6638,pharmacy,CSH Pharma,74.394553053300001,31.483089065900000
6639,town_hall,Crystal Palace Marriage Hall,74.420399254200007,31.482461486999998
6640,pharmacy,Anjum medical store,74.420229316000004,31.483163159299998
6641,bank,Bank Islami,74.395021700000001,31.483456250000000
6642,travel_agent,Falcon Education & Consultancy Services Pvt. Ltd,74.395088341000005,31.483505987200001
6643,clothes,My Choice,74.395246498600002,31.483618360000001
6644,shoe_shop,Reef Land Collection,74.395319349999994,31.483673400000001
6645,fast_food,Kings & Queens Pizza Parlour,74.395467729499998,31.483779779700001
6646,computer_shop,iStore,74.395614315499998,31.483887855599999
6647,park, ,74.415426208400007,31.465284410599999
6648,clothes,Adorable Fabrics,74.394912611500004,31.483563801199999
6649,clothes,Al Saleem Silk Center,74.394846899800001,31.483514927500000
6650,park,The Centaurus Park,73.052819294800003,33.709358857300003
6651,park, ,73.046545132700004,33.708057994100002
6652,park, ,72.981201595300007,33.702146149800001
6653,park, ,72.999428341599994,33.695667082200004
6654,pitch, ,67.088672498500003,24.863110733799999
6655,library, ,73.025922079500006,33.696525116499998
6656,museum,Noor Mahal palace,71.668051777100004,29.379374824100001
6657,pitch, ,71.670042549399994,29.379495863199999
6658,park,DHA Phave V Sector H Park,74.403394509300000,31.460152381299999
6659,park,DHA Phase V Sector L Football Ground,74.400815526800002,31.461611546899999
6660,restaurant,Al-Minaal Arabian Cafe,74.393878962000002,31.483366123700002
6661,fast_food,Pizza Time,74.393808552500005,31.483310887900000
6662,veterinary,Zia Veterinary Clinic,74.394313285199999,31.483694220499999
6663,restaurant,Al-Noor Restaurant,74.394419816099997,31.483588303900000
6664,clothes,Twinkle Collections,74.394204250000001,31.483410400000000
6665,clothes,Brandz Hub,74.394058500000000,31.483312349999999
6666,clothes,Peru's,74.394296100000005,31.483087699999999
6667,clothes,veezo verpali,74.394220395700003,31.483031069399999
6668,clothes,Zebaish,74.394548693499999,31.483678992400002
6669,clothes,Zeri & Meri Kids Store,74.394612505500007,31.483726609900000
6670,bank,BIPL-G-Block-LHR,74.394677834500001,31.483777961700000
6671,clothes,Jamsharee,74.394827490799997,31.483895640499998
6672,clothes,AROSHI,74.394894269900007,31.483948754600000
6673,jeweller,MEEMO'S Accessories,74.394964325800004,31.484001420500000
6674,clothes,MS Fashion House of Brand,74.395205612799998,31.484148680000001
6675,clothes,Minnie Minors,74.395223689000005,31.484258606699999
6676,bank,National Saving Center,74.394565598699998,31.483885080299999
6677,pitch, ,67.073313048900005,24.855870734600000
6678,pitch, ,67.076664249999993,24.866456299999999
6679,pitch, ,67.076518100000001,24.866444099999999
6680,pitch, ,67.076357150000007,24.866423449999999
6681,pitch, ,67.076206950000000,24.866412499999999
6682,pitch, ,67.076056750000006,24.866395449999999
6683,pitch, ,67.075905550000002,24.866379649999999
6684,playground,Afridi Ground,67.343449804399995,24.872977937000002
6685,school,Allama Iqbal Girls High Secondary School & College,67.344452563399997,24.871895098100001
6686,pitch, ,67.342005157399996,24.872887895700000
6687,pitch, ,67.342686076800007,24.872969846299998
6688,pitch, ,67.343704299999999,24.873026400000001
6689,pitch, ,67.337921801500002,24.874271849199999
6690,park, ,72.973338864799999,33.704012168699997
6691,cafe,Books and Brew Cafe,74.393360281000000,31.483918748699999
6692,pitch, ,67.028933566000006,24.865151042299999
6693,pitch, ,67.029086100000001,24.864893899999998
6694,pitch, ,67.027881500000007,24.864679100000000
6695,fast_food,The Zawak Pizza,74.393567448900001,31.484547740499998
6696,park, ,74.416745262299997,31.467934635900001
6697,bank,Meezan Bank,74.392920107699993,31.484215189899999
6698,department_store,Bismillah Store,74.392968043600007,31.484363184599999
6699,restaurant,Handi Roti,74.431184389999999,31.446812671699998
6700,park,Al-Arfi Park,74.430616180499996,31.443997462399999
6701,park, ,72.969669399899999,33.693946621800002
6702,park, ,72.983627418899999,33.693868907499997
6703,swimming_pool,PN Swimming Pool,73.027688100000006,33.714854150000001
6704,pitch, ,72.987710227500003,33.676672902299998
6705,track, ,73.092834250099997,33.700443135100002
6706,pitch, ,73.092828926099997,33.700447361099997
6707,pitch, ,67.343977481699994,24.871884847600001
6708,park,Family Park - Shah Faisal Block 1,67.144330595400007,24.877623129700002
6709,playground,Salah Uddin Ground - Shah Faisal Block 5,67.141876135800004,24.877019272199998
6710,water_tower, ,67.344892884100005,24.861366588700001
6711,hospital, ,67.342329340899994,24.860790434999998
6712,swimming_pool, ,67.330167106800005,24.866870946799999
6713,park, ,74.289633259300004,31.553236284499999
6714,park, ,74.288425325399999,31.549999338599999
6715,swimming_pool, ,71.431856946600007,30.193348043099999
6716,pitch, ,71.474051919900006,30.197669802200000
6717,park, ,74.420270988200002,31.479250969399999
6718,park,Society Park,74.415975799999998,31.474471966700001
6719,community_centre,DeSOM Banquet Halls,74.377833389000003,31.519767003300000
6720,restaurant,Continental Restaurant,74.377871249999998,31.519209549999999
6721,restaurant,DeSOM Barbecue Restaurant,74.378264491500005,31.519119961000001
6722,restaurant,Lahori Restaurant,74.379145550000004,31.519098650000000
6723,library,Station Library,74.379292300000003,31.518340200000001
6724,community_centre,Services Club,74.377636298200002,31.518531244599998
6725,restaurant,La Belle Vie,74.377822813300000,31.518451785900002
6726,restaurant,Wing Lee,74.377634310700003,31.518321074100001
6727,supermarket,Khwaja Super Store,74.369678850000000,31.455309650000000
6728,park,Children's Park,74.370779701100005,31.456907716600000
6729,supermarket,Paradise Super Store,74.370882134499993,31.458449853800001
6730,travel_agent,Al Fatah Travel & Tours,74.372497999999993,31.458251099999998
6731,park, ,74.418977710799993,31.475035169800002
6732,car_dealership,Suzuki,74.424414335400002,31.476450509999999
6733,dentist,Rabbani & Rabbani Dental Expressions,74.392058542599997,31.484707091699999
6734,pharmacy,Rana Pharmacy,74.391773448400002,31.484724364400002
6735,mobile_phone_shop,Mobile Hub,74.391443550100007,31.484739948700000
6736,fast_food,Burger Justice,74.391367851599995,31.484743300300000
6737,veterinary,Jamshed Pets Hospital,74.391264895199996,31.484836641699999
6738,beauty_shop,Anam Beauty Bar,74.391460204599994,31.484827685700001
6739,hairdresser,The Players Lounge,74.391657469799995,31.484815448599999
6740,travel_agent,Allied International Education & Immigration Consultants,74.391857533899994,31.484809234000000
6741,pharmacy,DVM Pharma,74.378491116199996,31.461515471900000
6742,bookshop,Chishti Book Depot,74.375108850000004,31.458157700000001
6743,hairdresser,Masooma's Avant Garde SALON,74.392477027400005,31.485083925400001
6744,clothes,Lawrencepur,74.391635742299997,31.485113895800001
6745,pharmacy,Baig Pharmacy,74.391353341400006,31.485306955100000
6746,park, ,74.410203777800007,31.466438323900000
6747,pitch,Eid Gah Ground - Korangi,67.157756250000006,24.837676150000000
6748,doityourself,Defence Plywood And Hardware Store,74.428927731100003,31.469828456900000
6749,supermarket,Europa,74.386259038099993,31.463443169300000
6750,bank,United Bank Limited (UBL Ameen),74.393158815500001,31.483378595500000
6751,bank,Summit Bank,74.393218440100000,31.483319335099999
6752,bank,Bank Al Habib,74.393402374800004,31.483134986900001
6753,bank,Bank Alfalah,74.393467924500001,31.483067933899999
6754,bank,Dubai Islamic Bank,74.393603710199997,31.482937873299999
6755,bakery,Butt Sweets & Bakers,74.393343128100000,31.483197575100000
6756,fast_food,McDonald's,74.393805558699995,31.482759686700000
6757,bank,Allied Bank Limited,74.393862510600002,31.482697887200001
6758,bank,Soneri Bank,74.393921566000003,31.482635631200001
6759,cafe,Planet Cafe,74.394113109800003,31.482666295200001
6760,clothes,Orange Jeans Co,74.394049394999996,31.482729907000000
6761,clothes,GRAVITY,74.393856688699998,31.482924014000002
6762,clothes,Ismails,74.393724860600003,31.483033437700001
6763,clothes,Diners,74.393658201199997,31.483097661799999
6764,bank,First Women Bank Ltd,74.393347295300003,31.483415130800001
6765,supermarket,CB Plaza,74.378916678300001,31.521715261299999
6766,food_court,Pan Shop & Cold Corner,74.380102051899996,31.521168316200001
6767,food_court,Kitchen Cuisine,74.380320800000007,31.520919299999999
6768,bank,Allied Bank Limited,74.381796550000004,31.519953099999999
6769,guesthouse,FFC Guest House Lahore,74.387264475199999,31.520235356600001
6770,park,PAF Stadium,74.379942225700006,31.515608006000001
6771,restaurant,PAF Officers Mess,74.380382200000000,31.513259600000001
6772,park,Polo Ground,74.377141172300000,31.509092955200000
6773,community_centre,Napier Lodges,74.380277199999995,31.509982950000001
6774,bank,HBL Pakistan,74.394176892999994,31.482365180599999
6775,bank,Standard Chartered Bank,74.394235346000002,31.482309613999998
6776,bank,Faysal Bank,74.394292283799999,31.482253635100001
6777,bank,Burj Bank Limited,74.394356026300002,31.482191618400002
6778,bank,Al Baraka Bank,74.394418090800002,31.482131188499999
6779,clothes,Shirt & Tie Shop,74.394555998200005,31.481954866799999
6780,shoe_shop,Urban Sole,74.394617936399996,31.481893299300001
6781,park, ,74.407827082500006,31.462497793800001
6782,park,Afza Altaf Park,67.022976970900004,24.812334229200001
6783,park, ,74.406096336900006,31.459001529300000
6784,bank,Bank Alfalah,72.360151359900001,34.767283820599999
6785,park, ,74.414589726700001,31.455977614599998
6786,pitch, ,67.135597714400006,24.793749077600001
6787,pitch,PAF KIET Cricket Field,67.135311993000002,24.794566015600001
6788,park,Lucknow Chota Park,67.121241721999994,24.824636389399998
6789,park,Bakry park,67.151186936900004,24.878022037200001
6790,monument, ,74.171087202199999,31.369759905199999
6791,school,Government School,73.289745615200005,30.900229842100000
6792,graveyard,Darbaar Baba Miran Sain,73.289205030000005,30.889902428100001
6793,graveyard,Tibba,73.286408031500002,30.895193031100000
6794,school,Government School,73.327948828199993,30.855111373300002
6795,playground,Sarpak Playground,72.862654364400001,32.925427021399997
6796,fountain, ,72.987699097100005,33.684207347899999
6797,pitch, ,67.045958650000003,24.864118500000000
6798,pitch, ,67.084936393099994,24.932298357000001
6799,pitch, ,67.084317180900001,24.930872570599998
6800,pitch, ,67.085393770699994,24.931178214399999
6801,pitch, ,67.085194379200004,24.931536183900000
6802,pitch, ,67.085393100000005,24.931566100000001
6803,pitch, ,67.083913477300001,24.932171888599999
6804,fast_food,McDonald's,73.019175898599997,33.691530582900000
6805,park,Naval Park,66.940316967800001,24.949172920199999
6806,park,Awan Park,66.932669500000003,24.962653950000000
6807,mall,Olympus Mall,72.987944588999994,33.684427810700001
6808,park,Mir Usman Park,67.053438948899995,24.883672184100000
6809,park, ,74.416515433300006,31.493664633300000
6810,cafe, ,72.987582293000003,33.685825317099997
6811,school, ,74.184759876900003,31.380514983000001
6812,park, ,74.417057264400000,31.494794777900001
6813,park, ,74.417320880899993,31.494887195299999
6814,park, ,74.416755796800004,31.495505225399999
6815,theme_park,Theme Park,67.311929654899998,25.021555018699999
6816,cafe,The Alley,72.983534453900006,33.699356032300003
6817,hospital,PNS RAHAT,67.092945111899994,24.881806845500002
6818,park,Officers Park,67.095369186699997,24.879434927599998
6819,pitch,Football Ground,72.990513031999996,33.689153483799998
6820,park, ,67.309427798200005,25.007308666499998
6821,park, ,74.384256979200003,31.479481762700001
6822,park, ,67.312619395599995,24.997867915200001
6823,park,Noor e Islam Park,67.028464007599993,24.917809434399999
6824,park,Benazir Park Sukkur,68.847271228200000,27.693678297900000
6825,park,Baghe Nasim,67.060661121600006,24.915895095100002
6826,bank,Al-Meezan Group Investment Banking,74.400863400000006,31.474886450000000
6827,hospital,Bhitai Hospital,69.022294166899997,25.529020056000000
6828,hospital,Al Noor Hospital,69.017754719500005,25.526479606999999
6829,college, ,67.074801565100003,24.889131668800001
6830,park,Allama Rasheed Turabi Park,67.081351418200001,24.943334334999999
6831,pitch, ,67.037148944999998,24.971401761599999
6832,park,Naya Nazimabad Block A Park,67.036160709699999,24.973878791800001
6833,park,Nishan-e Haider Park,67.077883780700006,24.945055015499999
6834,park, ,68.627942164600000,27.597869535899999
6835,park, ,68.614864409999996,27.612499103499999
6836,park,Bilawal Park,68.760605014099994,27.515033814999999
6837,restaurant, ,68.760329800700006,27.514681394699998
6838,monument, ,72.979120840899995,33.689328602700002
6839,park,Soccer field,72.978168650000001,33.689355050000003
6840,park, ,72.979141472799995,33.689536828100003
6841,park, ,73.129649190199999,33.710374883999997
6842,pitch, ,76.629887155999995,34.932693030499998
6843,park, ,73.062957921999995,33.734548955999998
6844,park, ,67.310334217700003,25.004287237300002
6845,park,IMCB Campus Park,73.006959312500001,33.695072869100002
6846,park, ,73.012500743700002,33.696161087699998
6847,park, ,73.046325351799993,33.708522070000001
6848,park, ,73.080664658800004,33.736624781700002
6849,cafe, ,73.081351053199995,33.736388717099999
6850,park, ,73.073401662699993,33.667122442500002
6851,park,Hamster Wheel Park,72.988114623800001,33.688843073999998
6852,park, ,72.987307903700000,33.688306578400002
6853,pitch,Basketball Court,72.990883748399995,33.689235384100002
6854,pitch,Cricket Court,72.990679299999996,33.689600800000001
6855,restaurant,Des Pardes,73.067800139900001,33.744266540799998
6856,museum, ,73.068194591700006,33.744801654500002
6857,museum, ,73.068129244999994,33.744902957900003
6858,restaurant, ,73.068030342800000,33.744287394399997
6859,restaurant, ,73.051074551499994,33.721595432800001
6860,water_tower, ,67.348567590700000,24.780437657600000
6861,pitch, ,67.090874383799999,24.778967373800000
6862,museum, ,73.076414900000003,33.686700049999999
6863,museum, ,73.076463497299997,33.686391689799997
6864,museum, ,73.076227253599995,33.686549864100002
6865,museum, ,73.076442151899997,33.686559006899998
6866,park, ,73.046760170100001,33.699354509999999
6867,park,Education Faculty Park,68.766739684200004,27.492691709999999
6868,park, ,73.001488117999997,33.669583725400003
6869,park, ,73.000716600000004,33.669299299999999
6870,library,Public Library,73.000842501700006,33.669261553299997
6871,library,Public Library,73.000707399999996,33.669107050000001
6872,park, ,73.015178649999996,33.675831549999998
6873,park, ,73.058962100000002,33.721253300000001
6874,park, ,73.058878784300006,33.724205494099998
6875,park, ,73.072951595800006,33.667955853800002
6876,library,Public Library,73.072976133200001,33.668042042200000
6877,library,Public Library,73.073015850000004,33.667815750000003
6878,park, ,73.009937704099997,33.698153648500003
6879,wastewater_plant,Drinking Water Filtration Plant,72.978802527300004,33.702249911899997
6880,park, ,73.057705661200004,33.725904293399999
6881,park, ,73.050901652299999,33.666989594699999
6882,park, ,73.050483148599994,33.666795637299998
6883,park, ,73.049734990000005,33.666778928900001
6884,park, ,72.947077600000000,33.703023799999997
6885,park, ,72.954696049999995,33.705921300000000
6886,park, ,73.080081476999993,33.724958288200000
6887,public_building, ,74.079269834000002,32.617822393300003
6888,hospital,Golra Hospital,72.975565660699999,33.689693329299999
6889,kindergarten, ,73.385504091499996,30.889161494000000
6890,park,Love Garden,74.303001796399997,31.481808243300001
6891,park, ,73.614757549999993,33.124826349999999
6892,college,Girls Cadet College Chakwal,72.754585657000007,32.925817213999999
6893,park,Park,73.218642484800000,33.692299745400000
6894,restaurant,Cafe Macaw,73.210057961499999,33.686631321299998
6895,zoo,Bahria Enclave Zoo,73.211017629200001,33.687320130700002
6896,supermarket,Ripple Cash and Carry,73.208980299999993,33.686766419800001
6897,park, ,73.209039048700006,33.686912843999998
6898,park, ,73.209301021800002,33.686776806499999
6899,park,Children Park,73.214557007699995,33.693832415800003
6900,park, ,73.214816091000003,33.690492092100001
6901,zoo,Bird Aviary,73.213417160000006,33.688538923999999
6902,park,Music Park,73.217563160500006,33.687280577700001
6903,park,Trafalgar Square,73.211052092800003,33.690014864699997
6904,park, ,73.213068226700003,33.689829393399997
6905,hospital, ,74.206400792300002,32.642363720600002
6906,park, ,67.054974551200004,24.941772844700001
6907,bank,United Bank Limited,73.494684480999993,33.341263460500002
6908,post_office,Post Office,73.494468684300003,33.341286202100001
6909,police,Police Chowki Samote,73.494367936399996,33.341299375399998
6910,restaurant,Jungle Restaurant,73.098887089300007,33.537736147399997
6911,park,Eye View Park,73.097933431300007,33.533497282699997
6912,park, ,73.095149908099998,33.528234711600000
6913,fast_food,McDonald's,73.096723298800001,33.526172387099997
6914,supermarket,Greenvalley Hypermarket,73.096987270699998,33.527312596599998
6915,hospital, ,72.344741857599999,32.302146685700002
6916,park,Administration Building Lawn,68.759314950800004,27.492388544899999
6917,park,Administration Building Lawn,68.760023668499997,27.492329659900001
6918,park,16 Suit front Lawn,68.760897239000002,27.491537937099999
6919,park,Rose & Jasmine Garden,68.760559278299993,27.491617593200001
6920,artwork,Clock Tower,73.096870559099997,33.523663835699999
6921,park, ,68.760228050199999,27.493078740100000
6922,bank,UBL Limited,73.060811615899993,33.711446800300003
6923,park, ,68.758854633900000,27.493146886700000
6924,park, ,68.761085593800004,27.493787639800001
6925,park, ,68.764750623899999,27.493424012500000
6926,park, ,68.764894923900002,27.493420412500001
6927,park, ,68.765031123900002,27.493411412499999
6928,park, ,68.765045323899997,27.493647612499998
6929,park, ,68.764631391899997,27.493655695699999
6930,park, ,68.764305583899997,27.493810301200000
6931,park, ,68.765078015800000,27.493755458700001
6932,park, ,68.764584607499998,27.493434049299999
6933,park,Flag lawn,68.759448072799998,27.494419878199999
6934,park, ,68.758961880599998,27.494480964800001
6935,park, ,68.758912858900004,27.493951292399998
6936,swimming_pool,MCE Swimming Pool,71.993480079999998,34.064180669800002
6937,track, ,71.995618156399999,34.062955423500000
6938,stadium,Bannu Stadium,70.619464609299996,32.993866351500003
6939,park,shed for plants,68.762853888600006,27.494440589000000
6940,school,Govt. School area,68.762736152499997,27.498909993000002
6941,hostel,Khadija Hostel,72.994890600000005,33.644299699999998
6942,park,Rose Garden,74.176995849799994,31.366003903999999
6943,police, ,73.039930702500001,33.709457410299997
6944,park, ,73.041796692299997,33.708597893200000
6945,park,CDA Park maintained by Shifa,73.067897439000006,33.674073631600002
6946,embassy,Embassy of the Czech Republic,73.071008250000006,33.728156849999998
6947,park, ,68.762696722000001,27.492835445800001
6948,park, ,68.763571522299998,27.492754409200000
6949,park, ,68.763616714299999,27.493544796399998
6950,park, ,68.763288372399998,27.493140498999999
6951,park, ,68.759280641199993,27.494000757599999
6952,park, ,68.759262366800002,27.493738019599999
6953,university,Shah Abdul Latif University,68.760547856100004,27.490882313299998
6954,car_dealership,Classic Motors,73.054422419999995,33.658307841499997
6955,attraction,Shah Allah Ditta Caves,72.914898566999995,33.722017601899999
6956,attraction,Highland Country Club,73.126327614900006,33.807762867299999
6957,school,Roots Millenium Schools Capital Campus,72.999320999999995,33.676029849999999
6958,hospital,RHC Hospital,72.655734770099997,29.493400250699999
6959,school,Government Higher Secondry School Chunawala,72.655635535800002,29.497279764100000
6960,school,Govt School,72.706568555800004,33.790833712100003
6961,hostel, ,68.756475915600006,27.482822144600000
6962,school,National Institute of Banking and Finance,73.064468853999998,33.677112039299999
6963,pitch, ,73.067390879499996,33.673855394900002
6964,tower, ,68.762053319100005,27.498014185799999
6965,pitch, ,68.760516299700001,27.496841870699999
6966,park, ,68.758705734499998,27.497321319899999
6967,park, ,68.758444714600003,27.497152466900001
6968,restaurant,Kabootri,68.758323057300004,27.496513678300001
6969,restaurant, ,68.758359275299995,27.496018379300001
6970,restaurant, ,68.758320975299995,27.495638644200000
6971,caravan_site, ,68.758225883899996,27.493261770400000
6972,comms_tower, ,68.758271063799995,27.492499687399999
6973,supermarket,Azeem Market,70.726551771800004,30.404180527699999
6974,hospital,Shakeel Haji Dad Mohammed Hospital,62.030711562699999,26.120857624100001
6975,school, ,62.030597318500000,26.115197190000000
6976,school, ,62.029784048700002,26.113428903100001
6977,hospital,Tahir Hospital,71.458497744699997,32.428956078799999
6978,hospital,Government veterinary hospital,72.655542643199993,29.495455348099998
6979,restaurant,Mahar Continental,70.360990220399998,28.382951409899999
6980,graveyard, ,70.362535439799998,28.383446342199999
6981,water_tower, ,70.361792917299994,28.382499587500000
6982,school, ,73.013622229899994,33.672775026099998
6983,hospital,DHQ Hospital Chaman,66.449220101999998,30.925274472800002
6984,pitch, ,71.797322607599995,35.884829488900003
6985,graveyard, ,72.845765680000000,29.189292706800000
6986,park, ,68.208002190100004,27.550259634900002
6987,school,National High School,67.075456263700005,24.904647764400000
6988,community_centre,Four Seasons Banquet Hall,67.112002174599994,24.905069673200000
6989,playground, ,67.093472424599994,24.923543762700000
6990,park,Johar Park,67.076981329099993,24.905370531700001
6991,college,Government Degree Science College,67.056643750000006,24.900691949999999
6992,prison,Central Jail Karachi,67.054932549900002,24.888416023000001
6993,restaurant,Gourmet Marriage,74.330714499999999,31.543040399999999
6994,park,Chagi Park,67.040699392400001,30.204505034299999
6995,park,Kids Park,67.033758320900006,30.199450148899999
6996,park,Gulistan Road,67.028475840300004,30.199309870899999
6997,park,Kids Area/Bench Rest,67.026461434500007,30.210226088399999
6998,park,Park Outside of Musa Stadium,67.024697355100002,30.209302023700001
6999,park,Bird Park,67.034022804800003,30.198952289099999
7000,park,Jogging Track,67.038055257600007,30.191645858000001
7001,park,HakeemAbad Public Park,72.029540628500001,34.010201369199997
7002,park,Walking Park,72.030219242300006,34.010140928500000
7003,park,Hakeem House Park,72.029525425100005,34.010727688400003
7004,restaurant,Safeer Khan Icecream Parlour,72.030229531600000,34.009545926300000
7005,hospital,Urban KMC Dispensary,67.078214916799993,24.850227727099998
7006,hospital, ,67.077551346600004,24.849818737200000
7007,park, ,67.077550507699996,24.844216505700000
7008,hospital, ,67.078699780199997,24.848868926100000
7009,park,Family Park,67.041127155599995,30.213891357600001
7010,school, ,66.936752760100006,24.944519904300002
7011,hospital, ,66.945763909799993,24.926699566900002
7012,college,Police Training College - Saeedabad,66.955326002199996,24.921207586700000
7013,pitch, ,66.957120979999999,24.929260715600002
7014,pitch, ,66.956124933200002,24.930367049800001
7015,pitch, ,66.955771017100005,24.930985550500001
7016,pitch, ,66.943077003499994,24.880995181500001
7017,pitch, ,66.944057805499995,24.881560737699999
7018,pitch, ,66.928890065700003,24.869376973500000
7019,track, ,66.941422034300004,24.880284863800000
7020,school, ,66.940234232300000,24.875394889500001
7021,college,Pakistan Marine Academy,66.930104942699998,24.860789652499999
7022,school,Pakistan Naval Academy,66.971714770099993,24.800025713200000
7023,sports_centre,Karachi FIFA Goal Project,66.880114126099997,24.885855819900002
7024,pitch, ,66.880305383600003,24.886110502699999
7025,park, ,66.750626162200007,25.191964964499999
7026,theme_park,Bahria Day Night Safari,67.325884486099994,25.014940289799998
7027,swimming_pool,Cosy Water Park,67.191826935999998,25.060705214799999
7028,park, ,67.329066633300002,25.056475533299999
7029,park, ,67.320740549999996,25.060320500000000
7030,golf_course,Bahria Golf,67.330452210800004,25.087897375299999
7031,golf_course,Short Course,67.334905489700006,25.083676069300001
7032,stadium,Rafi Stadium,67.359797976199999,25.127079641000002
7033,sports_centre, ,67.219004384700000,24.988583730999999
7034,swimming_pool,WILD VENTURE WATER PARK,67.227515133300003,25.028300726900000
7035,school, ,67.210978188599995,24.942969604000002
7036,golf_course, ,67.197157487100000,24.939490828099999
7037,golf_course, ,67.194391282100000,24.940422760800001
7038,archaeological, ,67.385463101100001,26.805154588200001
7039,graveyard,NST,72.709211734199997,32.066746986900000
7040,graveyard,Qabristan Awan Chowk,72.711817486399994,32.068008573900002
7041,school,International School,67.321261933299994,25.116915733300001
7042,tower, ,67.369524454300006,24.786498691399999
7043,tower, ,67.371354794400006,24.787234164800001
7044,ruins, ,67.954100515999997,30.833389368900001
7045,embassy,Saudi Residence,73.110523731499995,33.727432647999997
7046,pitch, ,73.109700762599999,33.720390893800001
7047,embassy,Embassy of Germany,73.104352458700006,33.724164390699997
7048,embassy,Embassy of Vatican,73.105877475400007,33.723172146600000
7049,embassy,Embassy of Saudi Arabia,73.124189400000006,33.732935349999998
7050,embassy,Embassy of the Republic of Korea,73.126602550000001,33.734181000000000
7051,embassy, ,73.129318799999993,33.735473599999999
7052,embassy,Embassy of Russia,73.129939306699995,33.729838832900001
7053,embassy,Embassy of Kuwait,73.132201417499999,33.730583002700001
7054,embassy, ,73.132743731000005,33.731346818299997
7055,embassy,Embassy of Bulgaria,73.129377099999999,33.731615800000000
7056,embassy,Embassy of Iraq,73.125820182699997,33.731899295799998
7057,school, ,73.122078049999999,33.731682849999999
7058,embassy,Embassy of the Philippines,73.120441549999995,33.728777899999997
7059,theme_park, ,73.134255516899998,33.716977708400002
7060,embassy,British High Commission Club,73.108281559800005,33.720109311900003
7061,golf_course, ,71.669484408299994,29.363495275300000
7062,park, ,71.677470322000005,29.369252292999999
7063,track, ,67.447023702600006,24.794135190799999
7064,park, ,74.311906170399993,31.589073843000001
7065,park, ,74.312578904299997,31.588091105200000
7066,park, ,74.311146911099996,31.588784028700001
7067,park, ,74.312367846200004,31.588909084400001
7068,park, ,74.311280464899994,31.587864298100001
7069,park, ,74.327686091100006,31.582678696500000
7070,park, ,74.310949756599996,31.586802222599999
7071,park,Moti Masjid Quadrangle,74.314069058000001,31.588703335100000
7072,park, ,74.313604307600002,31.588738866500002
7073,park, ,74.313659621300005,31.588942745099999
7074,park, ,74.314574952300006,31.589325466399998
7075,park, ,74.314519067099994,31.589136829299999
7076,park, ,74.314799998599995,31.589278056000001
7077,park, ,74.314745380100007,31.589086724900000
7078,park, ,74.315447456699999,31.589066327099999
7079,park, ,74.315785030800001,31.588993950100001
7080,park, ,74.315362903500002,31.588769372300000
7081,park, ,74.315697592000006,31.588694134000001
7082,park, ,74.316024198099996,31.588964656000002
7083,park, ,74.315229966100006,31.589137775899999
7084,park, ,74.315124894400000,31.588795976400000
7085,park, ,74.315931434500001,31.588628339500001
7086,park, ,74.314567122599996,31.587947974500000
7087,park, ,74.315045872699997,31.587849272000000
7088,park, ,74.315468059599993,31.587759301199998
7089,park, ,74.315951499999997,31.587642885800001
7090,park, ,74.314496930800004,31.587296687300000
7091,park, ,74.315649897300005,31.587044878499999
7092,park, ,74.311315846200003,31.589658089899999
7093,park, ,74.304270981700000,31.579048886999999
7094,park,Ladies' Garden,74.314089635800002,31.589251148900001
7095,college,Government Islamia College - Civil Lines Campus,74.325212102899997,31.575027107200000
7096,school,Government Islamia High School,74.326374427199994,31.575348766800001
7097,school,Government College of Technology,74.332934038199994,31.577513663300000
7098,university,University of Education - Lower Mall Campus,74.304293326800007,31.576101330800000
7099,courthouse,District Courts,74.305453728900005,31.574343504300000
7100,museum,Lahore Museum,74.308188668000000,31.568221581700001
7101,hospital,Data Darbar Hospital,74.301749436700007,31.578018364199998
7102,school,Goverment Central Model High School,74.305983416299995,31.576342865200001
7103,university,University of Veterinary and Animal Sciences,74.299729869700002,31.575003173399999
7104,university,Mirpur University of Science and Technology (MUST),73.745073359299994,33.150520823699999
7105,playground, ,73.745086239499997,33.150753382200001
7106,water_tower, ,73.740736130200006,33.151461710800000
7107,park,Staff Colony Park,73.740974993799995,33.151577448200001
7108,graveyard,Pir Makki Cemetery,74.305175003800002,31.584155598500001
7109,hospital,Infectious Diseases Hospital,74.299834935800007,31.580710390200000
7110,park,3,74.316047057199995,31.586669697700000
7111,park, ,74.314407598100004,31.586785426199999
7112,park, ,74.314316448900001,31.589938323999998
7113,park, ,74.314842364800000,31.589819929699999
7114,park, ,74.315309205800006,31.589711244000000
7115,park, ,74.315818145500003,31.589594415099999
7116,park, ,74.316558652400005,31.589421836000000
7117,park, ,74.317230500700006,31.589193896899999
7118,park, ,74.313646110099995,31.590085170900000
7119,park, ,74.315351544099997,31.589494102600000
7120,park, ,74.312541852300001,31.589804242900001
7121,park, ,74.312484187300001,31.587107909400000
7122,park, ,74.316386075400004,31.586409319099999
7123,cinema,City Cinema,74.314614786199996,31.585044023799998
7124,cinema,Pakistan Talkies,74.308683364199993,31.585875853200001
7125,attraction,Bhatti Gate,74.308877582600005,31.578937443299999
7126,monument,Tomb of Sir Ganga Ram,74.304225337099993,31.590353696000001
7127,monument,Samadhi of Ganga Ram,74.304251209699999,31.590291135200001
7128,graveyard, ,74.317216117900003,31.601144160000000
7129,monument, ,74.304669181999998,31.553990630000001
7130,park, ,74.320640074500005,31.590356029599999
7131,park,Tehsil Garden,74.310495551700001,31.584876844600000
7132,police,Taxali Gate Police Station,74.310886399400005,31.585133103200000
7133,school,Government High School - Said Mittha Bazar,74.312475593599999,31.583980293500002
7134,hospital,Said Mittha Hospital,74.313605205200005,31.584640964100000
7135,school,Naqash School of Arts,74.310061427299999,31.583404776500000
7136,attraction,Haveli of Nau Nihal Singh,74.311482728900003,31.579455501300000
7137,park,PHA Appartments Children's Playground,73.002837590300004,33.665096470899996
7138,attraction,PHA Appartments Children's Playground,73.002837590300004,33.665096470899996
7139,park,PHA Appartments Children's Playground,73.002626407700006,33.664822078500002
7140,attraction,PHA Appartments Children's Playground,73.002626407700006,33.664822078500002
7141,stadium,Faisalabad Hockey Stadium,73.115579223400005,31.417552855200000
7142,park, ,74.189526818999994,31.376150213700001
7143,park, ,74.193418199999996,31.375961449999998
7144,park, ,74.189553761300004,31.388872319800001
7145,beauty_shop,Nisha Beauty salon,67.067003622599998,24.845543840300000
7146,town_hall,Historic Town Hall,74.305604511100000,31.568554829800000
7147,park, ,74.302986535100004,31.545266315599999
7148,park,Cypress Tomb,74.364013271100006,31.580858627200001
7149,attraction,Cypress Tomb,74.364055611400005,31.580897966199998
7150,park,Usman Park,74.363673356600003,31.581947570699999
7151,park,Gulabi Bagh,74.364095193899999,31.578782389299999
7152,graveyard,Mian Mir Cemetery,74.360450057700007,31.546356701499999
7153,college,Government Shalimar College,74.378851828899997,31.588789843800001
7154,school,Government Baghbanpura High School,74.379994153900000,31.584488070199999
7155,graveyard,Shah Abdul Ghani Cemetery,74.377515418499996,31.584336556699999
7156,park,Surya Jabeen Park,74.369569426300004,31.580538766800000
7157,park,Tomb of Jani Khan,74.370610375900000,31.581876435400002
7158,park,Tomb of Mian Khan,74.368499673299993,31.585511376600000
7159,park, ,74.351323968800003,31.592218219700001
7160,monument, ,74.191724815699999,31.372529715999999
7161,park, ,74.183439276599998,31.379990077500000
7162,park, ,74.178251946299994,31.382856085299998
7163,park, ,74.178236270599996,31.381942211300000
7164,fountain, ,74.178219381100007,31.381923127099999
7165,shelter, ,67.079498799999996,25.081784200000001
7166,shelter, ,67.076437090699997,25.080878224399999
7167,park,Buddhu's Tomb,74.355906260400005,31.576197183700000
7168,graveyard,Buddhu Cemetery,74.353172101400006,31.574957412800000
7169,park,Tomb of Ali Mardan Khan,74.363450041999997,31.574070438000000
7170,park,Tomb of Mullah Hamid Qari,74.364049550700003,31.572757179600000
7171,park,Tomb of Zafar Jang Kolkatash,74.366567951600004,31.559804743499999
7172,college,Government Degree College for Women,74.368304614799996,31.552346838500000
7173,school,Municipal Corporation Primary & High School For Boys & Girls,74.367478174200002,31.552655847800001
7174,police,Dharampura Police Station,74.367563542900001,31.551513584799999
7175,park,Garden of Mahabat Khan,74.374299154499994,31.579951472499999
7176,graveyard,Mian Cemetery,74.375554738999995,31.584101614300000
7177,park,Gul Begum Bagh,74.308467091400004,31.548147581700000
7178,courthouse,Lahore Sessions Court,74.300615788100004,31.565461039500001
7179,college,Cambridge Girls College,74.307400392800005,31.558290912600000
7180,park,Choudhry Park,74.297891376099997,31.586132093200000
7181,park, ,74.324821817200004,31.560418683100000
7182,park, ,74.325174014799998,31.560422203000002
7183,park, ,74.325234870900005,31.560135005500001
7184,park, ,74.324758733699994,31.559899255500000
7185,monument,Queen Victoria Memorial,74.324694692400001,31.560072817599998
7186,monument,Islamic Summit Minar,74.325029498700005,31.560272119800000
7187,hotel, ,74.328095396699993,31.561422425500002
7188,university,MAO College,74.302962038900006,31.562643894600001
7189,embassy,Consul General of the United States,74.335866558700005,31.559933837100001
7190,graveyard,Bibi Pak Daman Cemetery,74.339816755599998,31.565111535400000
7191,graveyard, ,74.340060179600002,31.564259860500002
7192,college,Queen Mary College,74.341308025600000,31.563168100999999
7193,hotel,Carlton Tower Hotel,74.334997299999998,31.569920900000000
7194,college,Kinnaird College,74.334618550900004,31.573595976899998
7195,college,Kinnaird Girls College,74.335756379299994,31.573033044399999
7196,museum,Javed Manzil - Iqbal Museum,74.340414752200005,31.569187388900001
7197,sports_centre,Burt Hall,74.342788430799999,31.568896421300000
7198,school,Lady Griffin High School,74.341910184300005,31.570434526400000
7199,college,Dyal Singh College,74.324556964099997,31.569124329099999
7200,attraction,Lakshmi Building,74.324543003599999,31.567459246100000
7201,pitch, ,73.115538817499996,31.417548651600001
7202,graveyard,Shah Kamal Cemetery,74.383710157699994,31.566314854600002
7203,graveyard,Shah Kamal Cemetery,74.311474044299999,31.523489107500001
7204,park,Jinnah Park,74.342224246800001,31.580721130499999
7205,park,Amir-ud-Din Park,74.401631801299999,31.554915980600001
7206,university,Veterinary Research Institute,74.399510780100002,31.551031081600001
7207,graveyard,Chota Mian Daras Cemetery,74.377621668900005,31.574709832200000
7208,university,Government Technical Training Institute - Mughalpura,74.371305657199997,31.573803438199999
7209,park, ,74.407452128299994,31.557384742400000
7210,park, ,74.405072137299996,31.555852244699999
7211,park, ,74.366299098900001,31.596482605500000
7212,pitch, ,74.081950770700004,32.585709553800001
7213,park,Ladies' Park,74.297663837100004,31.562635261000000
7214,fountain, ,67.060636885099996,24.948152766500002
7215,monument, ,67.093749799999998,24.912513449999999
7216,fountain, ,67.093945000000005,24.912645000000001
7217,police,Mehmoodabad Police Station,67.066613687599997,24.848141775599998
7218,park, ,74.366237912299994,31.605036643199998
7219,park,Muhammadia Park,74.362083274000000,31.602164235099998
7220,park,Sidique Akbar Park,74.364638672200002,31.601905829000000
7221,park,Ali Park,74.365273082200005,31.600064515200000
7222,park,Hamza Shahbaz Park,74.360806969999999,31.599890522900001
7223,monument, ,67.093791100000004,24.912838749999999
7224,monument, ,67.094233200000005,24.912836850000001
7225,monument, ,67.094155999999998,24.912388849999999
7226,monument, ,67.093453699999998,24.912888850000002
7227,fountain, ,67.093640300000004,24.913019100000000
7228,fountain, ,67.093445000000003,24.913255199999998
7229,fountain, ,67.093940599999996,24.913226399999999
7230,hospital,Mozang Teaching Hospital,74.315212501100007,31.554821769099998
7231,graveyard,Musafir Khana Cemetery,74.343394839599995,31.562720392700001
7232,graveyard,Mominpura Cemetery,74.327288496500003,31.567815724300001
7233,school,Norwegian Govt Primary to Secondary School Campus,67.068864444200003,24.847531666500000
7234,playground,Qubaa Ground,73.137720615999996,33.538297596400000
7235,hospital, ,74.323639916000005,31.556944506400001
7236,park,FCC Park,74.337109893800005,31.526172869500002
7237,park,Ali Park,74.301190754700002,31.521246097399999
7238,park,Rasool Park,74.312730892399998,31.540703296000000
7239,school,Government Degree College for Women,74.317812848800003,31.550974031999999
7240,car_dealership,Honda Fort,74.317155131899995,31.550308184700000
7241,university,Fatima Jinnah Medical College Hostels,74.320862370200004,31.551635641899999
7242,school,YWCA High School,74.320979320399999,31.556493870400001
7243,school,Fatima Girls High School,74.313674149400001,31.560317402399999
7244,school,Women's Vocational High School,74.309481961000003,31.560680207800001
7245,library,Bishop Malik Library,74.316609775299995,31.565264969200001
7246,park,Patiala Ground,74.317658920499994,31.567180792500000
7247,park,Kisi Bagh,74.349850966899993,31.563182024800000
7248,school,Mian Iqbal High School,74.349533733100003,31.561569495000001
7249,graveyard,Jan Muhammad Hazoori Cemetery,74.344508933499995,31.563881443700001
7250,cinema,Taj Cinema,74.344924668600001,31.563058770200001
7251,cinema,Crown Cinema,74.345354865100006,31.563169508100000
7252,park,Madina Park,74.330982564300001,31.565996520399999
7253,cinema,Mehfil Theatre,74.330494088600005,31.564360809800000
7254,school,Islamia Girls School,74.325689339899995,31.564305237599999
7255,cinema,Chevrolet Platinum Theatre,74.328122294200000,31.565161004600000
7256,cinema,Gulistan Cinema,74.327746624400007,31.565306527200001
7257,cinema,Metropole,74.328680964900002,31.565998873600002
7258,cinema,Capital Cinema,74.326395370100002,31.566000718100000
7259,cinema,Odeon,74.326702733900007,31.566899370400002
7260,cinema,Empire Cinema,74.326654751999996,31.568899720200001
7261,cinema,Nagina Cinema,74.320652764499997,31.568203463800000
7262,cinema,Naz Cinema,74.320732012299999,31.567883072400001
7263,pitch,Lahore Railway Cricket Grounds,74.342892219299998,31.571636127800002
7264,pitch,Burt Ground,74.343276860900005,31.569849562600002
7265,pitch,Railway Colony Playground,74.347336345599999,31.572660242500000
7266,school,Saint Andrew's School,74.345012431300006,31.577569630300001
7267,pitch,Sabsazar Cricket Stadium,74.267954139400004,31.519183384500000
7268,pitch, ,74.320325583599995,31.559239483500001
7269,park,Arya Nagar Park,74.300765084999995,31.544735787499999
7270,pitch,Chauburji Ground,74.298236820800000,31.547571803800000
7271,park,Fawara Park,74.317999272199998,31.579362302500002
7272,cinema,Plaza Cinema,74.322921801600003,31.558428604900001
7273,hospital, ,74.321911046899999,31.555656216100001
7274,theatre,Amphitheater,74.327272730100006,31.553825911200001
7275,library,Bagh-e-Jinnah Library,74.328850501000005,31.552397352800000
7276,pitch,Lawrence Cricket Ground,74.332702535300001,31.552121380100001
7277,college,Staff College,74.339781387499997,31.553686937999998
7278,arts_centre,Alhamra Art Center,74.329528952499999,31.557970971400000
7279,attraction,Tomb of Mai Dai,74.354735130099996,31.592696051400001
7280,graveyard, ,74.356855730099994,31.592072357100001
7281,park,Noor Park,74.295381445700002,31.567830146700000
7282,park, ,74.294090822800001,31.573369117199999
7283,park, ,74.305320601800005,31.538381149100001
7284,restaurant, ,74.576908286899993,31.605734407500002
7285,park, ,74.301054009799998,31.534861116300000
7286,park, ,74.300803962299995,31.535998987700001
7287,park, ,74.301754957499995,31.536249682800001
7288,park, ,74.303566712099993,31.536849050800001
7289,park, ,74.301916198100002,31.537515563800000
7290,park, ,74.300753900000004,31.537941300000000
7291,park, ,74.302430599399997,31.532779688600002
7292,park, ,74.311430400099994,31.562058266299999
7293,graveyard, ,74.314150249199997,31.568791484700000
7294,park, ,73.186089296999995,33.520571453099997
7295,swimming_pool, ,73.185776961200006,33.520606241599999
7296,supermarket,J-Mart,73.165111871700006,33.532794661399997
7297,school,Roots School DHA Phase 1,73.100183702300001,33.541222432700003
7298,park,PWD Central Park,73.144496799999999,33.570803349999998
7299,graveyard,Christian Graveyard,74.269430302399996,31.426968698800000
7300,graveyard,Khaki Shah Cemetery,74.284811481999995,31.423152512400002
7301,park, ,74.362877837900001,31.421679247400000
7302,park, ,74.365019396799994,31.419531561300001
7303,park, ,74.366693307600002,31.420876589199999
7304,park, ,74.359861264299994,31.420956136099999
7305,park, ,74.361645622699996,31.420476816800001
7306,park, ,74.359559080500006,31.422827001200002
7307,park, ,74.369732993699998,31.421894281000000
7308,park,Rashid Sakeen Park,74.327691956600006,31.590323943700000
7309,park,Akram Park,74.341883093800007,31.601233730499999
7310,graveyard, ,74.278762447000005,31.543218869099999
7311,car_wash, ,73.099511331000002,33.540135200999998
7312,college,Hailey College of Banking and Finance,74.307442131499997,31.561900352300000
7313,university,University of Education - Bank Road Campus,74.306097869300004,31.562735362300000
7314,school,Lady MacLagan School,74.306237670200005,31.563588678500000
7315,park, ,74.305124662500006,31.563837149000001
7316,graveyard, ,74.300953874599998,31.563469115099998
7317,pitch,Punjab University Women's Sports Field,74.305594165800002,31.561264298699999
7318,pitch,Hockey Field,74.306218182300000,31.559396376199999
7319,pitch,University Football Pitch,74.305956262400002,31.558794627699999
7320,university,GCU New Hostels,74.305023244899999,31.572692582399998
7321,school,Islamia High School,74.304572613800005,31.571453647199998
7322,park, ,74.299762139099997,31.569088414300001
7323,mall,Emporium Mall,74.265891255400007,31.467127049799998
7324,school,Convent of Jesus and Mary,74.340791995800004,31.561079437699998
7325,hotel,Indus Hotel,74.322586694699993,31.561126424400001
7326,graveyard,Garhi Shahu Cemetery,74.350024813299996,31.558247718899999
7327,park,Rehman Park,74.291881273499996,31.567089402899999
7328,graveyard,Panj Pir Cemetery,74.285991057800004,31.555315729200000
7329,park,Masum Park,74.288647218999998,31.574976025100000
7330,graveyard, ,74.351860034400005,31.561349210600000
7331,park,Ilahi Park,74.335486697500002,31.587091187799999
7332,school,Take Wala School,74.336001591599995,31.586426062899999
7333,park,Shafi Park,74.337909479800004,31.587656750800001
7334,graveyard,Ghoray Shah Cemetery,74.349884356600001,31.583159595700000
7335,graveyard,Shah Badar Diwan Cemetery,74.359858544900007,31.583152353599999
7336,school,Chiragh Girls School,74.362517540499994,31.583007187900002
7337,park,Salman Park,74.363140663500005,31.583423151300000
7338,park, ,74.364924058300005,31.582472201700000
7339,school,Girls High School,74.366435197599998,31.582656285900001
7340,graveyard, ,74.366417579300006,31.585558417200001
7341,graveyard, ,74.371574648500001,31.585920606500000
7342,graveyard,Shah Hussain Cemetery,74.375155415799995,31.585578868100001
7343,attraction,Kuri Bagh Tomb,74.309366032400007,31.564217714600002
7344,graveyard, ,74.391744759299996,31.591514092400001
7345,graveyard, ,74.397274653200000,31.595375383600000
7346,graveyard, ,74.402117041300002,31.572287358400001
7347,park, ,74.405167524199996,31.577008596199999
7348,graveyard, ,74.360740916099999,31.548458343400000
7349,graveyard,Shah Muhammad Cemetery,74.355325931799996,31.547266862600001
7350,graveyard, ,74.328900758399996,31.527927199000001
7351,graveyard, ,74.360532250500000,31.580403053700000
7352,graveyard, ,74.272475925500004,31.516195873800001
7353,park, ,74.273170938700005,31.515404996600001
7354,park, ,74.273099176599999,31.520893080899999
7355,graveyard, ,74.275127119299995,31.525511813300000
7356,stadium,Mini Stadium,74.187111397099997,32.145722821600003
7357,pitch, ,74.187122348399996,32.145751035700002
7358,pitch, ,74.191116758800007,32.163530026300002
7359,park, ,74.252056133300002,31.471270933300001
7360,graveyard, ,74.304571603699998,31.477574465800000
7361,park, ,74.305247045700000,31.474353223000001
7362,park,Sofia Park,74.349367497700001,31.591957274799999
7363,park, ,74.348774680800005,31.592996212700001
7364,graveyard, ,74.350451614199997,31.589888460000001
7365,park,Siddique Park,73.120614828399994,33.556832269399997
7366,park,Ladies Park,73.124145271200007,33.556685290899999
7367,bank,First Microfinance Bank,71.760812276199999,36.011648231899997
7368,restaurant, ,71.760898011099997,36.011581148600001
7369,playground,Dairo Junali,71.764227426600002,36.022159235799997
7370,pitch,Susoom Polo Ground,71.835805842300005,36.092315208499997
7371,hostel,GGDC Girls Hostel,73.215278422400004,34.144662732900002
7372,graveyard, ,74.396862686500000,31.589288503799999
7373,school,Girls Shalimar HIgh School2,74.394901714599996,31.588570794799999
7374,park,Angoori Bagh,74.384794029999995,31.578975502300000
7375,graveyard, ,74.373162093299996,31.553355644300002
7376,graveyard,European Cemetery,74.368660246399998,31.549069202500000
7377,park, ,74.374608172400002,31.530326678200002
7378,park, ,74.371182780200002,31.532321118100000
7379,park, ,74.373528279499993,31.532236215000001
7380,park, ,74.375420223299997,31.532926167700001
7381,park, ,74.376535617499997,31.531948132200000
7382,park, ,74.373629544899998,31.534175952799998
7383,park, ,74.226531066700005,31.455737566700002
7384,park, ,74.232112120300002,31.454888073100001
7385,park, ,74.225737922500002,31.452828761599999
7386,park, ,74.227945099999999,31.455020366700001
7387,park, ,74.228543293100003,31.454276876700000
7388,pitch, ,68.205843777900000,27.569785954200000
7389,embassy,Embassy of Kazakhstan,73.113258569199999,33.723030546600000
7390,hospital,Kidney Center,74.075214003900001,32.575205454399999
7391,pitch,Madashil Football Ground,71.815135167999998,36.054199073699998
7392,theatre,Spectator seating India,74.573700578499995,31.604723569899999
7393,wayside_shrine,"Darbar, Baba Shaheed R.A",73.065365190099996,33.596573488099999
7394,bakery,Tandoor,67.067864377399999,24.847231720400000
7395,university,Hockey Ground,72.683218956299996,32.073714277599997
7396,pitch,Cricket Ground,72.681367044300003,32.075233556500002
7397,water_mill,Gulab Khan Khora,71.824590052700003,36.063337490700000
7398,school, ,64.012471076899999,29.379402537800001
7399,stadium,Mola Bakish Stadium,72.679664095199996,32.073537804700003
7400,playground,playground,72.685907675500005,32.073232726199997
7401,school,St. Paul""s Elementry School,67.068840671100006,24.847181438900002
7402,school,St. Lawrence Model School ( English Medium),67.069058806599998,24.847466442000002
7403,college,Pumjab College Khanewal,71.919140939000002,30.317393856799999
7404,university,NCBA&E,71.475728059100007,30.222523592000002
7405,park,Garhai Animal Park Babozai,72.187004469300007,34.442777122800003
7406,track, ,74.332036914300005,31.510804974700001
7407,graveyard,Eidgah Sharif Cemetery,73.054381298799996,33.629711675000003
7408,university, ,72.991189608100001,33.642572258800001
7409,pitch, ,73.085777936400007,31.433778096499999
7410,pitch, ,73.082400493300000,31.437459684600000
7411,motel,PTDC Motel,71.787666188299994,35.859575192199998
7412,sports_centre, ,75.025613828999994,32.037949228899997
7413,school,The Grammer School,67.071303035900002,24.844837188700001
7414,water_mill,Gulab Khan Khora,71.824480051999998,36.063409486200001
7415,water_mill,Abdul Hayat Khora,71.822029152799999,36.064027569499999
7416,water_mill,Zarmast Khan Khora,71.820382899999998,36.064498700000001
7417,water_mill,Nadir Shah Khora,71.824782507500004,36.064296497999997
7418,water_mill,Rehmat Bali Khora,71.822403314699997,36.063968473400003
7419,water_mill,Lalo Khora,71.827479228100003,36.064648479200002
7420,water_tower,Tanky,71.826909507400003,36.062295160799998
7421,water_mill,Gulsamber Khora,71.824990549999995,36.063303150000003
7422,community_centre,Chhipa Marriag Hall,67.069895231999993,24.846385973000000
7423,beverages,Hanif Cold Drink Whole Sale,67.068794261500003,24.845436383900001
7424,school,Defence Formation High School,67.068324329500001,24.844742182099999
7425,bakery,Punjab Bakery & Nimko,67.068574949999999,24.845196094999999
7426,stadium,Jinnah Cricket Stadium,74.553910785300005,32.500791646499998
7427,pitch, ,73.975368511499994,31.707919255600000
7428,hospital,Fatima Jinan Dental Hospital,67.070817214900003,24.843271861100000
7429,park,Tariq Road Park,74.384609915799999,31.512087388800001
7430,pitch, ,67.072930248000006,24.975262400700000
7431,convenience, ,71.817787400200004,36.062076533300001
7432,park, ,74.243210634199997,31.322572917300000
7433,park, ,74.240285256099995,31.320891427799999
7434,school,The Best Learning House School,67.071307599500003,24.844070075800001
7435,toilet,Hawai Toilet,71.816557700000004,36.056708250000000
7436,pitch, ,73.095648800000006,33.701293100000001
7437,pitch, ,73.096928468900003,33.701227635700000
7438,stadium, ,71.578192632699995,34.021674976900002
7439,pitch, ,71.578198429899999,34.021675400800000
7440,pitch, ,68.338157605399999,25.382409940100001
7441,pitch, ,68.349375244399994,25.363458265599998
7442,pitch, ,73.488995717500003,32.581909806399999
7443,school,Rainbo School,67.071585025800005,24.846430010599999
7444,school,Naheed Grammar School,67.070822904300002,24.846849861799999
7445,school,Rehber Primery And Secondry School,67.071973615900006,24.847156926499999
7446,school,White Rose Children Academy School,67.070302769199998,24.846037708600001
7447,school,St.Francis Assisi English Secondry School,67.070797304999999,24.846108133400001
7448,pitch, ,71.803262402399994,36.054964347700000
7449,school,Parsan Middle school,71.851180605699994,36.044092086699997
7450,hostel,Boys Hostel,67.070017702700000,24.845607775200001
7451,park, ,74.119039255900006,32.442793628899999
7452,park, ,74.119090317300007,32.439966118500003
7453,school,The Eagle School (Here Will You Learn To Fly),67.073529594899995,24.847023545199999
7454,school,Union School,71.843260330600003,36.041964563599997
7455,school,Pak Nation Montessori Where The Quality Education Comes Firs School,67.071950795399999,24.846607179700001
7456,guesthouse,JK Mehman Khana,71.848068877900005,36.042050087000000
7457,school,School (Al Moiz Grammer School),67.072871425399995,24.846643534399998
7458,bank,Bank Al Habib,67.071888369000007,24.845457857800000
7459,park, ,72.848081727500002,31.947713938200000
7460,graveyard,Grave Yard,72.848470877099999,31.948527028699999
7461,graveyard,Grave Yard,72.842618972699995,31.944980285500002
7462,attraction, ,71.836819886699999,36.039741104999997
7463,tower, ,74.343059499999995,31.470149249999999
7464,graveyard,Bahar Colony Christian Graveyard,74.339789426099998,31.469933231199999
7465,graveyard,Bahar Colony Muslim Graveyard,74.339424627200003,31.470583110300002
7466,park, ,73.704493761899997,31.451957791000002
7467,park, ,73.705806310000000,31.452510269899999
7468,park, ,73.703763526399996,31.452828028700001
7469,park, ,73.712481251400007,31.449703422599999
7470,park, ,73.712623734000005,31.448530738799999
7471,park, ,73.712236587700005,31.446966571600001
7472,park, ,73.711122925699996,31.448806013900001
7473,park, ,73.700223086999998,31.450589593800000
7474,graveyard, ,73.703099820199995,31.453780391300000
7475,school, ,73.701614592200002,31.455173251200002
7476,park, ,73.702158103900004,31.454678525199999
7477,bank,MCB Bank Prvt Limited,67.071735905799997,24.845157504800000
7478,pitch, ,70.304513914899999,28.433610978400001
7479,pitch, ,74.315191999999996,31.480855750000000
7480,wastewater_plant,sedimentation pond,73.003770704600001,33.641760003300000
7481,water_well,collection pond,73.003175913400000,33.642249334100001
7482,hospital,Civil Hospital Jinnah Road,67.007873779999997,30.192767501700001
7483,school,Islamia High School & College,67.017465529399999,30.191393563100000
7484,hospital,Children Hosptital Quetta,67.007549710600003,30.188250930999999
7485,sports_centre,Ayub Stadium,66.997062615800004,30.203443406000002
7486,university,BUITEMS Takatu Campus,66.942602738900007,30.268655358499998
7487,restaurant,Al-Dubai Restaurant,66.944048237600001,30.340095710400000
7488,restaurant,Ajwal Hotel,66.953040098000002,30.494032339000000
7489,restaurant,Masha-Allah Hotel,67.142833139999993,29.912698966400001
7490,college,Tameer-e-Nau College,67.021124203599996,30.198668099700001
7491,school,Special High School,67.013546039800005,30.187057636100000
7492,hospital,BINUQ,66.975473264800002,30.219750326800000
7493,school,Boys Scouts Association Quetta HQ,67.006125087800001,30.206032688400001
7494,university,Sardar Bahadur Khan Women University,66.960291512599994,30.191540070500000
7495,hospital,Fatima Jinnah Hospital,66.953862533899994,30.192830430699999
7496,police,Police Station Satellite Town,67.002541831599999,30.165688892999999
7497,hospital,Al-Gailani Hospital,67.004061920699996,30.166146576999999
7498,hospital,Jailani Hospital,67.003798578599998,30.166505940600000
7499,park,QDA Park,66.999804478399994,30.169265595700001
7500,restaurant,Jaan Broast,67.015336562599998,30.188793727099998
7501,restaurant,Jack the Rebel,67.015669574300006,30.188686032100001
7502,department_store,Salsabila Departmental Store,67.013866704300000,30.188731221000001
7503,hospital,Lady Dufferin Hospital,67.017813519800001,30.193851485200000
7504,police,Police Station City,67.015985586200003,30.194601449200000
7505,mall,Baldia Plaza,67.016508675599994,30.195301071500001
7506,department_store,Qadoosi Store,67.017782603499995,30.195849049600000
7507,mall,Mellinium Mall,67.020311223500002,30.199227899099998
7508,school,Mission School,67.019353320299999,30.200382201000000
7509,college,Govt Girls College Cantt,67.016663754400000,30.201072316400001
7510,park, ,67.039373603300007,25.009852761699999
7511,park, ,67.041751584099998,25.007100618799999
7512,park, ,67.041355835900006,25.008873470800001
7513,park, ,67.040650675699993,25.015511555700002
7514,park, ,67.041084421199997,25.013535017500001
7515,theatre, ,67.020296539000000,24.853053164900000
7516,park,company,74.544964400300003,32.522222531600001
7517,university,Govt. Sadiq Vocational Institute,71.707320119200006,29.385071280100000
7518,park, ,74.421887234099998,31.545907905400000
7519,police,Police Station Guldasht Town,74.421953357999996,31.545643338300000
7520,park,Bilal Park,74.296646628900007,31.555992300200000
7521,park,Bilal Park,74.297347372700003,31.555236965599999
7522,park, ,74.300245965000002,31.539676970599999
7523,park,Jinnah Gardens,74.330541515999997,31.552589460400000
7524,hospital,DHQ hospital Pishin,66.989128070999996,30.571428658100000
7525,park,Yadgar e Shuhuda,74.460102926199994,31.592255588600000
7526,hospital,THQ Hospital Manawan,74.458813679599999,31.591711453599999
7527,track,Cycling Arena,74.330110090199994,31.511994583300002
7528,swimming_pool, ,74.329573746199998,31.513022778000000
7529,swimming_pool, ,74.330141549999993,31.512986649999998
7530,theatre,open air,74.330762288700001,31.514134289299999
7531,sports_centre, ,66.943461045099994,24.874510324900001
7532,pitch, ,66.942786499999997,24.874512849999999
7533,pitch, ,66.942936799999998,24.874507149999999
7534,stadium,KMC Football Stadium,67.008920864499999,24.861579247500000
7535,hospital,Spring Hospital,71.516747505799998,30.203648221700000
7536,school,FG Sir Syed Girls Schoold,73.059787928000006,33.590080952999998
7537,mall,Aashiana Shopping Centre,74.342623222800000,31.512564505400000
7538,pitch,NUST volley ball,72.989764258799994,33.645704249399998
7539,kindergarten,Roots School,73.079040987699997,33.589475109100000
7540,cafe,Central Library Cafe,72.991767678800002,33.641822473100000
7541,cafe,Margalla Cafe,72.989040373799995,33.646793589799998
7542,park,IGIS ground,72.989547147500005,33.644649237199999
7543,cafe, ,72.988020438899994,33.639395786400001
7544,cafe,c4,72.989047347200000,33.635719925600000
7545,mall,Al Harmain Plaza,73.179893424100001,33.645490735999999
7546,chemist,Healthcare Pharmacy,73.179903613899995,33.645472278400000
7547,mall,Khan Zaman Shopping Center,73.179442633700006,33.645090617199997
7548,college,Government College For Women Buffer Zone,67.067062617999994,24.958353530699998
7549,bakery,New Butt Sweets & Bakers,74.414350827299998,31.489534270000000
7550,fast_food,Haji Sardar Machli Farosh,74.412853088099993,31.488060744500000
7551,bank,Askari Bank,74.419010994900006,31.494998103800000
7552,bank,BankIslami Pakistan,74.418074088799997,31.493504838700002
7553,university,Usman Institute of Technology,67.108687101800001,24.927702827099999
7554,hospital, ,71.844263162999994,34.829609744800003
7555,hospital, ,71.844040434999997,34.829298250000001
7556,hospital, ,71.843984140399996,34.829157395099998
7557,pitch,Chitral Football Ground,71.789361579000001,35.854756797699999
7558,hostel,Abdullah Hospital,75.620126514700004,35.289433625900003
7559,school,F G Gril High School Kushmara,75.611413969899999,35.291270148400002
7560,school,F G Boy High School Kushmara,75.614560669300005,35.296617348200002
7561,college,F G Degree College Skardu,75.626535367499997,35.303244636800002
7562,school,USWA Girl Public School,75.634358995400007,35.302536606099999
7563,bakery,Bismallah Bakery & convenience store,75.639104880500000,35.297731337099997
7564,college,F G Gril Degree College,75.638219720699993,35.296164703400002
7565,school,USWA Public Scholl,75.642267045799997,35.290718390800002
7566,park,Nabeel Gabol Park,67.004764407899998,24.877823286999998
7567,school, ,75.634551112400004,35.295765719400002
7568,hospital,DHQ Hospital,75.659513471200000,35.290246563799997
7569,school,F G Boys High School No 1.,75.661436198499999,35.290780434100000
7570,library,Municipal Library,75.637216695999996,35.299550221499999
7571,school,گورنمنٹ ہائی سکول سرکی,72.134350200300005,32.525958088000003
7572,doctors,رورل ڈسپنسری سرکی,72.131870152299996,32.526340723099999
7573,school,گورنمنٹ گرلز ایلیمنٹری سکول سرکی,72.131684857699994,32.526626120600000
7574,school,Roots Montessori Emaar Campus,73.183244127799995,33.519960540800000
7575,park,Jama Masjid Park,66.987110365000007,24.873258378199999
7576,supermarket,سی ایس ڈی,73.348533876499999,30.741925445700002
7577,cafe,MYU Cafe,73.023523077899995,33.674781672100004
7578,park,اقبال پارک,73.351828185299993,30.745327567899999
7579,kindergarten,G.G.P School Pokal,73.078227065099995,34.819421488800003
7580,stadium,اقبال سٹیڈیم,73.351333299999993,30.744271900000001
7581,swimming_pool,Garrison Swimming Pool,73.340372960699995,30.740708975600000
7582,fast_food,Sip n Chat,73.340342768900001,30.741973873100001
7583,golf_course,Garrison Golf Course,73.339635096199999,30.741913575300000
7584,kindergarten,G.P.School Pokal,73.075453302100001,34.817713717099998
7585,school,GPS,73.075445999999999,34.817714549999998
7586,bank,Askari Bank,73.343137164300003,30.751150462100000
7587,college,FG Degree College Okara Cantt,73.353791939700002,30.740438210499999
7588,kindergarten,G.G.P School Palang,73.130707088999998,34.854972716299997
7589,college,DJ Sindh Science College,67.014076747600001,24.853067021400001
7590,college,Government Degree College,67.929705812500004,30.103609362600000
7591,memorial,Mereweather Clocktower,66.997365881199997,24.848928256800001
7592,hospital,سی ایم ایچ,73.341083154800003,30.746964536400000
7593,police,Kharadar Police Station,67.001113213500005,24.851420727499999
7594,park,البرق پارک,73.370482721800002,30.754860476299999
7595,greengrocer,فروٹ شاپ,73.348581818900001,30.742208376299999
7596,bakery,الجہاد بریڈ اینڈ بٹر,73.349282917500005,30.741867286500000
7597,park,Maulana Muhammad Ali Jauhar Park (Kakri Ground),66.998713550199994,24.856232748699998
7598,memorial, ,67.034516731899998,24.861676959099999
7599,college,Saint Joseph Covenant School and College,67.035369793100003,24.861012573699998
7600,school,Saint Paul's High School,67.036018434599995,24.859937430399999
7601,school,Army Public School - Saddar,67.037938858000004,24.860885910099999
7602,school,Karachi Parsi Institute,67.038021037799993,24.862338646600001
7603,university,Dow University of Health Sciences,67.010991650999998,24.857741202800000
7604,hospital,Civil Hospital,67.010447848499993,24.859270201299999
7605,park,Mir Muhammad Baloch Park,67.016132111199994,24.861655749099999
7606,school,Ayesha Bawani School,67.046840097100002,24.856252226500001
7607,university,Jinnah Hospital and Post-Graduate Medical Centre,67.045787358300004,24.851954024899999
7608,school,Federal Government Girls College,67.044293901200007,24.849321775100002
7609,college,Federal Government Intermediate College,67.039449981299995,24.847743447900001
7610,library,Khaliq Dina Memorial Hall and Library,67.011759150299994,24.857940913299998
7611,hospital, ,67.008330212499999,24.858671812400001
7612,hospital,Dr Ruth Pfau Civil Hospital Karachi,67.011560890499993,24.860304008800000
7613,university,"Federal Urdu University of Arts Science & Technology, Abdul Haq Campus",67.009529957400005,24.860891650900001
7614,hospital,Sindh Institute of Medical Sciences (SIUT),67.012182241700003,24.860886463700002
7615,graveyard,Ali Bagh Cemetery,67.004978455300005,24.868736333400001
7616,university,"Benazir Bhutto Shaheed University, Lyari",67.005839981799994,24.868305836499999
7617,graveyard,Kutchi Memon Cemetery,67.007960619399995,24.870368256999999
7618,hospital,Spencer Eye Hospital,67.002752862600005,24.863377704800001
7619,library,Sindh Madrassa Library,67.004373852200004,24.850397780600002
7620,hotel,Karwan Hotel,67.001136190200000,24.860098029000000
7621,park,Allah Rakha Park,66.994900329399997,24.851198328399999
7622,graveyard,Sher Shah Cemetery,66.978507993199997,24.881165461300000
7623,graveyard, ,66.994678877200002,24.848020974800001
7624,school,Deepchand T. Ojha School,66.995407174199997,24.857339703600001
7625,police,Baghdadi Police Station,66.994713180299996,24.859720139499998
7626,school,KMA Girls Secondary School and Degree College,66.997849605900001,24.855400431200000
7627,school,Iranian School,66.997250595799997,24.854984440199999
7628,hospital,Aga Khan Maternity Home,66.996043612099996,24.854864357200000
7629,school,Aga Khan School - Kharadar,66.996068334000000,24.854314239299999
7630,hospital,Kharadar General Hospital,66.995056950399999,24.853990039399999
7631,school,CMS School,67.006078184800003,24.861718794000002
7632,park, ,66.991422115399999,24.937477587000000
7633,park, ,66.994560991399993,24.936259343400000
7634,school,Jama Mohammadi Govt Urdu Boys Primary School,66.996279270900004,24.867033448000001
7635,school,Genu Bai Ji Allama Govt Girls Secondary School,66.995903626100002,24.867638273299999
7636,hospital,Lyari General Hospital,66.993932946100003,24.871439570400000
7637,university,Shaheed Mohtarma Benazir Bhutto Medical College,66.995191103600007,24.871585304800000
7638,park,Sheikh Hayat Park,66.993465322800006,24.872380809900001
7639,park,Madina Park,66.993398909199996,24.876063481700001
7640,park,Sabri Park,66.990917847299997,24.876074196899999
7641,school,CDG Girls Middle School,74.286337133299995,31.523276734200000
7642,park,Children & Ladies Park,74.418800851100002,31.499386801000000
7643,community_centre,Eden Avenue Community Center,74.416962014899994,31.499816775500001
7644,stadium,البرق ہاکی گراؤنڈز,73.367117464200007,30.744853596599999
7645,restaurant,DATA,74.407967893800006,31.492262927199999
7646,stationery,Junaid Book Depot,74.406198330199999,31.493865725700001
7647,furniture_shop,Alpha Design Studio,74.409424506600004,31.483479629600001
7648,bank,Bank Of Punjab(Islamic Banking Branch),74.408489483599993,31.483591603600001
7649,pharmacy,Clinix Pharmacy (Defence Branch),74.407511092500002,31.483665352199999
7650,community_centre,Jawad Centre,74.407266011199994,31.483477332900001
7651,bakery,Gourmet Bakers,74.403207817400002,31.494844491999999
7652,restaurant,iMOB,74.406549937999998,31.482931941800000
7653,food_court,Data Ali Hajveri Naan Shop,74.409241133099997,31.501445850200000
7654,guesthouse,Alishan house,74.407172950000003,31.500602199999999
7655,park, ,74.424603193300001,31.492093548700002
7656,park, ,74.408462950000001,31.501807750000001
7657,park, ,74.410227794400001,31.502157032400000
7658,park, ,74.406750698200000,31.503723931800000
7659,mall,Haly Tower DHA,74.401346272300003,31.475558434900002
7660,restaurant,Baba Ji And Son Shicken Shop,74.406695266699998,31.497238233699999
7661,bank,National Bankof pakistan,74.402394961200002,31.474739957400001
7662,bank,Habib Bank Limited,74.402544499499996,31.474732400400001
7663,fast_food,BURGERMAN,74.402649785500003,31.474726854600000
7664,bakery,Bundu Khan Sweets & Bakers,74.403109679400004,31.474703779999999
7665,cafe,Gloria Jean's Coffees,74.402397017599995,31.474583966099999
7666,restaurant,Cafe Heeva,74.402529680000001,31.474578515200001
7667,restaurant,Bait Ul Sajji,74.402590748500003,31.474351829200000
7668,restaurant,Dogar Restaurant,74.403231747600003,31.474332917700000
7669,bank,Emaan Islamic Banking Silk Bank,74.402428012399994,31.474264805299999
7670,restaurant,Sofra Restaurant,74.402829793999999,31.474348935900000
7671,fast_food,Pizzano Pizzas & Fast Food,74.402056710899998,31.473945321900000
7672,hairdresser,NK Hair Saloon,74.402033480800000,31.473613165500002
7673,kindergarten,GGPS Jan Baik,73.171067734199994,34.869389375499999
7674,shelter,G.P.S Spedar,73.064576416999998,34.819916040999999
7675,restaurant,chinese Hotel White House,74.422465250000002,31.498887900000000
7676,restaurant,White House Hotel,74.422806522299993,31.498827216500001
7677,playground,KB Society Play Ground,74.420131003500003,31.488842642400002
7678,park, ,74.415849899899996,31.485271444199999
7679,park, ,74.422598832500000,31.499250482800001
7680,park, ,74.411841523600003,31.486040627200001
7681,restaurant, ,74.421729231100002,31.498784032300001
7682,park, ,74.422067282000000,31.499049601700001
7683,restaurant, ,74.421794691800002,31.498911131800000
7684,park, ,74.423722011699994,31.498918322100000
7685,park, ,74.423440759599998,31.499839258100000
7686,park, ,74.422499918100002,31.501235624300001
7687,museum,Golra Sharif Railway Museum,72.948588089599994,33.669525567000001
7688,park, ,74.417580193500001,31.503852575000000
7689,park, ,74.419657950000001,31.504181549999998
7690,cafe,khan cafe,73.009260211400004,33.700586353399999
7691,swimming_pool,khan home betak,70.749009334099995,32.561261105200003
7692,park, ,74.422962204599997,31.503084721699999
7693,park, ,74.424401375000002,31.486839281000002
7694,bakery,Al Sabahat Baker,67.063005520199994,24.989522122299999
7695,hostel,Ktown Rooms Near Airport,67.112341633400007,24.900625839500002
7696,park, ,72.870788165099995,33.612161776599997
7697,park, ,74.440376784500003,31.476159813500001
7698,hospital,Cantonment Board Gen Hospital,73.050318869400002,33.598616433300002
7699,playground,play ground,72.965177330299994,33.646133258200003
7700,supermarket,Pinjab Cash and Carry,72.958953822699996,33.644649149300001
7701,park,Children Park,72.959862495400003,33.642591725499997
7702,park,Hill view Park,72.958520216899998,33.645373017399997
7703,park,Jogging Park,72.959595488600002,33.645693001100000
7704,park,Jogging Park,72.963304503399996,33.646227455300000
7705,park, ,74.439424741099998,31.488546749800001
7706,park, ,74.436372098600003,31.486179259299998
7707,park, ,74.449276089799994,31.481890675900001
7708,park, ,74.446295562399996,31.479657883600002
7709,park, ,74.445974587300000,31.482146610899999
7710,fast_food,Subway,74.417818850000003,31.535632450000001
7711,community_centre,Connexion Marquee,74.425416561899993,31.522968683500000
7712,community_centre,Qasar E Noot Hall No.8,74.393711049000004,31.538013266800000
7713,community_centre,Defence Orchards,74.393573274000005,31.537447192199998
7714,community_centre,Casablance Hall 10,74.393545137199993,31.536998330199999
7715,community_centre,Dustoor Banquet Hall,74.393503709300006,31.536488824300001
7716,restaurant,The Backyard Grill,74.425106087399996,31.521062662300000
7717,bank,Faysal Bank,74.380102456499998,31.526474913900000
7718,guesthouse,PTCL Guest House Lahore,74.381115026100005,31.522300354599999
7719,guesthouse,State Guest House,74.380272517700007,31.518252989499999
7720,guesthouse,Walton Guest Rooms,74.384061931900007,31.520268803400000
7721,guesthouse,Army Aviation Mess,74.382641227099995,31.520713302200001
7722,post_office,Cantt GPO,74.382351225600004,31.525219509700001
7723,park, ,74.391012173400000,31.516991144900000
7724,park,Sec F Park,74.425927566300004,31.523474682700002
7725,sports_centre,Sports Complex F Block,74.427474767299998,31.523495459900001
7726,park, ,74.427277054200005,31.516078401900000
7727,furniture_shop,Tinny Minny Home Decor,74.430418220899995,31.510948553700000
7728,car_dealership,Sigma Motors,74.430117459100003,31.512059312900000
7729,golf_course,Lahore Garrison Golf & Country Club,74.395444430500007,31.540388008200001
7730,pitch,judba cricket ground,72.780637870400000,34.618461046800000
7731,school,government girls primary school,72.782965730000001,34.618323132900002
7732,bank,khyber bank shagai,72.802916028900000,34.678547233400003
7733,park,play ground,72.019988061999996,34.610159062800001
7734,playground,Cricket ground,72.025667955700001,34.613194025200002
7735,archaeological,Sayad Abad,71.255562612099993,33.603108902700001
7736,playground,Rigee,71.248108918300005,33.607496030500002
7737,playground,Serya FooBall Ground And Cricket Ground,71.249318017400000,33.605428413500000
7738,college,Girls Degree Collage,71.259905647599993,33.605119768000002
7739,stadium,Qazi Mohib Stadium,70.607934622599998,32.989292194500003
7740,police,Police line,70.608856574000001,32.989159143199998
7741,school,Pennil School Ground,70.606701791399999,32.989426249399997
7742,bakery,Kitchen Cuisine,74.380562872799999,31.520683004399999
7743,park,Mobilink Theme Park & Flower Market,74.381159931100001,31.520025622900000
7744,bank,National Bank of Pakistan (NBP),74.378492338900003,31.521681764600000
7745,swimming_pool,Swimming,74.378600750000004,31.519117800000000
7746,pitch,FootBall Ground,71.239692095300001,33.609299440299999
7747,park, ,74.451015410699995,31.486884019800002
7748,park, ,74.448281661500005,31.487715166699999
7749,park, ,74.453920850800003,31.487152915700001
7750,park, ,74.442772978700006,31.494829315499999
7751,park, ,74.436660061599994,31.496648842399999
7752,park,shaheed Fazal Qadir park,70.610528122800005,32.988819120099997
7753,pitch,cricket ground,70.909791303000006,33.024319693599999
7754,restaurant,Refreshment,74.058501070800006,32.564481850500002
7755,hospital,Hospital,74.057202664299993,32.564119541399997
7756,bank,HBL Bank,74.056669457400005,32.563569437600002
7757,bank,Allied Bank,74.056789975900003,32.563878447500002
7758,bank,Bank Of Punjab,74.055137700200007,32.563393123399997
7759,restaurant,Gourmet Bakers,74.054675149800005,32.562858865599999
7760,hospital,Hospital,74.054707934199996,32.563449054499998
7761,hospital,Hospital,74.054971801600004,32.562929636800000
7762,university,Sindh Muslim Arts College,67.015819858200004,24.853595382100000
7763,university,Sindh Muslim Law College,67.015928349700005,24.852798834700000
7764,pitch, ,70.619467691599993,32.993896999299999
7765,hospital,Ladies hospital,70.601235154899996,32.987873533200002
7766,school,Government No 2 School,70.600026975000006,32.986849984400003
7767,pharmacy,Pharmecy clinic,70.601494904299997,32.986531067900003
7768,school,Government High NO 1 school,70.603247267499995,32.984612456299999
7769,school,Girl High School,70.602431350100005,32.985036862199998
7770,pharmacy,Pharmecy department,70.600815033000003,32.987090283299999
7771,graveyard,Mewa Shah Cemetery,67.007677214500006,24.885169503800000
7772,park,Gutter Baghicha,67.009372855799995,24.893698456199999
7773,park,Sohrab Katrak Park,67.030364995400006,24.871653254999998
7774,hospital,Holy Family Hospital,67.027961097900004,24.872222466400000
7775,college,Fatima Jinnah Government Girls School,67.019491854300000,24.875464506000000
7776,school,Fatima Jinnah Government Girls School,67.019491854300000,24.875464506000000
7777,park,Kidney Hill Park,67.077220580800002,24.880349783500002
7778,hotel, ,72.640446646000001,34.118512878200001
7779,police,police station,72.649666941999996,34.105908031399998
7780,park,park,72.643712440200005,34.113509030099998
7781,park,park,72.646224769800000,34.114251480800000
7782,school,luqman public school,73.157947654400004,34.556536733599998
7783,pitch,cricket ground,72.643756029700000,34.128531615100002
7784,pitch,ground,72.642263615499999,34.130314433300001
7785,restaurant,Taste Corner,74.411507263000004,31.537461914700000
7786,beauty_shop,Milano Salon for Men,74.411433524499998,31.537013689700000
7787,beauty_shop,Khawar Riaz Bridal Salon,74.416989349999994,31.537815850000001
7788,guesthouse,Murtaza Tower,74.416685874699994,31.537581853999999
7789,pitch,Basketball Court,74.407172931399998,31.538428037700001
7790,pitch,Basketball Court,74.407447976499995,31.538474312500000
7791,pitch,Roller Skating Area,74.407219823399998,31.539216834299999
7792,park, ,74.407833098799998,31.536458424900001
7793,park,DHA street 9 park,74.437825463699994,31.506466524499999
7794,hospital,KMC Maternity Hospital,67.002729824100001,24.872466990100001
7795,university,Dow University of Health Sciences - Ranchore Lines Campus,67.011597291300006,24.862019718999999
7796,park, ,67.117982293200001,24.964689186600001
7797,university,University of Karachi,67.119547501699998,24.941856823799998
7798,outdoor_shop,Cappah International,74.441855708700004,31.529163522499999
7799,car_dealership,Defence Motors,74.443246978100007,31.528335068299999
7800,park, ,74.445132627199996,31.526505715300001
7801,park, ,74.445403758300003,31.526405899499998
7802,car_rental,Bilal Rent A Car,74.445757539799999,31.526450419800000
7803,car_rental,STS Rent A Car,74.446631296999996,31.525801363100001
7804,chemist,We Care Pharmacy,74.447032099599994,31.525504850200001
7805,park, ,74.394137200000003,31.515165849999999
7806,supermarket,Bismillah  General Store,74.391848275499996,31.515457387200001
7807,school,Government School,66.992317914899999,24.864027594800000
7808,school, ,66.991484596500001,24.868385120700001
7809,school,Government School,66.999286202999997,24.865880516099999
7810,post_office,Lyari Head Post Office,66.999175825600005,24.866911027400000
7811,park,Bakhtawar Park,66.999607841200003,24.866482213400001
7812,graveyard,Essa Nagri Cemetery,67.065214571300004,24.904213169100000
7813,park,Aziz Bhatti Park,67.094911951699999,24.913834477300000
7814,university,"Federal Urdu University of Arts, Sciences & Technology",67.089400509599997,24.911104234600000
7815,park,Bagh-e-Quaid-e-Azam,67.040123271499994,24.874842282100001
7816,hospital,SIUT Drig Road Dialysis Unit,67.125848760599993,24.884144759400002
7817,college,St. Thomas Theological College,67.029582911800006,24.852094244300002
7818,university,Islamia Science College,67.046177112199999,24.879766908499999
7819,university,Dawood University Of Engineering & Technology Karachi,67.047598453500001,24.878811491499999
7820,park, ,66.996857587999997,24.851141275800000
7821,graveyard,Noor Ali Shah Bukhari Cemetery,67.006321805599995,24.944598562900001
7822,graveyard,Shah Muhammad Cemetery,67.050045710500001,24.974558471100000
7823,university,SZABIST,67.031400984300006,24.820683558500001
7824,park,Children,70.599198990999994,32.986255358900003
7825,school,GHS Pokal,73.083625952399998,34.815870923200002
7826,graveyard,Ali Town Graveyard,73.054060005400004,33.551644211099998
7827,restaurant,Lodhi Foods & Refreshment Centre,73.057760222200002,33.553776501199998
7828,bakery,Dhaka Sweets,73.057104039600006,33.553086005300003
7829,pharmacy,Shaheen Chemist,73.058554002199998,33.554113590900002
7830,pharmacy,Aziz Medical Store,73.058387717800002,33.554438099999999
7831,restaurant,Zaiqa Foods,73.058889191199995,33.554520166499998
7832,bank,Meezan Bank,73.057503475700003,33.553486602699998
7833,park, ,74.374418750000004,31.510076949999998
7834,park,EzGarden,74.375669349999995,31.516862849999999
7835,park, ,74.376443533000000,31.513388033700000
7836,park, ,74.377912499999994,31.513379700000002
7837,park, ,74.377091449999995,31.515738750000001
7838,guesthouse,Hujra,73.075180142899995,34.819493936900002
7839,guesthouse,Hujra,73.075350907399994,34.819628080800001
7840,shelter, ,73.075520975600000,34.819651775099999
7841,school,SCIL School Barki Road Branch,74.469585438600006,31.507736348200002
7842,park,S park,74.467118509200006,31.502698132500001
7843,park,Baleja(Gilaal),73.012024317200002,34.957382030500000
7844,university,Sindh Madrrassa-tul-Islam,67.004906747099994,24.850817462700000
7845,fast_food,Outpost BYOB,74.447530244700005,31.522050813500002
7846,restaurant,Chai Shaai,74.447770255500004,31.521844904500000
7847,park,Sec P Park,74.443898512700002,31.510562403500000
7848,hotel,DHA Palace Hotel,74.442904922899999,31.508340215600001
7849,supermarket,Grossen 21,74.445662582300002,31.501686795000001
7850,park,Sec Q Park,74.447059143000004,31.500783455499999
7851,park,Street 10 Park,74.439418343100002,31.508002119099999
7852,park,M Sector Park,74.438106703700001,31.508276851000002
7853,park,DHA Phase 8 Park,74.436926992799997,31.509017628700001
7854,park,Park Lahore Pakistan,74.434158597700005,31.510189655000001
7855,park,BBCPL Park,74.432657112599998,31.510045486799999
7856,supermarket,Freshly,74.433011630799996,31.510466287600000
7857,guesthouse,Banna Guest House,73.064124368799995,34.829596255100000
7858,bank,Security Bank,73.064366194000002,34.830389447700000
7859,hospital,Emergency,73.064461917800003,34.830364600499998
7860,kindergarten,Banne High School,73.065450847400001,34.832461651000003
7861,bank,National Bank Of Pakistan,73.063692833100006,34.829924678600001
7862,shelter,Rice Peeler,73.075415948499995,34.819282393000002
7863,playground, ,67.008978529100006,24.876421010600001
7864,embassy,Afghanistan Consulate,67.026434506699999,24.815450340999998
7865,school,Convent of Jesus and Mary School,67.032934773400001,24.820290835500000
7866,university,Shaheed Zulfikar Ali Bhutto Institute of Science and Technology - Karachi Campus,67.031824397899996,24.818865595999998
7867,park, ,67.007022074500000,24.948777046099998
7868,park, ,67.008482729799994,24.946840036600001
7869,school, ,67.006238211799996,24.947361527799998
7870,college,Allahwala College,67.005237600100003,24.947642739700001
7871,hospital,Qatar Hospital,67.009459540600005,24.945466773100001
7872,hospital,Qatar Hospital - Cardiology,67.012687989100002,24.943971159000000
7873,college,Dar-ul-Uloom Hanafia,67.006796039400001,24.938446559700001
7874,graveyard, ,67.005446973399998,24.924777662600000
7875,graveyard, ,66.991366556299994,24.920065700500000
7876,park, ,66.994917426399994,24.924863493099998
7877,park, ,66.998478328900006,24.925840341400001
7878,university,Bahria University Medical & Dental College,67.050585830000003,24.840301517899999
7879,hospital,Navy Shifa Hospital,67.049639736900005,24.837406651799999
7880,school,St. Michael's Convent School,67.026116102800003,24.828913469800000
7881,police,Cantt Police Station,74.375952986399994,31.525795368299999
7882,restaurant,Zakir Tikka,74.376148378699995,31.526284959200002
7883,restaurant,Baba Jamal Tikka Shop,74.378527713799997,31.528077288300000
7884,supermarket,Rahat Bakers,74.376978175199994,31.529473501500000
7885,hotel,Ameen Hotel,74.377042134700005,31.529144236699999
7886,park, ,74.379095279900000,31.530249461000000
7887,university,University of South Asia,74.378660715699993,31.533087865199999
7888,hospital,Sobraj Maternity Hospital,67.016659598399997,24.858206326000001
7889,college,Government College for Women,67.017802023399994,24.858032221500000
7890,park, ,67.023526845700005,24.849906110999999
7891,pitch,Aram Bagh Park Basketball Court,67.013479787500003,24.856327478499999
7892,school,J.M.B. Girls School,67.015759492699999,24.858970436700002
7893,park,Eden City Park,74.434186696899999,31.507735484400001
7894,car_rental,Defence Car Rental,74.430836905099994,31.505016953700000
7895,hostel,Boys Hostel,74.370265658299999,31.537742686600001
7896,restaurant,Alamode Cafe,74.371518627000000,31.538243249200001
7897,park, ,74.376442260000005,31.538085578499999
7898,food_court,AMC Mess,74.378833140300003,31.540673935800001
7899,playground,Islamia College Playground,74.379024023100001,31.545773839399999
7900,restaurant,Food Fashion,74.377424000000005,31.545619550000001
7901,park,DHA Park,74.436769313100001,31.512373678100001
7902,park,DHA Park,74.435867172100004,31.513050577600001
7903,park, ,74.437046394299998,31.513941539699999
7904,park,Eden City Small Park,74.440331660100000,31.514834203100001
7905,park,Chagi Park,66.965179859200006,24.933123076499999
7906,park, ,66.961862143999994,24.934671504400001
7907,park, ,74.439477429700005,31.511499192100000
7908,park,Park Sector D,74.441028893699993,31.523431483900001
7909,bakery,Gourmet Bakers,74.379700150000005,31.546485050000001
7910,bank,Summit Bank,74.376796536499995,31.540257574900000
7911,bank,National Savings Center,74.376833300000001,31.540817050000001
7912,park, ,74.375511602000003,31.542628379000000
7913,school,Muslim Model High School,74.376409682800002,31.544620153400000
7914,park,Muslim Model High School,74.376453425299999,31.545216586100000
7915,bank,HBL Bank,74.376974149999995,31.546035000000000
7916,school, ,66.960421225299996,24.941113900100000
7917,school, ,66.952896668400001,24.937694790100000
7918,school,Government Girls Primary School,66.964632235300002,24.933901343199999
7919,fast_food,McDonald's,67.116910399999995,24.900245250000001
7920,park,Shamim Shaheed Park,67.004291374100006,24.952127725800000
7921,graveyard, ,66.994857843500000,24.953887250200001
7922,fast_food,McDonald's,67.060473351499994,24.841303284300000
7923,bank,United Bank Limited,74.445835475099997,31.526883855400001
7924,doityourself,HM Sons Pvt. Ltd,74.454673552100004,31.520458929499998
7925,park, ,67.011976390800001,24.854248041200002
7926,restaurant,CHISHTI RESTAURANT GADAP,67.212227303399999,24.985671953499999
7927,park, ,67.224939965999994,25.025331708600000
7928,bank,Faysal Bank,74.457412715800004,31.518095852999998
7929,park,BADAME BAGH,67.264903507599996,25.063000281299999
7930,park,Commercial Ground,74.462276523599996,31.519741205999999
7931,park,Main Park Green City,74.462817229600006,31.519289401100000
7932,park,NOOR SAB BAK,67.265765201999997,25.110717856600001
7933,supermarket,K Mart,74.461610404100000,31.518998497100000
7934,park,D-Block Park,74.464587399500004,31.523976875599999
7935,park,C-Block Park,74.464656588799997,31.521267095999999
7936,pitch, ,67.029429500800006,24.809136974400001
7937,school,Al-HIdayah Academy,67.028294345299997,24.808598063100000
7938,pitch, ,67.028030944799994,24.808083984700001
7939,monument,Jehangir Kothari Pavilion,67.026211832599998,24.813672253600000
7940,park, ,67.219728396199997,25.013725915900000
7941,college,COMUNITY EJOUATION AND TECHNOLOGY CENTER GADAP,67.260955295200006,25.061597643799999
7942,fast_food, ,67.256529592299998,25.100369647099999
7943,greengrocer, ,67.256493071400001,25.100425766499999
7944,greengrocer, ,67.256665959200006,25.100196554800000
7945,fast_food, ,67.256521853899997,25.100862394100002
7946,greengrocer, ,67.256589082600001,25.100732964100001
7947,greengrocer, ,67.257155822000001,25.100033982900001
7948,bakery, ,67.257227317700000,25.099866326499999
7949,restaurant, ,67.257251248100005,25.099796890099999
7950,park,Imperial Garden Park,74.456065522100005,31.525228598599998
7951,mall,Imperial Mall,74.452694556699996,31.525286527300000
7952,restaurant,Aroma Grill,74.453633387899998,31.526048256700001
7953,park,Paragon Imperial Park,74.452793221700006,31.525977364700001
7954,graveyard, ,67.018173458999996,24.951365508300000
7955,graveyard, ,66.985395318299993,24.968309163299999
7956,graveyard, ,67.001543863699993,24.955274125100001
7957,school, ,66.999939625600007,24.872565716800001
7958,school,Gabol Govt Boys Primary School,67.007426687199995,24.872233207800001
7959,swimming_pool, ,67.027512257300003,24.848389637099999
7960,hotel,Marriott Hotel,67.031081759499997,24.846217609000000
7961,swimming_pool, ,67.030801686000004,24.846233192600000
7962,hotel,Gilani Hotel,67.038312050000002,24.842977250000001
7963,supermarket,KMC Market,67.038073311600002,24.842636845299999
7964,park, ,67.037774471500001,24.842609049699998
7965,park, ,67.038236913899993,24.842858842999998
7966,hotel,Nishat Hotel,67.038442750000002,24.842875150000001
7967,hotel,Shams Hotel,67.038596489699998,24.842892478400000
7968,hospital,BHU,67.271727433199999,25.065257844600001
7969,fast_food, ,67.256173808900002,25.101363957299998
7970,restaurant, ,67.257508274800003,25.099042523400001
7971,greengrocer, ,67.257648433499995,25.099164111499999
7972,mobile_phone_shop, ,67.257458150000005,25.099150000000002
7973,greengrocer, ,67.257358190700003,25.099323628200001
7974,greengrocer, ,67.257563324200007,25.099001143999999
7975,fast_food, ,67.257574114400001,25.098979396499999
7976,fast_food, ,67.256839900000003,25.100363300000001
7977,greengrocer, ,67.256815767800006,25.100405903900000
7978,hairdresser, ,67.256854604599994,25.099938682000001
7979,doityourself, ,67.256830500000007,25.099981249999999
7980,car_wash, ,67.256737690799994,25.100113669799999
7981,greengrocer, ,67.256259641300005,25.101368641400001
7982,community_centre,Pakistan American Cultural Center,67.036050172499998,24.845341455500002
7983,school,Jenning's School,67.036294364100002,24.844935333799999
7984,park,Gedar,73.172936154599995,34.862258712799999
7985,convenience,Qala bazar,73.147648577200002,34.865614300399997
7986,convenience,Manz kalay  Gantar Bazar,73.153076331400001,34.869564959599998
7987,stadium,Nawaz Sharif Stadium,74.336608026799993,32.337986158900001
7988,pitch, ,74.336440540500007,32.337965093599998
7989,museum,Wazir Mansion,66.997526124800004,24.850990461900000
7990,pitch, ,74.349391883799996,32.332434318399997
7991,school,Govt. Christian High School,74.349582878000007,32.331805940700001
7992,school,Govt. High School,74.352333572800006,32.330530013599997
7993,hotel,Aslam Guest House,66.999578379599996,24.851830066500000
7994,hospital,BHU,67.235155829400000,25.128260686499999
7995,pitch, ,67.034869773899999,24.846845658300001
7996,hotel,Khyber Hotel,67.027543211199998,24.860955681200000
7997,mall,Hong Kong Shopping Mall,67.030392034700000,24.859743156000000
7998,police, ,72.357347536299997,34.344166379699999
7999,police, ,72.357296371900006,34.344064782700002
8000,playground,AKU Foot Ball Ground,67.071279520000004,24.891424299600001
8001,park,Green Area,67.071629599100007,24.891745284900001
8002,park, ,73.072343797800002,33.717732144999999
8003,park, ,73.074104595799994,33.715340865100003
8004,school,Islamabad Model College for Boys,73.077481497600004,33.716979187600003
8005,playground, ,66.970900318999995,24.914799139300001
8006,park, ,66.966852817399996,24.918428901199999
8007,graveyard, ,66.972156981400005,24.921741675200000
8008,park, ,66.967497979900003,24.921311405600001
8009,school,Baldia Primary School,66.969398033000004,24.919781163500001
8010,pitch,Rana Football Stadium,66.973474228900002,24.921012778300000
8011,park, ,66.964631739900000,24.922818467700001
8012,park, ,67.068870943199997,24.982503831100001
8013,park,Nanakwara Garden Family Park,67.006062323400002,24.858627332600001
8014,school,Taleemgah-e-Niswan Government Girls Primary,67.007287648800002,24.857747779099999
8015,stadium, ,72.685387650099997,32.077209206399999
8016,police,Traffic Police Station Kharadar,66.996393234500005,24.850975790900002
8017,post_office,Saddar General Post Office,67.026671630899997,24.859918846799999
8018,school,Bai Virbaiji Soparivala Parsi High School,67.025047693800005,24.861943903800000
8019,park,Kalash Park,73.105761954200005,31.490255482700000
8020,bank,Meezan Bank,67.018402678399994,24.843476732199999
8021,fountain, ,73.185626012900002,33.516891340900003
8022,fountain, ,73.182308831699999,33.517491897399999
8023,school, ,67.020883043699996,24.843270848600000
8024,school, ,67.020939955599999,24.841973750000001
8025,school, ,67.019807930499994,24.841311995500000
8026,bakery,Adnan Tandoor,67.020671367399999,24.838704159599999
8027,bicycle_shop,Cycle wali Dukan,67.020316732100000,24.838217797199999
8028,bakery,Tandor,67.020207503899996,24.838405239800000
8029,bakery,Ayub Nan Shop,67.018528220299999,24.839287885600001
8030,bakery,Havelu bazar,73.153411715399997,34.872278888300002
8031,bakery,Bela bazar,73.088093629300005,34.819250648199997
8032,park,Alpine Garden,74.380089615900005,31.517184073399999
8033,cafe,New Quetta Hotel,67.017735250000001,24.841451800000002
8034,bakery,Tandoor,67.017741099999995,24.841601499999999
8035,hairdresser,Nayi ki Dukan,67.017772175299996,24.841651958900002
8036,jeweller,Ayub Sawat Jeweler,67.017883249999997,24.841777950000001
8037,mobile_phone_shop,Shama Communication,67.018037600000000,24.841771999999999
8038,cafe,Papu Tea Hotel,67.017642350000003,24.841711849999999
8039,butcher,Masood Chicken Centre,67.017377049800004,24.840917256099999
8040,clothes,Masha Allah Cloth Store,67.017677620599997,24.840721783900001
8041,restaurant,Haji Nawab Khan Naqshbandi Hotel,67.020214850000002,24.843885984300002
8042,bakery,Lajwab bakery and Superstore,67.017876540100005,24.841450923699998
8043,bakery,Baloch Hotel (Tandoor),67.018051409899996,24.841959977900000
8044,bakery,Tandoor,67.020041107099999,24.843164466099999
8045,prison, ,69.448743553300005,31.338956745000001
8046,graveyard, ,69.443757709699995,31.334601882000001
8047,pitch, ,69.457880294600002,31.349110363600001
8048,library,Rawalpindi Cantonment Library,73.046076948099994,33.595863258700000
8049,butcher,Anis Remman Chicken Centre,67.018199617999997,24.842425395900001
8050,park, ,67.096260166700006,24.899190766699999
8051,park, ,67.095537944300006,24.899631065800001
8052,park, ,67.095530035400003,24.899250727399998
8053,wastewater_plant, ,67.096645728100000,24.897842555200000
8054,wastewater_plant, ,67.096771422499998,24.897828794999999
8055,park, ,67.096681586700001,24.897624534599998
8056,park, ,67.095851927599995,24.897761202300000
8057,restaurant,Khan Chapal Kebab House,74.382884027000003,31.505621641600001
8058,mobile_phone_shop,China Mobile,74.383719915499995,31.505415486099999
8059,post_office,Pakistan Post,74.382472250000006,31.505483150000000
8060,park,Children's Park RA Bazar,74.382322825000003,31.504963091000000
8061,police,Traffic Police Office,74.382069049999998,31.502135100000000
8062,police,RA Bazar Police Station,74.382125572199996,31.502485525699999
8063,park, ,67.095597643700003,24.898560123599999
8064,park, ,67.094398168799998,24.898727229799999
8065,park, ,67.095768942199996,24.900582277400002
8066,water_well, ,67.097010850000004,24.897373750000000
8067,park, ,67.097064472300005,24.897525763400001
8068,park,RA Bazaar Park,74.384483755100007,31.504766092699999
8069,park,Nadeem Football Club RA Bazaar,74.385135925399993,31.504645639400000
8070,hostel,Aziz Bhatti Hostel,74.387254193199993,31.504272835399998
8071,bakery,Rahat Bakerrs & Departmental Store,74.387362114300004,31.494743617000001
8072,bakery,Gourmet,74.387213196399998,31.491947271400001
8073,bank,Meezan Bank,74.387334474799999,31.492876542000001
8074,community_centre,Moon Banquet Hall,74.387366965499993,31.493584482500001
8075,car_dealership,Honda,74.387717753600000,31.493506424000000
8076,restaurant,Al-Nakeeb Naan Shop,74.388720236899999,31.494210519900001
8077,restaurant,Spice n Bite,74.387287541299997,31.494256325500000
8078,park, ,74.447359368199997,31.536561600999999
8079,park,Baoli Amusement Park,74.438331813700003,31.548436976300000
8080,shoe_shop,Servis Shoes,74.387203924600001,31.491082694199999
8081,playground, ,74.439967295299994,31.556896176100000
8082,park, ,74.385596049200004,31.493286455900002
8083,park, ,74.384719793200006,31.491596646100000
8084,restaurant,Burger Bar,74.381980322999993,31.488165884400001
8085,car_dealership,Waris Motors,74.376258526200004,31.493705691700001
8086,water_mill, ,73.085658899999999,34.819943033300000
8087,water_mill, ,73.077041899999998,34.822775466700001
8088,water_mill, ,73.090832033300003,34.820506033299999
8089,community_centre, ,73.079060397099994,34.818955558399999
8090,community_centre, ,73.078494847200005,34.819677832200000
8091,furniture_shop,Gull Namair,73.077914355399997,34.819771697800000
8092,furniture_shop,Hazrat ahmad,73.078860285199994,34.819583772500003
8093,community_centre, ,73.076388222600002,34.819809243700000
8094,community_centre, ,73.074413356700006,34.819133948599998
8095,community_centre,Hujra Taj Muhammad khan,73.079232841600003,34.819708868900001
8096,park,New Mazhar Lines Family Park,74.394138060000003,31.509816939699999
8097,bakery,Kanai Bazar,72.989491985699999,34.800055741000001
8098,pitch,Allai cricket stadium,73.056227167399996,34.837862807999997
8099,camp_site, ,73.057421029500006,34.837224460999998
8100,courthouse,Allai court,73.058113702499995,34.836583840899998
8101,police,Allai police station,73.057840018999997,34.835925700799997
8102,supermarket,Plaza Vea,73.063668658200001,34.830497049199998
8103,veterinary, ,73.066210213100007,34.830360542599998
8104,bakery,Tandoor,67.020103325700006,24.843213653300001
8105,beauty_shop,Ahazar daewoo beauty parlour,67.019511582000007,24.843366193300000
8106,cafe,Riaz Hotel,67.019991453000003,24.843704866300001
8107,butcher,Chicken meat Shop,67.017119514599997,24.840425457100000
8108,stadium, ,71.972977971099994,34.063058028000000
8109,restaurant,P.F. Chang's Pakistan,74.351411226699994,31.516204945100000
8110,park, ,67.097016166700001,24.897090866700001
8111,graveyard, ,67.090548618200003,24.894190866199999
8112,park, ,67.093992753799995,24.898018153900001
8113,community_centre,Bharia Auditorium,67.089301064400004,24.887957735499999
8114,mall, ,67.089797282399999,24.887675271799999
8115,police,Manawan Police Station,74.461030729399994,31.593478358900001
8116,community_centre,VIP Marriage Hall,74.475032432800006,31.594701480400001
8117,bank,Bank Al Habib,74.473679550000000,31.594482150000001
8118,bank,Allied Bank Limited ATM,74.472923517799998,31.594348715799999
8119,park,Al Ahmed Garden Park,74.473495562099998,31.597872211300000
8120,park,B Block Park,74.448703470599995,31.594608307900000
8121,pharmacy,Lasani Pharma (PVT) Limited,74.469262946300006,31.599516994900000
8122,library, ,67.088596530600000,24.889923304500002
8123,mobile_phone_shop,Alnoor Mobile & Repairing Shop,74.493627849999996,31.596482450000000
8124,police,Police Station Batapur,74.495787972399995,31.596066054400001
8125,park, ,74.482425497899996,31.591430277899999
8126,restaurant,Yasir Broast,74.401090376400006,31.548777607000002
8127,bank,Meezan Bank,74.401735742900001,31.548758282600001
8128,restaurant,Mansha Tikka,74.402033562499994,31.548719623099998
8129,park,Iftkhar Park,74.425187337400004,31.575224404000000
8130,bank,MCB Bank,74.405587873299993,31.548349438799999
8131,restaurant,Pizza Domeno Hut Jory Pul,74.405909656299997,31.548290073000000
8132,park, ,74.400101791300003,31.548515148500002
8133,car_dealership,Porsche,74.404500364100002,31.544394066599999
8134,park, ,73.187457343399998,33.518271215100000
8135,shelter, ,73.187519505300003,33.518202599299997
8136,shelter, ,73.187272278500004,33.518329227099997
8137,park, ,74.367500354499995,31.422918918499999
8138,bank,Bank of Punjab,74.357393778700001,31.423457287600002
8139,bank,Bank Islami,74.357348676100003,31.423617780899999
8140,bank,Meezan Bank,74.357266266099998,31.423926828399999
8141,bank,Habib Bank Limited,74.357127642799995,31.425284497600000
8142,park,WBC Big Park,74.355661148099998,31.421205918700000
8143,bank,JS Bank,74.357671126300005,31.421455945500000
8144,clothes,Motifz,74.356707680499994,31.416765887000000
8145,park, ,74.353198449999994,31.448001550000001
8146,sports_centre,WAPDA Sports Complex,74.352676340299993,31.446793607699998
8147,park, ,74.338466587499994,31.468677887399998
8148,motel,Mayo Store,74.327093812300006,31.418991266500001
8149,pitch, ,74.345535964999996,31.466457904199999
8150,hotel,Sadiq Hotel,74.339691999999999,31.612306199999999
8151,park, ,74.348135072700003,31.460460106100001
8152,park,Malik Park,74.344498835600007,31.457896060100001
8153,mall,Grand,74.381986695099997,31.328103470399999
8154,bank,The Bank of Punjab,74.350283613399995,31.458217095799998
8155,hotel,Al-Hafiz Hotel,74.350594650000005,31.457569549999999
8156,hostel,Nurses Hostel,74.349319153799996,31.455544300100001
8157,mobile_phone_shop,Multi Mobile & Cold Corner,74.365065925200000,31.608807947999999
8158,park,Khawaha Family Park,74.367100750000006,31.610180950000000
8159,park,A BLOCK PARK,74.383995799100006,31.325473853599998
8160,hostel,Doctors Hostel,74.350137432799997,31.453649880099999
8161,mall,Makki Complex,74.352377607400001,31.451744716099999
8162,bakery,Gourmet Bakers,74.352391163500002,31.452138567300000
8163,bank,Faysal Bank,74.353187704600003,31.449403149700000
8164,bank,National Bank of Pakistan (NBP),74.352708800000002,31.453910850000000
8165,swimming_pool, ,73.186059955100006,33.520597667899999
8166,wastewater_plant, ,73.130332783399993,33.535699505799997
8167,school, ,73.131513022099995,33.535785452699997
8168,bank,Bank Al Habib,74.351412049999993,31.457641250000002
8169,park, ,67.095559355500001,24.901439920000001
8170,park, ,67.094083100000006,24.901789000000001
8171,park, ,67.094885795300002,24.901907878300001
8172,hostel,Umar Farooq Hostel,71.527985878500004,33.960635998800001
8173,hostel,Abdul Hostel,71.527827715300006,33.960343431799998
8174,school,Islamabad Model College for Boys F-11/3,72.991228034900004,33.688502677400002
8175,park, ,74.280936843999996,31.575345910500001
8176,town_hall,Community Hall,71.836534130000004,36.093038779600001
8177,park, ,72.415218286200002,32.929054841599999
8178,school, ,72.417514096199994,32.928935961000001
8179,school, ,72.417627245099993,32.927350114299998
8180,park, ,72.400102520299995,32.923456828399999
8181,graveyard, ,67.063048676600005,24.842734239500000
8182,graveyard, ,67.058411452300007,24.851092379099999
8183,park, ,67.047316320400000,24.852341995500002
8184,park, ,67.242790663899996,24.834088205099999
8185,park, ,74.384574396100007,31.427864101699999
8186,park,A Block Park,74.385497399900004,31.426888792700002
8187,park,B Block Park,74.383406540999999,31.425735746699999
8188,park,Gilgit Park,67.138357676400005,24.815607401099999
8189,graveyard, ,67.134873473699997,24.812907320000001
8190,park, ,67.147804478200001,24.810944985700001
8191,park, ,67.133624696900000,24.825413219200001
8192,park, ,67.168612528400004,24.826819467300002
8193,park, ,67.172388305699997,24.821884088899999
8194,park, ,67.174416031800007,24.821606795800001
8195,school, ,74.118047956900000,32.427293444000000
8196,college, ,74.118393911799998,32.426027608200002
8197,college, ,74.120004954899997,32.445195772100000
8198,pitch, ,74.147234449199999,32.298307190599999
8199,park, ,67.090754531900004,24.897974453200000
8200,graveyard, ,67.090122569100004,24.959218210900001
8201,bank,Bank Al Habib,74.364498035500006,31.374786224800001
8202,bank,Meezan Bank,74.364506574600000,31.374651898100002
8203,fort,Baghsar Fort,74.206343705199998,33.039615571399999
8204,bank,Sindh Bank,74.364656249999996,31.374011700000001
8205,bank,UBL,74.364707400699999,31.373753600899999
8206,bank,Bank Alfalah,74.364711999999997,31.373625499999999
8207,bank,MCB,74.364760025500004,31.373312894700000
8208,hospital,Civil Hospital,74.344806367999993,32.333826524599999
8209,graveyard, ,67.066811263199995,24.900611702100001
8210,graveyard, ,66.985607946299993,24.976832902300000
8211,park,Hasan Masana Park,67.058610139500004,24.999885303900001
8212,school,Pela School,67.059699647299993,24.995528571299999
8213,park,Ghousul-Azam Mosque Park,67.053507094099999,24.993258986200001
8214,park,Begum Anjum Shaheed Park,67.052799965299997,25.001782899799998
8215,park,Lal Qila Park,67.053820361600003,24.987245490700001
8216,park,Family Park,67.056866701999994,24.987752142400002
8217,pitch,Pak Folks Cricket Field,67.060130295099995,24.987931528699999
8218,school,Shabbir Govt Girls & Boys Elementary School,67.062269210300002,24.988041612100002
8219,park,Parda Park,67.062512744100005,24.991183867699998
8220,park,Parwaz Shaheed Park,67.063211069999994,24.991225640500002
8221,park,5C-1 Park,67.056998311399994,24.990874164200001
8222,school,White House Grammar School,67.058113703600000,24.990927550399999
8223,school,Government Primary School,67.053530113500003,24.989676102200001
8224,park,PK Park,67.053996418099999,24.982199513800001
8225,school,Programmer Foundation School,67.054052929899996,24.981211068699999
8226,playground,Sector Playground,67.057297146099998,24.976922735599999
8227,school,Ali Ali Secondary School,67.058074807400004,24.976962322300000
8228,school,Seemab Academy,67.058902072199999,24.976850444000000
8229,school,Government College for Women,67.059624810000003,24.977992956200001
8230,park,Akhuwat Park,67.064170786500000,24.977871166300002
8231,school,Government Degree College,67.068542429999994,24.977472714800001
8232,hospital,Sindh Government Hospital New Karachi,67.070461363299998,24.973102027400000
8233,school,Sitara Haidri School,67.075788707800001,24.979065495499999
8234,school,Dhaka Secondary School - Campus 3,67.069858499199995,24.980415854800000
8235,park,Haq Parast Family Park,67.069064295100006,24.980376735699998
8236,park, ,67.067903742400006,24.998922473200000
8237,park, ,67.068161046499995,24.996622148600000
8238,graveyard, ,66.995688564800005,24.996249775799999
8239,graveyard, ,66.948460801200000,24.958484519500001
8240,park, ,67.171513184000005,24.832127991099998
8241,park, ,67.179674169699993,24.835409496499999
8242,graveyard, ,67.168638795500001,24.828237575599999
8243,park,Imran Shaheed Park,67.183679617699994,24.838375321699999
8244,graveyard, ,66.962875552200003,24.965110050500002
8245,park, ,74.221197347699999,31.410494896800000
8246,park, ,74.221024339799996,31.408977974799999
8247,park, ,74.224306491899995,31.409110270100001
8248,park, ,67.076053822800006,24.964424413500002
8249,graveyard, ,66.951724089899997,24.951089536200001
8250,graveyard, ,67.089008942600003,25.008860687999999
8251,park, ,67.073463552800007,25.030050093100002
8252,park,Babri Park,74.402698914699997,31.557589077700001
8253,park, ,74.402181418599994,31.559730712899999
8254,park, ,74.403964976300003,31.559356549400000
8255,school,Special Education School,74.399602566300004,31.558886509400001
8256,school,Govt School Tajpura,74.402654691999999,31.556887208900001
8257,park,Bismillah Park,74.399627597999995,31.557833168799998
8258,park,Jamal e Mustafa Park,74.399504995900003,31.556679110400001
8259,school,Govt Boys High School Tajpura Scheme,74.405272570099996,31.557866695300000
8260,park,Amna Park,74.399247134099994,31.559686939500001
8261,park,A Block Park,74.399744434300004,31.560263846600002
8262,police,Ghaziabad Police Station,74.403131487699994,31.558532095800000
8263,bank,Allied Bank,74.355597941900001,31.435504543000000
8264,park,Saroba Garden Park,74.354925017400006,31.433930071399999
8265,supermarket,One Stop Supermarket,74.355657118300002,31.434587704700000
8266,park, ,74.352388584200000,31.435770311300001
8267,bank,Bank Alfalah,74.351060622600002,31.458683810000000
8268,shoe_shop,Bata,74.351861638299994,31.458621719200000
8269,bank,MCB,74.350154230699999,31.460896234800000
8270,hotel,Marvel Hotel,74.356636019800007,31.473925297499999
8271,sports_centre,Karachi Race Course,67.164305745299998,24.933510397500001
8272,park, ,67.167969978100004,24.926166566500001
8273,bank,Bank Al Habib,73.067916161400007,33.539019460100000
8274,restaurant,Askari Club,73.064150772399998,33.542857070799997
8275,department_store,CSD Department,74.352916314500007,31.467981156299999
8276,supermarket, ,74.167742632900001,31.425302148499998
8277,park, ,74.369181856099999,31.437838757700000
8278,park,Dr. Muhammad Tariq Park,67.356495528400004,24.869747107700000
8279,school, ,67.001607932100001,24.877338814800002
8280,police,Kalakot Police Station,67.002987267699993,24.878026367200000
8281,community_centre, ,66.998256310800002,24.865377413699999
8282,police,Napier Police Station,67.000748068500002,24.861487911800001
8283,graveyard, ,67.019427507100005,24.885580959999999
8284,school,Gabol Govt Primary School,67.006659421799995,24.873040916000001
8285,school, ,67.000728862399995,24.867086625100001
8286,park, ,73.013187360100005,33.682082009600002
8287,park, ,72.984848680200002,33.678825529199997
8288,school,Government Boys Polytechnic Institute,66.996449514399998,24.860255560399999
8289,college,Haji Abdullah Haroon Goverment College,66.991656483000000,24.856725634899998
8290,school,Mazhar-ul-Uloom Govt Girls Primary & Secondary School,66.991978382599996,24.856074087100001
8291,school,TCF School - Cowasjee Campus,66.987458978000006,24.862114438500001
8292,park,Bagh-e-Lyari,66.989165353900006,24.862618354900000
8293,community_centre,Loharwada Welfare Community Centre,66.983207552799996,24.867944337800001
8294,hospital,Benazir Shaheed ANF MATRC,66.982518818399996,24.867733078200001
8295,school,Rotary Club of Karachi PN Model School,66.978510344100002,24.871355242300002
8296,school,Ghulaman-e-Abbas School,66.977661701100004,24.870684495900001
8297,park,Al-Madina Park,66.994665111000003,24.875369525299998
8298,school,CDGK Girls & Boys Primary School,66.995726173500003,24.878404513600000
8299,school,Govt. Technical College For Woman Lyari3,66.992651273800007,24.872167606800001
8300,school,S.Muhammad Din School,66.993134650800002,24.872872915999999
8301,school,Mir Ayub Girls College,66.995841578599993,24.859261508399999
8302,school,Jangal Shah College,66.980895739000005,24.825058926099999
8303,park, ,73.061512344999997,33.696263160599997
8304,park, ,73.080990727400007,33.706055430399999
8305,park, ,73.079651553700003,33.706512621000002
8306,park, ,73.078370203700004,33.709541481899997
8307,park, ,73.077693640199996,33.708991553399997
8308,park, ,73.075585916700007,33.711795738200003
8309,park, ,73.076616422399994,33.711662721400003
8310,park, ,73.073281654799999,33.714804881299997
8311,hospital,Sindh Services Hospital,67.012643063799999,24.858163970400000
8312,mall, ,67.013374478800003,24.858696857900000
8313,school,Nabi Bagh Government Degree College,67.021377459299998,24.860753416900000
8314,school,Government Karachi College for Women,67.010706564600000,24.861050208500000
8315,school,Marhatta High School,67.012187385399997,24.862288394000000
8316,hospital,Eid Gah Maternity Home,67.015261920000000,24.860568638299998
8317,school,Government College,67.017532349299998,24.862229915000000
8318,cinema,Rino Cinema,67.023627479699996,24.866434217599998
8319,hospital,ISM Hospital,67.023882432600004,24.866652659900002
8320,university,IBA City Campus,67.025209771500002,24.866919155800002
8321,university,Ida Rieu School for Visually Impaired,67.036639958199999,24.871929115400000
8322,school,Government Girls Secondary School,67.037509229700007,24.870498088400002
8323,school,Government Girls Primary School No. 3,67.037892299999996,24.869988028600002
8324,school,St. Patrick's High School,67.034686421399996,24.863037703100002
8325,school,Islamia Girls College,67.035242102599994,24.864151973999999
8326,school,Govt. Technical High School,67.036415599099996,24.864020822400001
8327,attraction,Islamabad Viewpoint,73.053740838500005,33.739745309600004
8328,attraction,Daman-e-Koh,73.055644028700002,33.739308215500003
8329,park, ,73.071420718900001,33.717258321000003
8330,university,Indus Valley School of Art and Architecture,67.015538281999994,24.811596918300001
8331,school,Bay View Junior School,67.009469554899994,24.812243674400001
8332,park,Khan Park,67.010075409600006,24.812724196100000
8333,park,Clifton Public Park,67.010800243700004,24.813411970499999
8334,pitch,Karachi United,67.001401038300003,24.813956880199999
8335,hospital,Karachi Port Trust Hospital,66.981226751799994,24.826832285199998
8336,hospital,Karwan-e-Hayat Hospital,66.982575471299995,24.827138192400000
8337,hospital,Ziauddin Hospital - Keamari,66.982581698399997,24.825859270700001
8338,park, ,67.016552705300001,24.811810847200000
8339,school,Karachi Grammar School -Junior Campus,67.023299555899996,24.819649367099998
8340,school,Goethe Institute,67.027843959199998,24.845183083900000
8341,sports_centre,Karachi Club,67.029417418099996,24.844158399600001
8342,school,Karachi High School,67.030362726299998,24.844550532800000
8343,hotel,Marriot Hotel,67.031069588899996,24.846233214100000
8344,hotel,Pearl Continental Hotel,67.025153608899998,24.847416479300001
8345,park,CBC Park,67.037410327700002,24.824930088500000
8346,park,Duck Pond Park,67.042406900000003,24.824021966699998
8347,park,Park 9,67.043223296600004,24.820300791600001
8348,park,Park 8,67.042061133299995,24.820356900000000
8349,school,"Govt Girls Degree College, Zamzama",67.039640181799996,24.815874430499999
8350,school,Society for the Rehabilitation of Special Children,67.037061330200004,24.871007896399998
8351,park,Kutchi Memon Park,67.073889279799999,24.884613158200001
8352,park,Kamal Park,67.077967670700005,24.877166665099999
8353,park,DMCHS Park,67.074616723899993,24.871798784300001
8354,park, ,67.198545610400004,24.900936387500000
8355,ruins, ,73.242478872500001,34.169342786500003
8356,park,Family Park,67.055364126300006,24.927512468400000
8357,park,Triangle Park,67.126261499999998,24.927039066700001
8358,graveyard, ,73.076737940800001,33.616563582700003
8359,pitch, ,73.083648408599998,33.564255395200000
8360,pitch, ,73.086227214600001,33.562562380899998
8361,pitch, ,73.082328835799999,33.564552759100003
8362,pitch, ,73.081952118000004,33.564702897700002
8363,school,Mama Parsi Girls Secondary School,67.020690019499995,24.863372784399999
8364,mall,Gemini Shopping Plaza,67.025732409699998,24.861925804199998
8365,school,School for Mentally Handicapped,67.030742102100007,24.855006817000000
8366,school,Karachi Grammar School - Middle School,67.028367137399997,24.864875629200000
8367,pitch, ,67.033139310400003,24.862509258399999
8368,sports_centre,Katrak Swimming Bath,67.037451936500005,24.862785357000000
8369,swimming_pool, ,67.037601245000005,24.861837080499999
8370,school,Trinity School,67.033170012499994,24.850584035400001
8371,graveyard, ,67.011984267800003,24.962082811300000
8372,pitch, ,67.030435578999999,24.852092495600001
8373,school,Trinity College,67.030133236400005,24.853598914799999
8374,school,Government Boys School - Jacob Lines,67.032625417199995,24.865444314000001
8375,hospital,National Institute of Cardiovascular Diseases,67.039956661199994,24.852992535100000
8376,hospital,Cantonment General Hospital,67.040960771200005,24.861118449799999
8377,cinema,Capri Cinema,67.028907280200002,24.868151509000000
8378,hospital,7th Day Adventist Hospital,67.027614867500006,24.866183544199998
8379,cinema,Prince Cinema (disused),67.025459569199995,24.865925119500002
8380,cinema,Nishat Cinema,67.025262243100002,24.865661910499998
8381,park,KPSIAJ Family Park,67.034568077900005,24.873956410300000
8382,prison, ,73.882626126500000,33.508528852300003
8383,university,St. John's Homeopathic Medical College,67.029092692800006,24.863944409700000
8384,hospital,Parsi General Hospital,67.028529871600000,24.863582029000000
8385,fire_station,Saddar Fire Station,67.029680117300003,24.863660060000001
8386,mall,Noman Shopping Centre,67.030707398900006,24.861944936099999
8387,mall,Paris Market,67.030432977600000,24.861895817000001
8388,college,St Patrick's College,67.033649004099999,24.861958684299999
8389,park, ,67.032628638700004,24.861229259500000
8390,mall,China Shopping Mall,67.028171017899993,24.857102636600001
8391,pitch, ,67.035369333099993,24.859949189100000
8392,ruins, ,73.242601172600004,34.169268977199998
8393,ruins, ,73.242326799599994,34.169150783500001
8394,ruins, ,73.242415464199993,34.169016665400001
8395,ruins, ,73.242758552799998,34.169481981700002
8396,park,"Central Park, PUEHS Town-1",74.241331006300001,31.454031707599999
8397,park, ,74.457255060400001,31.420069835600000
8398,park, ,74.314348763599995,31.438539883099999
8399,park, ,74.314514202699996,31.443315985400002
8400,park,Ali Park,74.312596832200001,31.443391179799999
8401,park,Sheer Ali Swings and SlidesPark,74.311630568799998,31.442687441299999
8402,park,Boharr Wala Park,74.311286396100002,31.441037451300001
8403,college, ,74.411630523800000,35.900084043600003
8404,school, ,74.370064898500004,35.958941169799999
8405,school, ,74.240299122400003,35.926696993599997
8406,school, ,74.208659239100001,35.957687092800001
8407,school, ,74.117428615099996,35.940124163699998
8408,school,Diamond Jublee School (Prince Abad Property),74.389448482000006,35.913546014600001
8409,camp_site,Prince Abad Jamat Khana Property,74.390045095600001,35.912780676799997
8410,school,Islamabad Model College for Boys,73.060270419099993,33.707572110000001
8411,water_tower, ,73.058995994900002,33.707770598800003
8412,water_tower, ,73.061831062899998,33.708883149899997
8413,school,Islamabad Junior Model School,73.063108544700000,33.709655094299997
8414,park,Rafiq Chohan Park,67.016082833300004,24.864114633300002
8415,graveyard, ,74.618657313300005,32.089732371300002
8416,school, ,74.619401706700003,32.086395778899998
8417,school, ,74.619312935799996,32.086513487399998
8418,school, ,74.619129386200001,32.086166361200000
8419,school, ,74.619093334200002,32.085975047399998
8420,hospital,Anklesaria Eye Hospital,67.031100648600003,24.872746941500001
8421,community_centre,Iranian Cultural Centre,67.032930285199996,24.842062929000001
8422,library,Bedhwar Library,67.030022385899997,24.871872972300000
8423,community_centre,Sheikh Rehmat Ali Community Center,67.036021923600003,24.875517238099999
8424,library,Imam Khomeini Library,67.035849304400003,24.877276832800000
8425,park, ,67.041697387200003,24.819319693600001
8426,school,Junior Model School,67.035146861100003,24.835248221299999
8427,community_centre,Mehran Centre,67.035014027000003,24.829907712099999
8428,school,Citizen Public School,67.036000935999994,24.837522782000001
8429,park, ,73.043352117400005,33.635748442699999
8430,park,Allama Iqbal Park,73.041818946800007,33.636271919199999
8431,park,Khayaban e sirsyed Playground,73.045036408000001,33.635895530200003
8432,university,Cedar College,67.039080647899993,24.827399389100002
8433,college,Karachi Grammar School - College Campus,67.025535413499995,24.823514727999999
8434,hospital,Kamal Hospital,67.033219860700001,24.852829063500000
8435,school,Saifiyah Boys School,67.009239383199997,24.852370173000001
8436,hospital,Rafique Shaheed Hospital,67.008591471700001,24.851446627800001
8437,hotel,Hotel Jabees,67.027533794600004,24.858084760699999
8438,hospital,Skin Hospital,67.024737141000003,24.861183727800000
8439,police,Artillery Maidan Station,67.023394236399994,24.851993275500000
8440,hospital,South City Hospital,67.022381897000002,24.814108201900002
8441,park, ,67.023204556799996,24.813240095499999
8442,school,Anjuman Qamar ul Islam,67.014769259600001,24.811857515300002
8443,school,Clifton Cambridge School,67.033297558000001,24.828228447200001
8444,school,YWCA School,67.020059903700002,24.862948558900001
8445,community_centre,Anjuman-e-Muslim Khawateen Centre,67.017570551399999,24.863074414200000
8446,park,Tikon Park,67.013381199999998,24.855617066699999
8447,school,JMA School,67.021802420499995,24.859254573299999
8448,guesthouse,Nights Inn Guest House,67.037950197699999,24.829070359599999
8449,school,Nasra School,67.027449069400006,24.869495804400000
8450,shelter,IGIS Shed,72.988614949899997,33.645194094600001
8451,pitch,fazl e umar hockey club,72.908691080300002,31.755285593400000
8452,stadium,Naimat Stadium,75.158433790700002,32.270757871999997
8453,pitch,Basket Ball Court,72.989611201700001,33.645477452100003
8454,park,Pearl Lawn,71.482741636599997,34.004725712000003
8455,school,Escribir College,67.036163839300002,24.828900027800000
8456,university,College of Physicians and Surgeons of Pakistan,67.058781768299994,24.837557790700000
8457,park, ,67.037242568400004,24.821584212899999
8458,park,Deeranuna,71.820236192099998,34.494465354900001
8459,bank, ,67.017945256199994,24.851063160300001
8460,theatre, ,67.027965743199999,24.862571507199998
8461,school,Saint Joseph College for Women,67.034129325500004,24.860389862900000
8462,pitch, ,67.004991783899996,24.845595228600001
8463,swimming_pool, ,73.125810549999997,33.729618250000001
8464,pitch, ,73.125588649999997,33.729353500000002
8465,bar, ,66.994323156700005,24.854268650400002
8466,playground, ,73.068267398299994,33.712304688600000
8467,pitch, ,72.980064538799994,33.683674637099998
8468,bank,Standard Chartered,73.053065463300001,33.594331502599999
8469,supermarket,CSD,73.054236094499998,33.585559496599998
8470,museum,Army Museum,73.054289680300002,33.586577119700003
8471,park, ,69.689407311500005,28.194376258999998
8472,park, ,69.713474687499996,28.206020000599999
8473,park, ,69.713909257599994,28.205725764600000
8474,college,Pakistan Institute of Tourism & Hotel Management,67.030593440800004,24.806512388900000
8475,hospital,Naval Central Surgery,67.029869635699995,24.846100695499999
8476,school,Ramswami Government School,67.016605045600002,24.866215705799998
8477,hospital,Karachi Police Hospital,67.018979872800003,24.866931494799999
8478,school,Habib Girls School,67.023830832200005,24.869128707000002
8479,school,Mehr-e-Neem Govt. School,67.026539256500001,24.870059640200001
8480,park,Cricket Ground,73.051770600300003,33.695730106200003
8481,water_tower, ,73.055042477399994,33.701347683599998
8482,water_tower, ,73.049172679199998,33.702557696500001
8483,hospital,OMI Hospital,67.026198291399993,24.867751818300000
8484,doityourself,Zeeshan Shope,67.249437193500000,24.922267438900001
8485,pitch,Falcon Football Ground,73.063724526499996,33.706643174699998
8486,supermarket,AMANULLAH,69.389724559900003,25.349767068399998
8487,supermarket,Gulam Sarwar,69.389173820699995,25.349678100599998
8488,graveyard,سندهووالى قبرستان,73.072275381200001,29.879551795899999
8489,castle,Empty Palce,67.249139359799997,24.922048746700000
8490,supermarket,Kanji Shop,69.388299079099994,25.350093105599999
8491,graveyard, ,68.210341875799998,27.541892253600000
8492,park, ,67.733440071000004,27.026918226300001
8493,supermarket,Kalroo,69.388875751499995,25.348820935500001
8494,park,Al-Manzar Park,67.128795135399997,25.009379078500000
8495,college,"Army Burn Hall College for Girls(senior), Abbottaabad",73.227233820500004,34.165731666100001
8496,school,Bahria Town Girls School & College,74.185045111700006,31.380928669399999
8497,hotel,Bismillah Hotal Qalandar Basti,67.247466582399994,24.925348989600000
8498,hospital,BHU Daggar Rehtas,71.160818073800002,31.642792129899998
8499,hotel,12th Avenue,74.237821783599998,31.469560618399999
8500,park,Rufi Homes Park,67.151295741799998,24.941937090600000
8501,police,Police Choki,67.246973775100003,24.925486955000000
8502,university,Dow University of Health Sciences (Ojha Campus),67.141946124599997,24.943751671800001
8503,park,Mustafa Park,67.014821464099995,24.943351851199999
8504,graveyard, ,67.107146042799997,25.063324121499999
8505,park, ,67.160063221200005,24.962624707400000
8506,college,Government Girls Degree College,66.980170448099997,24.958662715599999
8507,pitch,IAK Sports Academy,66.984820052299995,24.945072653299999
8508,school,GOVT. HIGH SCHOOL,72.319044899000005,30.335731072700000
8509,pharmacy,Pharmacy shop,67.249745945499996,24.924025032900001
8510,pharmacy,Pharmacy,67.249803071000002,24.923698776199998
8511,graveyard,Cemetery Sayedan,74.136420851099999,32.408049386700000
8512,tourist_info,Friends Tours & Travels,74.352530729700007,31.531254024300001
8513,hotel,Tea Hotal,67.247959464700003,24.922721959899999
8514,hairdresser,Hairdresser,67.247980132400002,24.922696199200001
8515,pitch, ,71.683571700000002,29.405554949999999
8516,pitch, ,71.682451316799998,29.405149406700001
8517,pitch, ,71.683697138400007,29.393912910400001
8518,zoo,Bahawalpur Zoo,71.681615056200002,29.402504380600000
8519,sports_centre, ,71.691094024899996,29.389618309300001
8520,graveyard, ,71.678707203000002,29.403405501799998
8521,pitch, ,71.684660502300005,29.393500553199999
8522,pitch, ,71.685364194800002,29.405854271700001
8523,park, ,71.673137373800003,29.397046375399999
8524,school,SMART School - Garden West Campus,67.017690882200000,24.877001873499999
8525,school,CDGK Sartaj Bano School of Midwifery,67.034083344600006,24.876522938800001
8526,community_centre,Gul-e-Raana Comunity Centre,67.040197624200005,24.879815987200001
8527,park, ,67.043768502999995,24.877117309900001
8528,college,Saint Lawrence Girls College,67.042510923600005,24.879715678099998
8529,college,Adamjee Science College,67.036433691300005,24.882319413200001
8530,hospital,Hope Hospital,67.039707970699993,24.880578762999999
8531,park,Gol Park,67.028206958599995,24.835265536300000
8532,school,Citizens Public School,67.025581646500001,24.835156572500001
8533,park,Park,67.246465475799994,24.924946727799998
8534,sports_centre,Prototype Gymnasium,70.322605864699995,28.427624382699999
8535,fast_food,Hen Farm,67.245650946900000,24.920551761900001
8536,school,BeaconHouse School Systems,70.335720828500001,28.379809375200001
8537,park, ,74.293235147100006,31.561934308100000
8538,sports_centre, ,70.322682284199999,28.427039045899999
8539,graveyard, ,74.237533778400007,31.480757440100000
8540,graveyard, ,74.238779536999999,31.481267861399999
8541,graveyard, ,74.394681936300003,31.601082317100001
8542,park,Asghar Park,74.393383978599999,31.597273448900001
8543,park, ,74.364622062199999,31.591137943000000
8544,park, ,74.363750584700000,31.591074662400001
8545,graveyard,Madni Cemetery,74.360093112100003,31.592605913300002
8546,graveyard, ,74.399032999900001,31.597020871500000
8547,park,Mianwali Ground,74.393945465599998,31.572394622699999
8548,graveyard, ,74.388272984099999,31.574496346200000
8549,graveyard, ,74.389507963400007,31.575367769400000
8550,graveyard,Pir Abdul Rehman Cemetery,74.389927117900001,31.575921419899998
8551,school,WAPDA High School,74.387981578300000,31.592250977900001
8552,park,Queen Victoria Park,74.325530214400004,31.562531983300001
8553,park,Bri Park,74.362813278499999,31.598631516400001
8554,park,Aqsa Park,74.362654988299994,31.604231649100001
8555,school,Governmentt Boys School,74.361563918200005,31.602351560900001
8556,park,Faisal Park,74.359446283899999,31.603794236199999
8557,graveyard,Pir Ronki Cemetery,74.338546089499999,31.607621319700002
8558,park, ,74.336887119300002,31.596483027100000
8559,park,Nazim Abad Park,74.335001556400002,31.595698752499999
8560,park, ,74.338832478399993,31.595447327300000
8561,park, ,74.339064180500003,31.593689975299998
8562,park,Shamshad Park,74.341848490700002,31.592900925599999
8563,park,Shafi Park,74.339429267599996,31.589681430399999
8564,park,Makhanpura Park,74.347931311200000,31.594100740900000
8565,school,City District Government Boys High School,74.347700677800006,31.594585250800002
8566,park, ,74.352054492199997,31.592986535000001
8567,park,Sher Singh Baradari Park,74.355193040100005,31.594353528399999
8568,hospital,Bhatti Hospital,74.354338309200003,31.594533197400001
8569,graveyard, ,74.425383340200000,31.585344705299999
8570,graveyard, ,74.411278450099999,31.594213208700001
8571,fast_food,KFC,70.332765005900001,28.393288363800000
8572,police,Naulakha Police Station,74.333693944399997,31.578337211099999
8573,hospital,Government Nawaz Sharif Hospital,74.329636386100006,31.573864653400001
8574,police,Lower Mall Police Station,74.307415119100000,31.576043731199999
8575,park,Mori Gate Park,74.310772226599994,31.577613351099998
8576,park,Azad Park,74.316653939099993,31.574561712600001
8577,school,Sardar High School,74.353762039599999,31.556274067899999
8578,school,Government Urdu Medium School - Garhi Shahu,74.355422582000003,31.556070052500001
8579,university,Jamia Manzoora-tul-Islamia,74.372932825199996,31.549487279699999
8580,school,Girls Urdu College,74.371890015999995,31.549945725000001
8581,school,FG Boys High School Number 1,74.373818978100005,31.549562253900000
8582,park,Goli Bagh,74.378199241199994,31.544082600500001
8583,school,Govt. Islamia Girls College,74.378778471199993,31.542507530599998
8584,hospital,Safia Hanif Trust Hospital,74.383653598400002,31.546388055700000
8585,hospital,Cantonment Board General Hospital,74.382499576100003,31.546491970500000
8586,school,Govt.Islamia High School,74.380428630300003,31.546551279599999
8587,school,Garrison Academy for Girls,74.381772081199998,31.540533214600000
8588,hospital,Combined Military Hospital,74.371918048100000,31.541526994200002
8589,school,F.G. Model High School for Girls,74.376679767900001,31.542594956399999
8590,school,Cantonment School for Boys,74.376724048000000,31.543549891500000
8591,school,Islamia High School for Girls Lahore Cantt,74.378497065000005,31.546421468799998
8592,community_centre,Gol Bagh Community Centre,74.377965282000005,31.545029511900001
8593,school,Garrison Junior School,74.377636499600001,31.523092168800002
8594,school,Garrison Boys High School,74.380544299500002,31.524304076000000
8595,school,Saint Joseph's School,74.383310072699999,31.531954537200001
8596,school,Azam Garrison School and College,74.381458792800004,31.534494442400000
8597,school,Army Public High School,74.381144766500000,31.536581452800000
8598,school,Government Degree College,74.319850593300004,31.573295329000000
8599,park,Ahmed Din Park,74.293304707999994,31.566698962099998
8600,park,Munnu Bhai Park,74.303433951599999,31.558251582000000
8601,park, ,74.303867712599995,31.559628894100001
8602,school,Deaf Model High School For Girls,74.302352680200002,31.557084698099999
8603,college,Saint Peter's College for Women,74.320502303599994,31.549894187200000
8604,park, ,74.330995123099996,31.527422298899999
8605,hospital,Mian Munshi Hospital Lahore,74.287692392099999,31.576363238199999
8606,park,Madina Masjid Park,74.300327199999998,31.586924033300001
8607,park,WAPDA Garden,74.301479661499997,31.588287588299998
8608,park,Shahjahan Street Park,74.300403479899998,31.588517253900001
8609,park,Awais Bhatti Park,74.301406421699994,31.592467937700000
8610,park, ,74.347396283500004,31.408731143499999
8611,fountain, ,74.305201726199996,31.538360037899999
8612,pitch, ,74.304330253100005,31.538876661400000
8613,pitch, ,74.304900349999997,31.538914250000001
8614,park, ,74.304709074399995,31.541970148800001
8615,park, ,74.303946509699998,31.534488462199999
8616,park, ,74.302787639200005,31.534533855900001
8617,park, ,74.307277734799996,31.537555757700002
8618,park, ,74.309540585400001,31.534480530000000
8619,park, ,74.308681887600002,31.534734112199999
8620,graveyard,Khokhran wala Qabristan,74.657867431000000,32.262000829800002
8621,hospital,Tehsil Headquarter Hospital,74.653059375500007,32.263678502300003
8622,college,Govt Degree College for Women,74.649373435399994,32.264984412200000
8623,school,Government Elementary School,74.656622924900006,32.265336938799997
8624,graveyard,Qabristan,74.665502950100006,32.267194184799997
8625,school,Govt High School No 1,74.666135458900001,32.271624784600000
8626,college,Degree College for Boys,74.664427088400004,32.272231723300003
8627,park,Pasrur Muncipal Park,74.657382212700000,32.257039049699998
8628,school,Christian Girls School,74.655480224100003,32.260928409700000
8629,graveyard, ,71.745110174499999,34.144989139600000
8630,graveyard, ,71.761558144500000,34.176471249400002
8631,graveyard, ,71.754149748600000,34.163373794400002
8632,graveyard, ,71.582057113499999,34.002725392700000
8633,graveyard, ,71.581970898899996,34.001976280400001
8634,monument,Gor Khatri,71.580946783900004,34.008574148800001
8635,graveyard, ,71.596163250700002,34.006652794099999
8636,park,Sheikabād Park -1 / شیخ آباد پارک,71.588376640400000,34.007722982399997
8637,park, ,71.586555825000005,34.006907529700001
8638,hospital,Parking Area,70.316136350400001,28.418997876700001
8639,track, ,73.165671395499999,33.530147412799998
8640,park, ,73.165250818999993,33.530200137100003
8641,furniture_shop,Mughal Wood Works,74.653678718199998,32.258809847700000
8642,school,Army Public School & College,70.318090275100005,28.409094661800001
8643,car_wash, ,73.074620548799999,33.588396315799997
8644,water_well, ,73.074140285799999,33.589025447700003
8645,cafe,Al majeed,67.058202946300000,24.887890594900000
8646,hospital,dr aijaz,67.063390103499998,24.849155570899999
8647,university,The Millennium Universal College,74.459118237499993,31.470167456399999
8648,hostel,hospital,67.146835740200004,24.861057387900001
8649,cafe,cafa imran,67.146524957500006,24.860831035600000
8650,park, ,67.092840233100006,24.899407616500000
8651,hotel,DMS hotel,67.120730209000001,24.938538810000001
8652,library,Karachi university library,67.120866505199999,24.939379906999999
8653,hospital,Bakht Bhari Hospital,67.073187179200005,24.843724239899998
8654,hospital, ,71.878789025700002,35.202453421700000
8655,pitch, ,71.874761056400004,35.199715585100002
8656,fast_food,Burger King,73.096517046800003,33.525645687000001
8657,fast_food,Hardee's,73.097386372599999,33.525296609700000
8658,fast_food,KFC,73.097563803800000,33.526038583000002
8659,restaurant,Kallisto,73.089943957000003,33.523596213799998
8660,park,Linear Park,73.121094752999994,33.521212304999999
8661,college,Roots Ivy University College,73.131867008399993,33.529737877599999
8662,college,Concordia College DHA Campus,73.132944879500002,33.529301028699997
8663,school,Headstart School GT Road Branch,73.133288023999995,33.529123138300001
8664,school,The City School DHA Campus,73.134379026900007,33.528500010199998
8665,school,Roots Internation Schools Richmond Campus,73.134610889900003,33.528322131700001
8666,school,City School,73.134843953599997,33.528209830900003
8667,park,Badar Ground,67.366093927600005,24.872968748000002
8668,school,B.P.W school,67.072418069099996,24.842766735600001
8669,university,Lahore Grammar School Phase V,74.393826948500006,31.465671659200002
8670,mall,Mall 94,74.346259849600003,31.518512616300001